date,population,plant,hand_area_cm2,area_cm2,area_cm2_otsu_chroma,pct_diff_hand_vs_auto,ratio_hand_to_auto
3/26/25,Percos,1,14.783,13.6121,13.6121,-7.9,1.09
3/26/25,Percos,2,12.378,11.9942,11.9942,-3.1,1.03
3/26/25,Percos,3,18.692,18.2419,18.2419,-2.4,1.02
3/26/25,Percos,4,15.036,14.8705,14.8705,-1.1,1.01
3/26/25,Percos,5,19.562,18.7846,18.7846,-4.0,1.04
3/26/25,Percos,6,15.873,15.5577,15.5577,-2.0,1.02
3/26/25,Percos,7,13.133,13.3258,13.3258,1.5,0.99
3/26/25,Percos,8,14.617,14.7365,14.7365,0.8,0.99
3/26/25,Percos,9,11.986,11.5209,11.5209,-3.9,1.04
3/26/25,Percos,10,16.981,16.8527,16.8527,-0.8,1.01
3/26/25,Percos,11,18.202,18.3932,18.3932,1.1,0.99
5/23/25,Pt. Conception,13,3.656,3.5821,3.5821,-2.0,1.02
5/23/25,Pt. Conception,13,2.883,2.6628,2.6707,-7.6,1.08
5/23/25,Pt. Conception,13,3.749,3.4891,3.5821,-6.9,1.07
5/23/25,Pt. Conception,13,2.707,2.4267,2.4941,-10.4,1.12
