image_path,method,region_id,dpi,dpi_cm_per_pixel,ruler_cm_per_pixel,ruler_tick_period_px,ruler_confidence,ruler_strip_orientation,ruler_strip_coord,scale_pct_diff,scale_flag,image_height_px,image_width_px,orientation_upright,orientation_confidence,orientation_note,n_regions_in_image,area_px,area_cm2,major_axis_length_cm,solidity,eccentricity,area_flag,shape_flag,centroid_row,centroid_col,is_primary_candidate,batch
2025_03_26/IMG_20250326_0001.png,otsu_chroma,1,299.9994,0.008467,0.008333,12,0.969,vertical,945,-1.58,OK,2710,1500,True,0.0406,label block centroid row=141 of 2710,1,189889,13.6121,4.394,0.956,0.3914,OK,OK,1828.1,532.1,True,resolved
2025_03_26/IMG_20250326_0002.png,otsu_chroma,1,299.9994,0.008467,0.009091,11,0.962,horizontal,450,7.37,SCALE_MISMATCH,2473,2134,False,0.087,label block centroid row=2306 of 2473,1,167319,11.9942,4.181,0.9767,0.4227,OK,OK,786.6,1113.7,True,resolved
2025_03_26/IMG_20250326_0003.png,otsu_chroma,1,299.9994,0.008467,0.008333,12,0.944,vertical,180,-1.58,OK,1956,2550,False,0.1008,label block centroid row=1779 of 1956,1,254474,18.2419,5.249,0.978,0.482,OK,OK,1066.0,1197.0,True,resolved
2025_03_26/IMG_20250326_0004.png,otsu_chroma,1,299.9994,0.008467,0.008333,12,0.882,vertical,1485,-1.58,OK,1924,1972,False,0.0198,label block centroid row=1747 of 1924,3,207443,14.8705,4.636,0.9873,0.4077,OK,OK,1141.9,809.4,True,resolved
2025_03_26/IMG_20250326_0004.png,otsu_chroma,2,299.9994,0.008467,0.008333,12,0.882,vertical,1485,-1.58,OK,1924,1972,False,0.0198,label block centroid row=1747 of 1924,3,6357,0.4557,13.662,0.6008,1.0,OK,LOW_SOLIDITY_CHECK_OVERLAY,1631.1,686.3,False,resolved
2025_03_26/IMG_20250326_0004.png,otsu_chroma,3,299.9994,0.008467,0.008333,12,0.882,vertical,1485,-1.58,OK,1924,1972,False,0.0198,label block centroid row=1747 of 1924,3,5669,0.4064,11.798,0.5365,1.0,OK,LOW_SOLIDITY_CHECK_OVERLAY,1649.0,647.6,False,resolved
2025_03_26/IMG_20250326_0005.png,otsu_chroma,1,299.9994,0.008467,0.008333,12,0.925,vertical,315,-1.58,OK,1794,2480,True,0.1217,label block centroid row=175 of 1794,1,262045,18.7846,5.084,0.984,0.2535,OK,OK,759.4,1106.1,True,resolved
2025_03_26/IMG_20250326_0006.png,otsu_chroma,1,299.9994,0.008467,0.008333,12,0.911,vertical,405,-1.58,OK,2488,2436,False,0.0767,label block centroid row=2105 of 2488,1,217030,15.5577,4.852,0.9753,0.508,OK,OK,1486.9,745.0,True,resolved
2025_03_26/IMG_20250326_0007.png,otsu_chroma,1,299.9994,0.008467,0.008333,12,0.941,vertical,225,-1.58,OK,2496,2550,False,0.0752,label block centroid row=1900 of 2496,1,185895,13.3258,4.318,0.9542,0.2985,OK,OK,1233.1,1143.9,True,resolved
2025_03_26/IMG_20250326_0008.png,otsu_chroma,1,299.9994,0.008467,0.008333,12,0.932,vertical,270,-1.58,OK,2688,2464,False,0.0765,label block centroid row=1536 of 2688,1,205574,14.7365,4.835,0.9353,0.5329,OK,OK,1055.6,1209.1,True,resolved
2025_03_26/IMG_20250326_0009.png,otsu_chroma,1,299.9994,0.008467,0.008333,12,0.933,vertical,270,-1.58,OK,2688,2550,False,0.0661,label block centroid row=1810 of 2688,1,160716,11.5209,4.037,0.9596,0.2458,OK,OK,1177.7,1487.6,True,resolved
2025_03_26/IMG_20250326_0010.png,otsu_chroma,1,299.9994,0.008467,0.008333,12,0.933,vertical,225,-1.58,OK,2688,2550,False,0.0744,label block centroid row=1583 of 2688,1,235095,16.8527,5.101,0.9848,0.5092,OK,OK,852.2,1271.5,True,resolved
2025_03_26/IMG_20250326_0011.png,otsu_chroma,1,299.9994,0.008467,0.008333,12,0.944,vertical,360,-1.58,OK,2848,2550,False,0.0623,label block centroid row=1534 of 2848,1,256585,18.3932,5.094,0.982,0.3505,OK,OK,1060.4,1432.5,True,resolved
2025_03_26/IMG_20250326_0012.png,otsu_chroma,1,299.9994,0.008467,0.008333,12,0.954,vertical,360,-1.58,OK,2848,2550,False,0.0621,label block centroid row=2048 of 2848,1,273718,19.6214,5.743,0.9343,0.5071,OK,OK,1522.3,1393.1,True,resolved
2025_03_26/IMG_20250326_0013.png,otsu_chroma,1,299.9994,0.008467,0.008333,12,0.922,vertical,405,-1.58,OK,2984,2550,False,0.0081,label block centroid row=2156 of 2984,1,207366,14.865,4.541,0.9808,0.35,OK,OK,1317.7,1579.8,True,resolved
2025_03_26/IMG_20250326_0014.png,otsu_chroma,1,299.9994,0.008467,0.008333,12,0.93,vertical,405,-1.58,OK,3076,2550,False,0.007,label block centroid row=2317 of 3076,1,175524,12.5824,4.177,0.9846,0.3441,OK,OK,970.9,1237.5,True,resolved
2025_03_26/IMG_20250326_0015.png,otsu_chroma,1,299.9994,0.008467,0.008333,12,0.923,vertical,405,-1.58,OK,3080,2550,False,0.0573,label block centroid row=1924 of 3080,1,166924,11.9659,4.212,0.9801,0.4431,OK,OK,1193.0,1299.3,True,resolved
2025_03_28/IMG_20250328_0001.png,otsu_chroma,1,299.9994,0.008467,0.008333,12,0.91,vertical,1800,-1.58,OK,3156,2300,False,0.0361,label block centroid row=1593 of 3156,2,82288,5.8988,2.845,0.9847,0.2855,OK,OK,1308.9,1325.1,True,resolved
2025_03_28/IMG_20250328_0001.png,otsu_chroma,2,299.9994,0.008467,0.008333,12,0.91,vertical,1800,-1.58,OK,3156,2300,False,0.0361,label block centroid row=1593 of 3156,2,4878,0.3497,8.049,0.6126,1.0,OK,LOW_SOLIDITY_CHECK_OVERLAY,1460.2,429.4,False,resolved
2025_03_28/IMG_20250328_0002.png,otsu_chroma,1,299.9994,0.008467,0.008333,12,0.923,vertical,405,-1.58,OK,3009,2307,True,0.0229,label block centroid row=1490 of 3009,1,109163,7.8253,3.376,0.984,0.3941,OK,OK,1325.1,1147.3,True,resolved
2025_03_28/IMG_20250328_0003.png,otsu_chroma,1,299.9994,0.008467,0.011111,9,0.907,vertical,1440,31.23,SCALE_MISMATCH,2144,2550,False,0.0549,label block centroid row=1972 of 2144,2,105774,7.5824,3.294,0.9469,0.3812,OK,OK,1393.6,1570.2,True,resolved
2025_03_28/IMG_20250328_0003.png,otsu_chroma,2,299.9994,0.008467,0.011111,9,0.907,vertical,1440,31.23,SCALE_MISMATCH,2144,2550,False,0.0549,label block centroid row=1972 of 2144,2,8393,0.6016,19.615,0.4958,1.0,OK,LOW_SOLIDITY_CHECK_OVERLAY,1860.6,1235.9,False,resolved
2025_03_28/IMG_20250328_0004.png,otsu_chroma,1,299.9994,0.008467,0.008333,12,0.927,vertical,2115,-1.58,OK,1868,2550,False,0.1067,label block centroid row=1685 of 1868,2,109034,7.8161,3.531,0.9823,0.5571,OK,OK,1149.6,1405.2,True,resolved
2025_03_28/IMG_20250328_0004.png,otsu_chroma,2,299.9994,0.008467,0.008333,12,0.927,vertical,2115,-1.58,OK,1868,2550,False,0.1067,label block centroid row=1685 of 1868,2,8877,0.6363,19.954,0.4872,1.0,OK,LOW_SOLIDITY_CHECK_OVERLAY,1578.7,1049.5,False,resolved
2025_03_28/IMG_20250328_0005.png,otsu_chroma,1,299.9994,0.008467,0.008333,12,0.924,vertical,1035,-1.58,OK,1697,2078,False,0.065,label block centroid row=1305 of 1697,2,107396,7.6987,3.363,0.9694,0.4179,OK,OK,863.8,1643.8,True,resolved
2025_03_28/IMG_20250328_0005.png,otsu_chroma,2,299.9994,0.008467,0.008333,12,0.924,vertical,1035,-1.58,OK,1697,2078,False,0.065,label block centroid row=1305 of 1697,2,10124,0.7257,19.354,0.55,1.0,OK,LOW_SOLIDITY_CHECK_OVERLAY,1171.4,1094.4,False,resolved
2025_03_28/IMG_20250328_0006.png,otsu_chroma,1,299.9994,0.008467,0.008333,12,0.875,vertical,1710,-1.58,OK,1612,1972,False,0.0099,label block centroid row=1418 of 1612,3,117458,8.4199,3.533,0.9811,0.4605,OK,OK,961.6,1450.0,True,resolved
2025_03_28/IMG_20250328_0006.png,otsu_chroma,2,299.9994,0.008467,0.008333,12,0.875,vertical,1710,-1.58,OK,1612,1972,False,0.0099,label block centroid row=1418 of 1612,3,11730,0.8409,18.923,0.5649,1.0,OK,LOW_SOLIDITY_CHECK_OVERLAY,1335.8,937.6,False,resolved
2025_03_28/IMG_20250328_0006.png,otsu_chroma,3,299.9994,0.008467,0.008333,12,0.875,vertical,1710,-1.58,OK,1612,1972,False,0.0099,label block centroid row=1418 of 1612,3,4745,0.3401,11.625,0.5052,1.0,OK,LOW_SOLIDITY_CHECK_OVERLAY,1318.9,1417.0,False,resolved
2025_03_28/IMG_20250328_0007.png,otsu_chroma,1,299.9994,0.008467,0.008333,12,0.921,vertical,2115,-1.58,OK,1852,2240,False,0.0021,label block centroid row=1255 of 1852,3,156288,11.2035,4.016,0.9846,0.3696,OK,OK,921.1,1615.3,True,resolved
2025_03_28/IMG_20250328_0007.png,otsu_chroma,2,299.9994,0.008467,0.008333,12,0.921,vertical,2115,-1.58,OK,1852,2240,False,0.0021,label block centroid row=1255 of 1852,3,12877,0.9231,15.766,0.682,1.0,OK,LOW_SOLIDITY_CHECK_OVERLAY,1584.7,1410.8,False,resolved
2025_03_28/IMG_20250328_0007.png,otsu_chroma,3,299.9994,0.008467,0.008333,12,0.921,vertical,2115,-1.58,OK,1852,2240,False,0.0021,label block centroid row=1255 of 1852,3,8722,0.6252,15.575,0.6084,1.0,OK,LOW_SOLIDITY_CHECK_OVERLAY,1567.1,1399.5,False,resolved
2025_03_28/IMG_20250328_0008.png,otsu_chroma,1,299.9994,0.008467,0.008333,12,0.895,vertical,1800,-1.58,OK,1544,1948,False,0.0039,label block centroid row=1311 of 1544,1,157790,11.3111,4.09,0.9887,0.4615,OK,OK,921.4,1394.7,True,resolved
2025_03_28/IMG_20250328_0009.png,otsu_chroma,1,299.9994,0.008467,0.011111,9,0.957,horizontal,405,31.23,SCALE_MISMATCH,1740,2476,False,0.1145,label block centroid row=1553 of 1740,1,179040,12.8344,4.244,0.9843,0.3012,OK,OK,976.7,1750.0,True,resolved
2025_03_28/IMG_20250328_0010.png,otsu_chroma,1,299.9994,0.008467,0.008333,12,0.918,vertical,1710,-1.58,OK,1633,2093,False,0.0103,label block centroid row=1408 of 1633,1,117252,8.4052,3.602,0.9832,0.517,OK,OK,1025.8,1382.1,True,resolved
2025_03_28/IMG_20250328_0011.png,otsu_chroma,1,299.9994,0.008467,0.008333,12,0.918,vertical,1755,-1.58,OK,1992,2124,False,0.0134,label block centroid row=1712 of 1992,3,112904,8.0935,3.758,0.968,0.641,OK,OK,1057.7,1377.0,True,resolved
2025_03_28/IMG_20250328_0011.png,otsu_chroma,2,299.9994,0.008467,0.008333,12,0.918,vertical,1755,-1.58,OK,1992,2124,False,0.0134,label block centroid row=1712 of 1992,3,6201,0.4445,15.136,0.5387,1.0,OK,LOW_SOLIDITY_CHECK_OVERLAY,1706.8,942.8,False,resolved
2025_03_28/IMG_20250328_0011.png,otsu_chroma,3,299.9994,0.008467,0.008333,12,0.918,vertical,1755,-1.58,OK,1992,2124,False,0.0134,label block centroid row=1712 of 1992,3,5695,0.4082,13.118,0.5636,1.0,OK,LOW_SOLIDITY_CHECK_OVERLAY,1694.3,852.7,False,resolved
2025_03_28/IMG_20250328_0012.png,otsu_chroma,1,299.9994,0.008467,0.008333,12,0.913,vertical,1620,-1.58,OK,1846,2022,False,0.016,label block centroid row=1621 of 1846,3,119292,8.5514,3.628,0.9819,0.4697,OK,OK,787.7,1182.4,True,resolved
2025_03_28/IMG_20250328_0012.png,otsu_chroma,2,299.9994,0.008467,0.008333,12,0.913,vertical,1620,-1.58,OK,1846,2022,False,0.016,label block centroid row=1621 of 1846,3,5243,0.3758,12.335,0.5151,1.0,OK,LOW_SOLIDITY_CHECK_OVERLAY,1567.6,724.0,False,resolved
2025_03_28/IMG_20250328_0012.png,otsu_chroma,3,299.9994,0.008467,0.008333,12,0.913,vertical,1620,-1.58,OK,1846,2022,False,0.016,label block centroid row=1621 of 1846,3,4269,0.306,9.626,0.59,1.0,OK,LOW_SOLIDITY_CHECK_OVERLAY,1528.9,1523.6,False,resolved
2025_03_28/IMG_20250328_0013.png,otsu_chroma,1,299.9994,0.008467,0.006667,15,0.973,horizontal,0,-21.26,SCALE_MISMATCH,1789,2000,False,0.1369,label block centroid row=1617 of 1789,2,50485,3.619,2.272,0.9857,0.3935,OK,OK,1000.8,1429.1,True,resolved
2025_03_28/IMG_20250328_0013.png,otsu_chroma,2,299.9994,0.008467,0.006667,15,0.973,horizontal,0,-21.26,SCALE_MISMATCH,1789,2000,False,0.1369,label block centroid row=1617 of 1789,2,4888,0.3504,11.077,0.5457,1.0,OK,LOW_SOLIDITY_CHECK_OVERLAY,1487.8,1228.1,False,resolved
2025_03_28/IMG_20250328_0014.png,otsu_chroma,1,299.9994,0.008467,0.01,10,0.934,vertical,495,18.11,SCALE_MISMATCH,1264,1968,False,0.4847,label block centroid row=656 of 1264,1,60857,4.3625,2.443,0.9797,0.2341,OK,OK,703.5,1118.6,True,resolved
2025_03_28/IMG_20250328_0015.png,otsu_chroma,1,299.9994,0.008467,0.008333,12,0.91,vertical,1620,-1.58,OK,1780,2008,False,0.0207,label block centroid row=1486 of 1780,1,115008,8.2443,3.339,0.9829,0.2035,OK,OK,1046.5,1315.0,True,resolved
2025_03_28/IMG_20250328_0017.png,otsu_chroma,1,299.9994,0.008467,0.008333,12,0.913,vertical,1350,-1.58,OK,1693,1970,False,0.0405,label block centroid row=1526 of 1693,1,110507,7.9217,3.434,0.9821,0.4501,OK,OK,894.9,795.0,True,resolved
2025_03_28/IMG_20250328_0018.png,otsu_chroma,1,299.9994,0.008467,0.008333,12,0.889,vertical,1620,-1.58,OK,1501,2069,False,0.0985,label block centroid row=1371 of 1501,1,58158,4.169,2.389,0.9611,0.1859,OK,OK,884.0,1265.1,True,resolved
2025_03_28/IMG_20250328_0019.png,otsu_chroma,1,299.9994,0.008467,0.008333,12,0.925,vertical,1845,-1.58,OK,1908,2060,False,0.12,label block centroid row=1738 of 1908,1,142103,10.1866,4.066,0.9777,0.6005,OK,OK,1062.5,854.7,True,resolved
2025_03_28/IMG_20250328_0020.png,otsu_chroma,1,299.9994,0.008467,0.008333,12,0.902,vertical,1845,-1.58,OK,1844,2168,False,0.1195,label block centroid row=1676 of 1844,1,105440,7.5584,3.33,0.8922,0.4289,OK,OK,1091.2,1570.7,True,resolved
2025_03_28/IMG_20250328_0021.png,otsu_chroma,1,299.9994,0.008467,0.008333,12,0.923,vertical,1485,-1.58,OK,1841,1993,False,0.0186,label block centroid row=1633 of 1841,3,89171,6.3922,3.131,0.9839,0.5002,OK,OK,935.7,1162.7,True,resolved
2025_03_28/IMG_20250328_0021.png,otsu_chroma,2,299.9994,0.008467,0.008333,12,0.923,vertical,1485,-1.58,OK,1841,1993,False,0.0186,label block centroid row=1633 of 1841,3,7113,0.5099,13.578,0.6416,1.0,OK,LOW_SOLIDITY_CHECK_OVERLAY,1546.8,640.0,False,resolved
2025_03_28/IMG_20250328_0021.png,otsu_chroma,3,299.9994,0.008467,0.008333,12,0.923,vertical,1485,-1.58,OK,1841,1993,False,0.0186,label block centroid row=1633 of 1841,3,4981,0.3571,8.561,0.6082,1.0,OK,LOW_SOLIDITY_CHECK_OVERLAY,1568.6,426.8,False,resolved
2025_03_28/IMG_20250328_0022.png,otsu_chroma,1,299.9994,0.008467,0.008333,12,0.937,vertical,1755,-1.58,OK,1796,2212,False,0.0997,label block centroid row=1637 of 1796,1,100536,7.2069,3.39,0.9753,0.5741,OK,OK,1163.1,1388.0,True,resolved
2025_03_28/IMG_20250328_0023.png,otsu_chroma,1,299.9994,0.008467,0.009091,11,0.896,vertical,1665,7.37,SCALE_MISMATCH,1720,2368,False,0.0832,label block centroid row=1545 of 1720,1,90162,6.4632,3.107,0.9786,0.4765,OK,OK,1132.3,1184.0,True,resolved
2025_03_28/IMG_20250328_0024.png,otsu_chroma,1,299.9994,0.008467,0.008333,12,0.957,horizontal,765,-1.58,OK,1817,2350,True,0.0035,label block centroid row=893 of 1817,1,79812,5.7213,3.152,0.9767,0.6683,OK,OK,1115.6,1183.0,True,resolved
2025_03_28/IMG_20250328_0025.png,otsu_chroma,1,299.9994,0.008467,0.008333,12,0.934,horizontal,855,-1.58,OK,1868,2550,False,0.0999,label block centroid row=1700 of 1868,1,123920,8.8832,3.871,0.983,0.6394,OK,OK,1108.8,1523.8,True,resolved
2025_03_28/IMG_20250328_0026.png,otsu_chroma,1,299.9994,0.008467,0.01,10,0.939,horizontal,1440,18.11,SCALE_MISMATCH,1820,2550,False,0.0986,label block centroid row=1655 of 1820,1,66197,4.7453,2.527,0.9725,0.1358,OK,OK,1227.0,1227.0,True,resolved
2025_03_28/IMG_20250328_0027.png,otsu_chroma,1,299.9994,0.008467,0.008333,12,0.909,vertical,1350,-1.58,OK,1808,1972,False,0.0965,label block centroid row=1648 of 1808,1,168334,12.067,4.135,0.9864,0.3464,OK,OK,1179.8,1038.7,True,resolved
2025_03_28/IMG_20250328_0028.png,otsu_chroma,1,299.9994,0.008467,0.008333,12,0.883,vertical,1665,-1.58,OK,1780,2292,False,0.1036,label block centroid row=1612 of 1780,1,114679,8.2207,3.738,0.9822,0.645,OK,OK,1054.4,1376.5,True,resolved
2025_03_28/IMG_20250328_0029.png,otsu_chroma,1,299.9994,0.008467,0.007692,13,0.946,horizontal,0,-9.15,SCALE_MISMATCH,1816,2056,False,0.0123,label block centroid row=1058 of 1816,3,141583,10.1493,3.847,0.9896,0.4532,OK,OK,1215.8,1253.4,True,resolved
2025_03_28/IMG_20250328_0029.png,otsu_chroma,2,299.9994,0.008467,0.007692,13,0.946,horizontal,0,-9.15,SCALE_MISMATCH,1816,2056,False,0.0123,label block centroid row=1058 of 1816,3,7147,0.5123,14.097,0.5634,1.0,OK,LOW_SOLIDITY_CHECK_OVERLAY,1538.0,1249.4,False,resolved
2025_03_28/IMG_20250328_0029.png,otsu_chroma,3,299.9994,0.008467,0.007692,13,0.946,horizontal,0,-9.15,SCALE_MISMATCH,1816,2056,False,0.0123,label block centroid row=1058 of 1816,3,6594,0.4727,14.547,0.6084,1.0,OK,LOW_SOLIDITY_CHECK_OVERLAY,1520.2,1282.4,False,resolved
2025_03_28/IMG_20250328_0030.png,otsu_chroma,1,299.9994,0.008467,0.008333,12,0.907,vertical,1800,-1.58,OK,1741,2141,True,0.0039,label block centroid row=4 of 1741,1,76057,5.4521,2.772,0.9863,0.3365,OK,OK,1100.3,1405.3,True,resolved
2025_03_28/IMG_20250328_0031.png,otsu_chroma,1,299.9994,0.008467,0.008333,12,0.883,vertical,2025,-1.58,OK,2044,2396,False,0.0794,label block centroid row=1878 of 2044,1,141377,10.1346,3.724,0.9469,0.2976,OK,OK,1212.7,1311.5,True,resolved
2025_07_02/Percos_0001.png,otsu_chroma,1,599.9988,0.004233,0.004167,24,0.945,vertical,315,-1.57,OK,7016,5100,True,0.0013,label block centroid row=49 of 7016,1,158196,2.8351,1.974,0.976,0.2815,OK,OK,973.6,1127.9,True,resolved
2025_07_02/Percos_0002.png,otsu_chroma,1,599.9988,0.004233,0.004167,24,0.947,vertical,315,-1.57,OK,7016,5100,True,0.0021,label block centroid row=467 of 7016,1,187560,3.3613,2.316,0.9859,0.586,OK,OK,791.5,1173.1,True,resolved
2025_07_02/Percos_0003.png,otsu_chroma,1,599.9988,0.004233,0.004545,22,0.966,vertical,405,7.36,SCALE_MISMATCH,7016,5100,True,0.0017,label block centroid row=581 of 7016,1,207622,3.7208,2.254,0.9838,0.3237,OK,OK,1215.3,915.3,True,resolved
2025_07_02/Percos_0004.png,otsu_chroma,1,599.9988,0.004233,0.004167,24,0.939,vertical,315,-1.57,OK,7016,5100,True,0.0021,label block centroid row=342 of 7016,1,123904,2.2205,1.711,0.9891,0.1017,OK,OK,929.4,1156.8,True,resolved
2025_07_02/Percos_0005.png,otsu_chroma,1,599.9988,0.004233,0.004167,24,0.946,vertical,360,-1.57,OK,7016,5100,True,0.0019,label block centroid row=557 of 7016,1,230881,4.1377,2.519,0.9841,0.5073,OK,OK,1199.9,1030.5,True,resolved
2025_07_02/Percos_0006.png,otsu_chroma,1,599.9988,0.004233,0.003704,27,0.954,vertical,405,-12.5,SCALE_MISMATCH,7016,5100,True,0.0018,label block centroid row=244 of 7016,1,150177,2.6913,1.899,0.9857,0.2286,OK,OK,564.1,1217.5,True,resolved
2025_07_02/Percos_0007.png,otsu_chroma,1,599.9988,0.004233,0.004167,24,0.951,vertical,360,-1.57,OK,7016,5100,True,0.0015,label block centroid row=1319 of 7016,1,151557,2.7161,1.98,0.9851,0.443,OK,OK,984.2,1646.6,True,resolved
2025_07_02/Percos_0008.png,otsu_chroma,1,599.9988,0.004233,0.004167,24,0.93,vertical,315,-1.57,OK,7016,5100,False,0.001,label block centroid row=3893 of 7016,1,258906,4.6399,2.548,0.982,0.3429,OK,OK,1118.6,1380.9,True,resolved
2025_07_02/Percos_0009.png,otsu_chroma,1,599.9988,0.004233,0.004167,24,0.948,vertical,360,-1.57,OK,7016,5100,True,0.0015,label block centroid row=1320 of 7016,1,170882,3.0624,2.096,0.9903,0.4283,OK,OK,1206.9,1183.2,True,resolved
2025_07_02/Percos_0010.png,otsu_chroma,1,599.9988,0.004233,0.004167,24,0.951,vertical,360,-1.57,OK,7016,5100,True,0.0015,label block centroid row=1317 of 7016,1,213672,3.8293,2.317,0.9884,0.3601,OK,OK,1836.7,1276.2,True,resolved
2025_07_02/Percos_0011.png,otsu_chroma,1,599.9988,0.004233,0.004167,24,0.956,vertical,360,-1.57,OK,7016,5100,True,0.0017,label block centroid row=157 of 7016,1,102651,1.8396,1.636,0.9835,0.4361,OK,OK,557.4,1054.7,True,resolved
2025_07_02/Percos_0012.png,otsu_chroma,1,599.9988,0.004233,0.004348,23,0.967,vertical,405,2.71,OK,7016,5100,True,0.0015,label block centroid row=588 of 7016,1,198863,3.5639,2.351,0.9882,0.5475,OK,OK,997.8,1131.2,True,resolved
2025_07_02/Percos_0013.png,otsu_chroma,1,599.9988,0.004233,0.004348,23,0.961,vertical,405,2.71,OK,7016,5100,True,0.0016,label block centroid row=537 of 7016,1,70194,1.258,1.333,0.9844,0.3832,OK,OK,755.6,1353.6,True,resolved
2025_07_02/Percos_0014.png,otsu_chroma,1,599.9988,0.004233,0.004167,24,0.957,vertical,360,-1.57,OK,7016,5100,True,0.0019,label block centroid row=834 of 7016,1,113008,2.0252,1.697,0.9822,0.4257,OK,OK,1621.0,1267.3,True,resolved
2025_07_02/Percos_0015.png,otsu_chroma,1,599.9988,0.004233,0.004167,24,0.922,vertical,360,-1.57,OK,7016,5100,True,0.0017,label block centroid row=543 of 7016,1,130278,2.3347,1.831,0.9879,0.4019,OK,OK,941.7,1218.4,True,resolved
2025_07_02/Pt_Con_0001.png,otsu_chroma,1,599.9988,0.004233,0.004167,24,0.964,vertical,315,-1.57,OK,7016,5100,True,0.0005,label block centroid row=1471 of 7016,1,221568,3.9708,2.658,0.9904,0.6957,OK,OK,1495.8,1527.3,True,resolved
2025_07_02/Pt_Con_0002.png,otsu_chroma,1,599.9988,0.004233,0.004167,24,0.976,vertical,405,-1.57,OK,7016,5100,True,0.0019,label block centroid row=573 of 7016,1,231660,4.1516,2.688,0.9878,0.6694,OK,OK,1508.5,1586.4,True,resolved
2025_07_02/Pt_Con_0003.png,otsu_chroma,1,599.9988,0.004233,0.004167,24,0.974,vertical,405,-1.57,OK,7016,5100,True,0.0018,label block centroid row=598 of 7016,1,177902,3.1882,2.078,0.9885,0.2828,OK,OK,1107.0,1305.5,True,resolved
2025_07_02/Pt_Con_0004.png,otsu_chroma,1,599.9988,0.004233,0.004167,24,0.972,vertical,405,-1.57,OK,7016,5100,True,0.0017,label block centroid row=607 of 7016,1,179466,3.2162,2.068,0.9872,0.1971,OK,OK,1384.5,1499.2,True,resolved
2025_07_02/Pt_Con_0005.png,otsu_chroma,1,599.9988,0.004233,0.004348,23,0.967,vertical,405,2.71,OK,7016,5100,True,0.0015,label block centroid row=1324 of 7016,1,130664,2.3417,1.815,0.9858,0.3669,OK,OK,1260.6,1304.7,True,resolved
2025_07_02/Pt_Con_0006.png,otsu_chroma,1,599.9988,0.004233,0.004167,24,0.949,vertical,360,-1.57,OK,7016,5100,True,0.0016,label block centroid row=184 of 7016,1,152025,2.7245,2.013,0.9828,0.4898,OK,OK,1312.7,1443.8,True,resolved
2025_07_02/Pt_Con_0007.png,otsu_chroma,1,599.9988,0.004233,0.004167,24,0.948,vertical,360,-1.57,OK,7016,5100,True,0.0016,label block centroid row=1320 of 7016,1,117552,2.1067,1.979,0.9839,0.7264,OK,OK,1114.0,962.8,True,resolved
2025_07_02/Pt_Con_0008.png,otsu_chroma,1,599.9988,0.004233,0.004348,23,0.981,horizontal,3915,2.71,OK,7016,5100,True,0.0036,label block centroid row=398 of 7016,1,143172,2.5658,1.914,0.9902,0.4353,OK,OK,1220.2,943.7,True,resolved
2025_07_02/Pt_Con_0009.png,otsu_chroma,1,599.9988,0.004233,0.004167,24,0.943,vertical,360,-1.57,OK,7016,5100,True,0.0017,label block centroid row=1317 of 7016,1,151465,2.7144,2.017,0.9834,0.5089,OK,OK,1052.1,1126.6,True,resolved
2025_07_02/Pt_Con_0010.png,otsu_chroma,1,599.9988,0.004233,0.004,25,0.954,vertical,405,-5.51,SCALE_MISMATCH,7016,5100,True,0.0015,label block centroid row=1320 of 7016,1,157418,2.8211,1.991,0.9867,0.3796,OK,OK,1351.4,1236.3,True,resolved
2025_07_02/Pt_Con_0011.png,otsu_chroma,1,599.9988,0.004233,0.004167,24,0.948,vertical,315,-1.57,OK,7016,5100,False,0.0009,label block centroid row=3872 of 7016,1,192331,3.4468,2.14,0.9878,0.1025,OK,OK,1488.9,1043.2,True,resolved
2025_07_02/Pt_Con_0012.png,otsu_chroma,1,599.9988,0.004233,0.004762,21,0.966,vertical,405,12.49,SCALE_MISMATCH,7016,5100,True,0.0015,label block centroid row=1325 of 7016,1,76364,1.3685,1.369,0.9859,0.2835,OK,OK,784.1,1347.1,True,resolved
2025_07_02/Pt_Con_0013.png,otsu_chroma,1,599.9988,0.004233,0.004167,24,0.948,vertical,315,-1.57,OK,7016,5100,True,0.0014,label block centroid row=295 of 7016,1,179994,3.2257,2.245,0.9885,0.562,OK,OK,1186.3,1545.9,True,resolved
2025_07_02/Pt_Con_0014.png,otsu_chroma,1,599.9988,0.004233,0.004167,24,0.943,vertical,315,-1.57,OK,7016,5100,True,0.0014,label block centroid row=74 of 7016,1,140246,2.5134,1.935,0.9904,0.5024,OK,OK,673.2,1344.5,True,resolved
2025_07_02/Pt_Con_0015.png,otsu_chroma,1,599.9988,0.004233,0.004167,24,0.943,vertical,315,-1.57,OK,7016,5100,True,0.0017,label block centroid row=63 of 7016,1,106393,1.9067,1.735,0.9785,0.5296,OK,OK,1006.7,1150.6,True,resolved
2025_07_05/Cojo_5_jul_25_0001.png,otsu_chroma,1,599.9988,0.004233,0.004167,24,0.948,vertical,360,-1.57,OK,7016,5100,True,0.0474,label block centroid row=227 of 7016,5,126549,2.2679,1.781,0.988,0.3786,OK,OK,2621.8,3208.5,True,resolved
2025_07_05/Cojo_5_jul_25_0001.png,otsu_chroma,2,599.9988,0.004233,0.004167,24,0.948,vertical,360,-1.57,OK,7016,5100,True,0.0474,label block centroid row=227 of 7016,5,125250,2.2446,1.744,0.9709,0.2564,OK,OK,2827.5,927.8,False,resolved
2025_07_05/Cojo_5_jul_25_0001.png,otsu_chroma,3,599.9988,0.004233,0.004167,24,0.948,vertical,360,-1.57,OK,7016,5100,True,0.0474,label block centroid row=227 of 7016,5,116139,2.0813,1.848,0.985,0.6212,OK,OK,2928.3,2120.8,False,resolved
2025_07_05/Cojo_5_jul_25_0001.png,otsu_chroma,4,599.9988,0.004233,0.004167,24,0.948,vertical,360,-1.57,OK,7016,5100,True,0.0474,label block centroid row=227 of 7016,5,56683,1.0158,1.274,0.9874,0.5888,OK,OK,2801.4,1467.3,False,resolved
2025_07_05/Cojo_5_jul_25_0001.png,otsu_chroma,5,599.9988,0.004233,0.004167,24,0.948,vertical,360,-1.57,OK,7016,5100,True,0.0474,label block centroid row=227 of 7016,5,54734,0.9809,1.245,0.9769,0.5769,OK,OK,2818.3,2650.9,False,resolved
2025_07_05/Cojo_5_jul_25_0002.png,otsu_chroma,1,599.9988,0.004233,0.004167,24,0.971,vertical,360,-1.57,OK,7016,5100,False,0.0214,label block centroid row=5566 of 7016,5,209048,3.7464,2.316,0.9398,0.3935,OK,OK,1993.6,1549.2,True,resolved
2025_07_05/Cojo_5_jul_25_0002.png,otsu_chroma,2,599.9988,0.004233,0.004167,24,0.971,vertical,360,-1.57,OK,7016,5100,False,0.0214,label block centroid row=5566 of 7016,5,126282,2.2631,1.847,0.9846,0.5146,OK,OK,2014.3,2257.0,False,resolved
2025_07_05/Cojo_5_jul_25_0002.png,otsu_chroma,3,599.9988,0.004233,0.004167,24,0.971,vertical,360,-1.57,OK,7016,5100,False,0.0214,label block centroid row=5566 of 7016,5,74403,1.3334,1.378,0.9821,0.4158,OK,OK,2059.8,956.9,False,resolved
2025_07_05/Cojo_5_jul_25_0002.png,otsu_chroma,4,599.9988,0.004233,0.004167,24,0.971,vertical,360,-1.57,OK,7016,5100,False,0.0214,label block centroid row=5566 of 7016,5,66152,1.1855,1.322,0.9853,0.4474,OK,OK,2134.8,2825.2,False,resolved
2025_07_05/Cojo_5_jul_25_0002.png,otsu_chroma,5,599.9988,0.004233,0.004167,24,0.971,vertical,360,-1.57,OK,7016,5100,False,0.0214,label block centroid row=5566 of 7016,5,62040,1.1118,1.319,0.9789,0.5552,OK,OK,2181.2,3258.0,False,resolved
2025_07_05/Cojo_5_jul_25_0003.png,otsu_chroma,1,599.9988,0.004233,0.004167,24,0.973,vertical,360,-1.57,OK,7016,5100,True,0.003,label block centroid row=158 of 7016,5,145883,2.6144,2.094,0.9855,0.6383,OK,OK,1791.0,2751.2,True,resolved
2025_07_05/Cojo_5_jul_25_0003.png,otsu_chroma,2,599.9988,0.004233,0.004167,24,0.973,vertical,360,-1.57,OK,7016,5100,True,0.003,label block centroid row=158 of 7016,5,135496,2.4282,1.845,0.9846,0.33,OK,OK,2008.2,3476.3,False,resolved
2025_07_05/Cojo_5_jul_25_0003.png,otsu_chroma,3,599.9988,0.004233,0.004167,24,0.973,vertical,360,-1.57,OK,7016,5100,True,0.003,label block centroid row=158 of 7016,5,126743,2.2714,1.761,0.9871,0.3046,OK,OK,1683.9,937.4,False,resolved
2025_07_05/Cojo_5_jul_25_0003.png,otsu_chroma,4,599.9988,0.004233,0.004167,24,0.973,vertical,360,-1.57,OK,7016,5100,True,0.003,label block centroid row=158 of 7016,5,83892,1.5034,1.424,0.9884,0.292,OK,OK,1761.9,2118.2,False,resolved
2025_07_05/Cojo_5_jul_25_0003.png,otsu_chroma,5,599.9988,0.004233,0.004167,24,0.973,vertical,360,-1.57,OK,7016,5100,True,0.003,label block centroid row=158 of 7016,5,73566,1.3184,1.485,0.9799,0.6317,OK,OK,1440.1,1654.5,False,resolved
2025_07_05/Perry_5_jul_25_0001.png,otsu_chroma,1,599.9988,0.004233,0.004167,24,0.965,vertical,360,-1.57,OK,7016,5100,True,0.0016,label block centroid row=2979 of 7016,5,111512,1.9984,1.683,0.9834,0.3792,OK,OK,1462.7,2555.6,True,resolved
2025_07_05/Perry_5_jul_25_0001.png,otsu_chroma,2,599.9988,0.004233,0.004167,24,0.965,vertical,360,-1.57,OK,7016,5100,True,0.0016,label block centroid row=2979 of 7016,5,105866,1.8972,1.635,0.9816,0.3883,OK,OK,1466.4,1923.3,False,resolved
2025_07_05/Perry_5_jul_25_0001.png,otsu_chroma,3,599.9988,0.004233,0.004167,24,0.965,vertical,360,-1.57,OK,7016,5100,True,0.0016,label block centroid row=2979 of 7016,5,90797,1.6272,1.476,0.9803,0.2587,OK,OK,1476.8,3168.3,False,resolved
2025_07_05/Perry_5_jul_25_0001.png,otsu_chroma,4,599.9988,0.004233,0.004167,24,0.965,vertical,360,-1.57,OK,7016,5100,True,0.0016,label block centroid row=2979 of 7016,5,76347,1.3682,1.429,0.9841,0.49,OK,OK,1480.3,1380.7,False,resolved
2025_07_05/Perry_5_jul_25_0001.png,otsu_chroma,5,599.9988,0.004233,0.004167,24,0.965,vertical,360,-1.57,OK,7016,5100,True,0.0016,label block centroid row=2979 of 7016,5,56855,1.0189,1.309,0.986,0.6477,OK,OK,1484.4,918.1,False,resolved
2025_07_05/Perry_5_jul_25_0002.png,otsu_chroma,1,599.9988,0.004233,0.004167,24,0.942,vertical,270,-1.57,OK,7016,5100,True,0.0026,label block centroid row=1131 of 7016,5,58630,1.0507,1.299,0.9825,0.5975,OK,OK,1653.3,1203.1,True,resolved
2025_07_05/Perry_5_jul_25_0002.png,otsu_chroma,2,599.9988,0.004233,0.004167,24,0.942,vertical,270,-1.57,OK,7016,5100,True,0.0026,label block centroid row=1131 of 7016,5,56651,1.0153,1.211,0.9823,0.4528,OK,OK,1657.3,2853.8,False,resolved
2025_07_05/Perry_5_jul_25_0002.png,otsu_chroma,3,599.9988,0.004233,0.004167,24,0.942,vertical,270,-1.57,OK,7016,5100,True,0.0026,label block centroid row=1131 of 7016,5,50849,0.9113,1.101,0.9788,0.2053,OK,OK,1589.2,1644.7,False,resolved
2025_07_05/Perry_5_jul_25_0002.png,otsu_chroma,4,599.9988,0.004233,0.004167,24,0.942,vertical,270,-1.57,OK,7016,5100,True,0.0026,label block centroid row=1131 of 7016,5,49533,0.8877,1.098,0.9329,0.2885,OK,OK,1740.2,2156.0,False,resolved
2025_07_05/Perry_5_jul_25_0002.png,otsu_chroma,5,599.9988,0.004233,0.004167,24,0.942,vertical,270,-1.57,OK,7016,5100,True,0.0026,label block centroid row=1131 of 7016,5,44027,0.789,1.081,0.9689,0.4832,OK,OK,1692.3,3371.6,False,resolved
2025_07_05/Perry_5_jul_25_0003.png,otsu_chroma,1,599.9988,0.004233,0.004167,24,0.957,vertical,360,-1.57,OK,7016,5100,True,0.0019,label block centroid row=135 of 7016,5,86677,1.5534,1.465,0.9732,0.2769,OK,OK,1340.0,2534.8,True,resolved
2025_07_05/Perry_5_jul_25_0003.png,otsu_chroma,2,599.9988,0.004233,0.004167,24,0.957,vertical,360,-1.57,OK,7016,5100,True,0.0019,label block centroid row=135 of 7016,5,73663,1.3201,1.382,0.9203,0.4265,OK,OK,1198.1,841.6,False,resolved
2025_07_05/Perry_5_jul_25_0003.png,otsu_chroma,3,599.9988,0.004233,0.004167,24,0.957,vertical,360,-1.57,OK,7016,5100,True,0.0019,label block centroid row=135 of 7016,5,64984,1.1646,1.288,0.9651,0.4202,OK,OK,1332.4,1812.4,False,resolved
2025_07_05/Perry_5_jul_25_0003.png,otsu_chroma,4,599.9988,0.004233,0.004167,24,0.957,vertical,360,-1.57,OK,7016,5100,True,0.0019,label block centroid row=135 of 7016,5,63664,1.1409,1.384,0.97,0.6177,OK,OK,1457.9,3057.8,False,resolved
2025_07_05/Perry_5_jul_25_0003.png,otsu_chroma,5,599.9988,0.004233,0.004167,24,0.957,vertical,360,-1.57,OK,7016,5100,True,0.0019,label block centroid row=135 of 7016,5,32377,0.5802,0.979,0.9793,0.6282,OK,OK,1276.5,1421.5,False,resolved
2025_09_15/Pt_Con_13_sep_25_0001.png,otsu_chroma,1,599.9988,0.004233,0.004167,24,0.938,vertical,315,-1.57,OK,7016,5100,False,0.0011,label block centroid row=4290 of 7016,1,183511,3.2887,2.251,0.9836,0.4853,OK,OK,1772.3,1680.7,True,resolved
2025_09_15/Pt_Con_13_sep_25_0002.png,otsu_chroma,1,599.9988,0.004233,0.004167,24,0.959,vertical,315,-1.57,OK,7016,5100,True,0.0005,label block centroid row=1467 of 7016,1,116790,2.093,1.719,0.9797,0.3388,OK,OK,1341.5,1433.1,True,resolved
2025_09_15/Pt_Con_13_sep_25_0003.png,otsu_chroma,1,599.9988,0.004233,0.003704,27,0.976,horizontal,4185,-12.5,SCALE_MISMATCH,7016,5100,True,0.0022,label block centroid row=537 of 7016,1,216780,3.885,2.345,0.9858,0.2986,OK,OK,1663.8,1376.8,True,resolved
2025_09_15/Pt_Con_13_sep_25_0004.png,otsu_chroma,1,599.9988,0.004233,0.004167,24,0.92,vertical,315,-1.57,OK,7016,5100,False,0.0011,label block centroid row=3921 of 7016,1,176445,3.1621,2.256,0.9842,0.5564,OK,OK,1624.4,1573.6,True,resolved
2025_09_15/Pt_Con_13_sep_25_0005.png,otsu_chroma,1,599.9988,0.004233,0.004167,24,0.942,vertical,360,-1.57,OK,7016,5100,True,0.0015,label block centroid row=1319 of 7016,1,215102,3.8549,2.329,0.984,0.3466,OK,OK,2360.0,1422.4,True,resolved
2025_09_15/Pt_Con_13_sep_25_0006.png,otsu_chroma,1,599.9988,0.004233,0.004167,24,0.947,vertical,2880,-1.57,OK,7016,5100,True,0.0025,label block centroid row=587 of 7016,1,110441,1.9792,1.746,0.9894,0.5262,OK,OK,2154.1,1525.3,True,resolved
IMG_20250417_0001.png,otsu_chroma,1,299.9994,0.008467,0.008333,12,0.954,horizontal,135,-1.58,OK,2252,2550,False,0.0621,label block centroid row=1373 of 2252,1,63065,4.5208,2.775,0.9302,0.6021,OK,OK,420.2,755.2,True,resolved
IMG_20250417_0002.png,otsu_chroma,1,299.9994,0.008467,0.008333,12,0.952,horizontal,90,-1.58,OK,2568,2472,True,0.0055,label block centroid row=396 of 2568,1,48929,3.5075,2.182,0.9856,0.2307,OK,OK,759.2,325.4,True,resolved
IMG_20250417_0003.png,otsu_chroma,1,299.9994,0.008467,0.008333,12,0.94,horizontal,90,-1.58,OK,2360,2128,True,0.0074,label block centroid row=438 of 2360,1,61786,4.4291,2.443,0.9831,0.1457,OK,OK,637.0,426.5,True,resolved
IMG_20250417_0004.png,otsu_chroma,1,299.9994,0.008467,0.008333,12,0.923,horizontal,90,-1.58,OK,2260,2212,True,0.0037,label block centroid row=218 of 2260,1,133197,9.5482,3.663,0.9872,0.2731,OK,OK,640.3,620.9,True,resolved
IMG_20250417_0005.png,otsu_chroma,1,299.9994,0.008467,0.008333,12,0.965,horizontal,180,-1.58,OK,2272,2276,True,0.0051,label block centroid row=150 of 2272,1,64094,4.5946,2.643,0.9788,0.4527,OK,OK,725.3,608.7,True,resolved
IMG_20250417_0006.png,otsu_chroma,1,299.9994,0.008467,0.008333,12,0.971,horizontal,180,-1.58,OK,2280,2260,True,0.0037,label block centroid row=155 of 2280,1,152778,10.9518,3.983,0.9857,0.3718,OK,OK,668.5,463.6,True,resolved
IMG_20250417_0007.png,otsu_chroma,1,299.9994,0.008467,0.008333,12,0.929,horizontal,180,-1.58,OK,2596,1460,True,0.0103,label block centroid row=91 of 2596,1,114867,8.2342,3.652,0.9873,0.5624,OK,OK,1030.1,494.8,True,resolved
IMG_20250417_0008.png,otsu_chroma,1,299.9994,0.008467,0.008333,12,0.962,horizontal,180,-1.58,OK,2600,2428,True,0.0024,label block centroid row=149 of 2600,1,112601,8.0718,3.374,0.9889,0.3066,OK,OK,1040.0,608.1,True,resolved
IMG_20250417_0009.png,otsu_chroma,1,299.9994,0.008467,0.008333,12,0.951,horizontal,135,-1.58,OK,2452,2352,False,0.0052,label block centroid row=1517 of 2452,1,152143,10.9063,3.863,0.9854,0.2068,OK,OK,994.7,477.8,True,resolved
IMG_20250417_0010.png,otsu_chroma,1,299.9994,0.008467,0.008333,12,0.955,horizontal,225,-1.58,OK,2716,2348,True,0.0058,label block centroid row=163 of 2716,1,67002,4.803,2.594,0.9836,0.3363,OK,OK,940.9,412.7,True,resolved
IMG_20250417_0011.png,otsu_chroma,1,299.9994,0.008467,0.008333,12,0.954,horizontal,180,-1.58,OK,2820,2356,True,0.0041,label block centroid row=602 of 2820,1,38557,2.7639,2.036,0.9787,0.4835,OK,OK,884.2,501.6,True,resolved
IMG_20250417_0012.png,otsu_chroma,1,299.9994,0.008467,0.008333,12,0.946,horizontal,180,-1.58,OK,3156,1620,True,0.0067,label block centroid row=145 of 3156,1,129021,9.2488,3.984,0.9869,0.614,OK,OK,1024.7,685.7,True,resolved
IMG_20250417_0013.png,otsu_chroma,1,299.9994,0.008467,0.008333,12,0.956,horizontal,180,-1.58,OK,2616,2550,True,0.0065,label block centroid row=630 of 2616,1,102951,7.38,3.377,0.9839,0.5052,OK,OK,1034.1,564.4,True,resolved
IMG_20250417_0014.png,otsu_chroma,1,299.9994,0.008467,0.008333,12,0.956,horizontal,180,-1.58,OK,2636,2180,True,0.006,label block centroid row=145 of 2636,1,122878,8.8085,3.856,0.9774,0.6329,OK,OK,938.8,599.4,True,resolved
IMG_20250417_0015.png,otsu_chroma,1,299.9994,0.008467,0.01,10,0.987,horizontal,2160,18.11,SCALE_MISMATCH,3140,2176,True,0.0057,label block centroid row=148 of 3140,1,81170,5.8186,3.017,0.9871,0.5171,OK,OK,942.0,561.4,True,resolved
IMG_20250520_perry_0001.png,otsu_chroma,1,299.9994,0.008467,0.008333,12,0.938,vertical,495,-1.58,OK,2988,2224,False,0.0015,label block centroid row=1713 of 2988,3,29066,2.0836,1.702,0.9811,0.3051,OK,OK,2031.2,1794.9,True,resolved
IMG_20250520_perry_0001.png,otsu_chroma,2,299.9994,0.008467,0.008333,12,0.938,vertical,495,-1.58,OK,2988,2224,False,0.0015,label block centroid row=1713 of 2988,3,24618,1.7647,1.581,0.9848,0.3285,OK,OK,1958.3,1084.2,False,resolved
IMG_20250520_perry_0001.png,otsu_chroma,3,299.9994,0.008467,0.008333,12,0.938,vertical,495,-1.58,OK,2988,2224,False,0.0015,label block centroid row=1713 of 2988,3,24152,1.7313,1.559,0.979,0.2968,OK,OK,1404.7,1713.1,False,resolved
IMG_20250520_perry_0002.png,otsu_chroma,1,299.9994,0.008467,0.008333,12,0.912,vertical,45,-1.58,OK,2104,2468,False,0.002,label block centroid row=2084 of 2104,4,34304,2.4591,1.957,0.9745,0.5527,OK,OK,1255.1,1016.6,True,resolved
IMG_20250520_perry_0002.png,otsu_chroma,2,299.9994,0.008467,0.008333,12,0.912,vertical,45,-1.58,OK,2104,2468,False,0.002,label block centroid row=2084 of 2104,4,31447,2.2543,1.777,0.9775,0.3531,OK,OK,795.9,974.2,False,resolved
IMG_20250520_perry_0002.png,otsu_chroma,3,299.9994,0.008467,0.008333,12,0.912,vertical,45,-1.58,OK,2104,2468,False,0.002,label block centroid row=2084 of 2104,4,30831,2.2101,1.832,0.9709,0.5193,OK,OK,1288.2,1711.3,False,resolved
IMG_20250520_perry_0002.png,otsu_chroma,4,299.9994,0.008467,0.008333,12,0.912,vertical,45,-1.58,OK,2104,2468,False,0.002,label block centroid row=2084 of 2104,4,26970,1.9333,1.617,0.9788,0.2663,OK,OK,504.0,1789.7,False,resolved
IMG_20250520_perry_0003.png,otsu_chroma,1,299.9994,0.008467,0.008333,12,0.81,vertical,0,-1.58,OK,1941,1569,True,0.0016,label block centroid row=236 of 1941,4,24589,1.7627,1.644,0.9854,0.5339,OK,OK,1152.3,1287.9,True,resolved
IMG_20250520_perry_0003.png,otsu_chroma,2,299.9994,0.008467,0.008333,12,0.81,vertical,0,-1.58,OK,1941,1569,True,0.0016,label block centroid row=236 of 1941,4,22864,1.639,1.569,0.9845,0.4979,OK,OK,1174.1,668.8,False,resolved
IMG_20250520_perry_0003.png,otsu_chroma,3,299.9994,0.008467,0.008333,12,0.81,vertical,0,-1.58,OK,1941,1569,True,0.0016,label block centroid row=236 of 1941,4,22607,1.6206,1.508,0.9839,0.3591,OK,OK,451.6,1373.5,False,resolved
IMG_20250520_perry_0003.png,otsu_chroma,4,299.9994,0.008467,0.008333,12,0.81,vertical,0,-1.58,OK,1941,1569,True,0.0016,label block centroid row=236 of 1941,4,22357,1.6027,1.475,0.9849,0.2575,OK,OK,634.7,627.8,False,resolved
IMG_20250520_perry_0004.png,otsu_chroma,1,299.9994,0.008467,0.008333,12,0.928,vertical,0,-1.58,OK,2568,2452,False,0.0014,label block centroid row=2508 of 2568,4,51831,3.7155,2.248,0.9809,0.2306,OK,OK,1698.8,1792.6,True,resolved
IMG_20250520_perry_0004.png,otsu_chroma,2,299.9994,0.008467,0.008333,12,0.928,vertical,0,-1.58,OK,2568,2452,False,0.0014,label block centroid row=2508 of 2568,4,50413,3.6138,2.206,0.9844,0.2054,OK,OK,916.2,1756.4,False,resolved
IMG_20250520_perry_0004.png,otsu_chroma,3,299.9994,0.008467,0.008333,12,0.928,vertical,0,-1.58,OK,2568,2452,False,0.0014,label block centroid row=2508 of 2568,4,43732,3.1349,2.242,0.9575,0.5516,OK,OK,1793.3,1103.8,False,resolved
IMG_20250520_perry_0004.png,otsu_chroma,4,299.9994,0.008467,0.008333,12,0.928,vertical,0,-1.58,OK,2568,2452,False,0.0014,label block centroid row=2508 of 2568,4,42094,3.0175,2.169,0.9817,0.5354,OK,OK,981.0,944.1,False,resolved
IMG_20250520_perry_0005.png,otsu_chroma,1,299.9994,0.008467,0.008333,12,0.938,vertical,0,-1.58,OK,2476,2452,False,0.0017,label block centroid row=2453 of 2476,4,46559,3.3376,2.323,0.9771,0.5945,OK,OK,924.3,1023.9,True,resolved
IMG_20250520_perry_0005.png,otsu_chroma,2,299.9994,0.008467,0.008333,12,0.938,vertical,0,-1.58,OK,2476,2452,False,0.0017,label block centroid row=2453 of 2476,4,45861,3.2875,2.307,0.9347,0.5943,OK,OK,1674.9,1726.6,False,resolved
IMG_20250520_perry_0005.png,otsu_chroma,3,299.9994,0.008467,0.008333,12,0.938,vertical,0,-1.58,OK,2476,2452,False,0.0017,label block centroid row=2453 of 2476,4,37124,2.6612,1.984,0.9706,0.4693,OK,OK,1719.0,974.8,False,resolved
IMG_20250520_perry_0005.png,otsu_chroma,4,299.9994,0.008467,0.008333,12,0.938,vertical,0,-1.58,OK,2476,2452,False,0.0017,label block centroid row=2453 of 2476,4,33600,2.4086,1.818,0.9708,0.3045,OK,OK,841.7,1651.4,False,resolved
IMG_20250520_perry_0006.png,otsu_chroma,1,299.9994,0.008467,0.008333,12,0.963,vertical,0,-1.58,OK,2280,1892,False,0.0026,label block centroid row=2269 of 2280,4,61815,4.4312,2.811,0.9581,0.6791,OK,OK,858.1,1602.3,True,resolved
IMG_20250520_perry_0006.png,otsu_chroma,2,299.9994,0.008467,0.008333,12,0.963,vertical,0,-1.58,OK,2280,1892,False,0.0026,label block centroid row=2269 of 2280,4,58812,4.2159,2.759,0.9742,0.6879,OK,OK,1626.0,1594.7,False,resolved
IMG_20250520_perry_0006.png,otsu_chroma,3,299.9994,0.008467,0.008333,12,0.963,vertical,0,-1.58,OK,2280,1892,False,0.0026,label block centroid row=2269 of 2280,4,54561,3.9112,2.586,0.9528,0.6386,OK,OK,830.8,820.3,False,resolved
IMG_20250520_perry_0006.png,otsu_chroma,4,299.9994,0.008467,0.008333,12,0.963,vertical,0,-1.58,OK,2280,1892,False,0.0026,label block centroid row=2269 of 2280,4,53400,3.828,2.53,0.9843,0.6224,OK,OK,1579.1,810.3,False,resolved
IMG_20250520_perry_0007.png,otsu_chroma,1,299.9994,0.008467,0.008333,12,0.951,vertical,0,-1.58,OK,1965,1625,False,0.0032,label block centroid row=1944 of 1965,4,68761,4.9291,2.748,0.9877,0.5232,OK,OK,410.2,477.9,True,resolved
IMG_20250520_perry_0007.png,otsu_chroma,2,299.9994,0.008467,0.008333,12,0.951,vertical,0,-1.58,OK,1965,1625,False,0.0032,label block centroid row=1944 of 1965,4,63621,4.5607,2.709,0.9843,0.5592,OK,OK,1299.6,1397.0,False,resolved
IMG_20250520_perry_0007.png,otsu_chroma,3,299.9994,0.008467,0.008333,12,0.951,vertical,0,-1.58,OK,1965,1625,False,0.0032,label block centroid row=1944 of 1965,4,63030,4.5183,2.619,0.9879,0.4904,OK,OK,457.1,1425.4,False,resolved
IMG_20250520_perry_0007.png,otsu_chroma,4,299.9994,0.008467,0.008333,12,0.951,vertical,0,-1.58,OK,1965,1625,False,0.0032,label block centroid row=1944 of 1965,4,54659,3.9182,2.572,0.9783,0.6044,OK,OK,1264.8,349.5,False,resolved
IMG_20250520_perry_0008.png,otsu_chroma,1,299.9994,0.008467,0.008333,12,0.969,vertical,0,-1.58,OK,1943,1786,True,0.0043,label block centroid row=949 of 1943,4,31720,2.2738,1.805,0.9837,0.3875,OK,OK,1186.1,1404.6,True,resolved
IMG_20250520_perry_0008.png,otsu_chroma,2,299.9994,0.008467,0.008333,12,0.969,vertical,0,-1.58,OK,1943,1786,True,0.0043,label block centroid row=949 of 1943,4,30824,2.2096,1.732,0.9757,0.2073,OK,OK,1240.7,751.5,False,resolved
IMG_20250520_perry_0008.png,otsu_chroma,3,299.9994,0.008467,0.008333,12,0.969,vertical,0,-1.58,OK,1943,1786,True,0.0043,label block centroid row=949 of 1943,4,29414,2.1085,1.778,0.976,0.4826,OK,OK,557.5,1476.4,False,resolved
IMG_20250520_perry_0008.png,otsu_chroma,4,299.9994,0.008467,0.008333,12,0.969,vertical,0,-1.58,OK,1943,1786,True,0.0043,label block centroid row=949 of 1943,4,29013,2.0798,1.671,0.9789,0.1332,OK,OK,578.1,670.2,False,resolved
IMG_20250520_perry_0009.png,otsu_chroma,1,299.9994,0.008467,0.008333,12,0.979,vertical,0,-1.58,OK,1937,1741,True,0.0052,label block centroid row=936 of 1937,4,57550,4.1255,2.383,0.9876,0.2619,OK,OK,1004.3,738.5,True,resolved
IMG_20250520_perry_0009.png,otsu_chroma,2,299.9994,0.008467,0.008333,12,0.979,vertical,0,-1.58,OK,1937,1741,True,0.0052,label block centroid row=936 of 1937,4,57519,4.1232,2.371,0.9818,0.1993,OK,OK,580.6,844.9,False,resolved
IMG_20250520_perry_0009.png,otsu_chroma,3,299.9994,0.008467,0.008333,12,0.979,vertical,0,-1.58,OK,1937,1741,True,0.0052,label block centroid row=936 of 1937,4,51250,3.6738,2.294,0.9876,0.3434,OK,OK,997.4,1340.9,False,resolved
IMG_20250520_perry_0009.png,otsu_chroma,4,299.9994,0.008467,0.008333,12,0.979,vertical,0,-1.58,OK,1937,1741,True,0.0052,label block centroid row=936 of 1937,4,48083,3.4468,2.217,0.9854,0.3352,OK,OK,540.2,1341.3,False,resolved
IMG_20250520_perry_0010.png,otsu_chroma,1,299.9994,0.008467,0.008333,12,0.972,vertical,0,-1.58,OK,1941,1645,True,0.0053,label block centroid row=824 of 1941,4,54917,3.9367,2.393,0.9865,0.414,OK,OK,618.4,1272.8,True,resolved
IMG_20250520_perry_0010.png,otsu_chroma,2,299.9994,0.008467,0.008333,12,0.972,vertical,0,-1.58,OK,1941,1645,True,0.0053,label block centroid row=824 of 1941,4,54695,3.9208,2.368,0.986,0.3949,OK,OK,1079.7,1189.7,False,resolved
IMG_20250520_perry_0010.png,otsu_chroma,3,299.9994,0.008467,0.008333,12,0.972,vertical,0,-1.58,OK,1941,1645,True,0.0053,label block centroid row=824 of 1941,4,48164,3.4526,2.185,0.9824,0.2802,OK,OK,1087.6,702.8,False,resolved
IMG_20250520_perry_0010.png,otsu_chroma,4,299.9994,0.008467,0.008333,12,0.972,vertical,0,-1.58,OK,1941,1645,True,0.0053,label block centroid row=824 of 1941,4,43773,3.1379,2.098,0.9836,0.312,OK,OK,594.5,603.0,False,resolved
IMG_20250520_perry_0011.png,otsu_chroma,1,299.9994,0.008467,0.008333,12,0.963,vertical,0,-1.58,OK,1941,1717,True,0.0033,label block centroid row=883 of 1941,4,61573,4.4138,2.495,0.9882,0.3136,OK,OK,494.0,1275.9,True,resolved
IMG_20250520_perry_0011.png,otsu_chroma,2,299.9994,0.008467,0.008333,12,0.963,vertical,0,-1.58,OK,1941,1717,True,0.0033,label block centroid row=883 of 1941,4,59827,4.2887,2.467,0.9825,0.3291,OK,OK,1149.1,1312.6,False,resolved
IMG_20250520_perry_0011.png,otsu_chroma,3,299.9994,0.008467,0.008333,12,0.963,vertical,0,-1.58,OK,1941,1717,True,0.0033,label block centroid row=883 of 1941,4,58821,4.2166,2.409,0.9184,0.158,OK,OK,1150.6,766.7,False,resolved
IMG_20250520_perry_0011.png,otsu_chroma,4,299.9994,0.008467,0.008333,12,0.963,vertical,0,-1.58,OK,1941,1717,True,0.0033,label block centroid row=883 of 1941,4,55317,3.9654,2.358,0.9879,0.2779,OK,OK,528.6,681.3,False,resolved
IMG_20250520_perry_0012.png,otsu_chroma,1,299.9994,0.008467,0.008333,12,0.95,vertical,495,-1.58,OK,2988,2288,False,0.0023,label block centroid row=1722 of 2988,4,51049,3.6594,2.282,0.9788,0.3762,OK,OK,2171.1,1877.3,True,resolved
IMG_20250520_perry_0012.png,otsu_chroma,2,299.9994,0.008467,0.008333,12,0.95,vertical,495,-1.58,OK,2988,2288,False,0.0023,label block centroid row=1722 of 2988,4,47949,3.4372,2.201,0.9784,0.3658,OK,OK,1541.3,1856.6,False,resolved
IMG_20250520_perry_0012.png,otsu_chroma,3,299.9994,0.008467,0.008333,12,0.95,vertical,495,-1.58,OK,2988,2288,False,0.0023,label block centroid row=1722 of 2988,4,45013,3.2267,2.098,0.9801,0.2492,OK,OK,2092.3,1149.9,False,resolved
IMG_20250520_perry_0012.png,otsu_chroma,4,299.9994,0.008467,0.008333,12,0.95,vertical,495,-1.58,OK,2988,2288,False,0.0023,label block centroid row=1722 of 2988,4,40827,2.9267,2.027,0.9848,0.3397,OK,OK,1482.9,1098.1,False,resolved
IMG_20250520_perry_0013.png,otsu_chroma,1,299.9994,0.008467,0.008333,12,0.946,vertical,495,-1.58,OK,3064,2400,False,0.0014,label block centroid row=1721 of 3064,4,22718,1.6285,1.475,0.9776,0.2331,OK,OK,2141.2,1279.7,True,resolved
IMG_20250520_perry_0013.png,otsu_chroma,2,299.9994,0.008467,0.008333,12,0.946,vertical,495,-1.58,OK,3064,2400,False,0.0014,label block centroid row=1721 of 3064,4,22666,1.6248,1.541,0.9842,0.4703,OK,OK,1574.5,1959.7,False,resolved
IMG_20250520_perry_0013.png,otsu_chroma,3,299.9994,0.008467,0.008333,12,0.946,vertical,495,-1.58,OK,3064,2400,False,0.0014,label block centroid row=1721 of 3064,4,20855,1.495,1.577,0.9772,0.6138,OK,OK,1624.7,1253.2,False,resolved
IMG_20250520_perry_0013.png,otsu_chroma,4,299.9994,0.008467,0.008333,12,0.946,vertical,495,-1.58,OK,3064,2400,False,0.0014,label block centroid row=1721 of 3064,4,18420,1.3204,1.464,0.9744,0.5961,OK,OK,2162.3,1868.6,False,resolved
IMG_20250520_perry_0014.png,otsu_chroma,1,299.9994,0.008467,0.008333,12,0.947,vertical,495,-1.58,OK,3012,2196,False,0.0026,label block centroid row=1597 of 3012,4,37918,2.7181,1.935,0.9827,0.3412,OK,OK,1855.3,1727.3,True,resolved
IMG_20250520_perry_0014.png,otsu_chroma,2,299.9994,0.008467,0.008333,12,0.947,vertical,495,-1.58,OK,3012,2196,False,0.0026,label block centroid row=1597 of 3012,4,36233,2.5974,1.893,0.9764,0.3361,OK,OK,1865.5,1087.0,False,resolved
IMG_20250520_perry_0014.png,otsu_chroma,3,299.9994,0.008467,0.008333,12,0.947,vertical,495,-1.58,OK,3012,2196,False,0.0026,label block centroid row=1597 of 3012,4,33288,2.3862,1.852,0.9815,0.4304,OK,OK,1368.5,1114.8,False,resolved
IMG_20250520_perry_0014.png,otsu_chroma,4,299.9994,0.008467,0.008333,12,0.947,vertical,495,-1.58,OK,3012,2196,False,0.0026,label block centroid row=1597 of 3012,4,27100,1.9427,1.72,0.982,0.4856,OK,OK,1326.3,1657.9,False,resolved
IMG_20250520_perry_0015.png,otsu_chroma,1,299.9994,0.008467,0.008333,12,0.926,vertical,0,-1.58,OK,2356,2476,True,0.0019,label block centroid row=343 of 2356,4,35445,2.5409,2.049,0.9428,0.6011,OK,OK,1525.4,910.9,True,resolved
IMG_20250520_perry_0015.png,otsu_chroma,2,299.9994,0.008467,0.008333,12,0.926,vertical,0,-1.58,OK,2356,2476,True,0.0019,label block centroid row=343 of 2356,4,34277,2.4571,1.977,0.9837,0.5772,OK,OK,785.0,1695.3,False,resolved
IMG_20250520_perry_0015.png,otsu_chroma,3,299.9994,0.008467,0.008333,12,0.926,vertical,0,-1.58,OK,2356,2476,True,0.0019,label block centroid row=343 of 2356,4,31269,2.2415,1.799,0.9846,0.3978,OK,OK,1009.3,890.3,False,resolved
IMG_20250520_perry_0015.png,otsu_chroma,4,299.9994,0.008467,0.008333,12,0.926,vertical,0,-1.58,OK,2356,2476,True,0.0019,label block centroid row=343 of 2356,4,30774,2.206,1.805,0.9862,0.4468,OK,OK,1699.3,1714.0,False,resolved
IMG_20250522_cojo_0001.png,otsu_chroma,1,299.9994,0.008467,0.008333,12,0.958,vertical,0,-1.58,OK,2308,1600,True,0.0039,label block centroid row=5 of 2308,4,41921,3.0051,2.012,0.9715,0.1912,OK,OK,582.6,530.9,True,resolved
IMG_20250522_cojo_0001.png,otsu_chroma,2,299.9994,0.008467,0.008333,12,0.958,vertical,0,-1.58,OK,2308,1600,True,0.0039,label block centroid row=5 of 2308,4,41144,2.9494,2.039,0.967,0.3314,OK,OK,530.4,1327.4,False,resolved
IMG_20250522_cojo_0001.png,otsu_chroma,3,299.9994,0.008467,0.008333,12,0.958,vertical,0,-1.58,OK,2308,1600,True,0.0039,label block centroid row=5 of 2308,4,38040,2.7269,1.974,0.9576,0.3333,OK,OK,1212.7,490.2,False,resolved
IMG_20250522_cojo_0001.png,otsu_chroma,4,299.9994,0.008467,0.008333,12,0.958,vertical,0,-1.58,OK,2308,1600,True,0.0039,label block centroid row=5 of 2308,4,35040,2.5118,1.874,0.9887,0.3273,OK,OK,1244.4,1208.7,False,resolved
IMG_20250522_cojo_0002.png,otsu_chroma,1,299.9994,0.008467,0.008333,12,0.941,vertical,585,-1.58,OK,2820,2280,False,0.0003,label block centroid row=2683 of 2820,4,46767,3.3525,2.208,0.9829,0.4223,OK,OK,1321.5,2149.7,True,resolved
IMG_20250522_cojo_0002.png,otsu_chroma,2,299.9994,0.008467,0.008333,12,0.941,vertical,585,-1.58,OK,2820,2280,False,0.0003,label block centroid row=2683 of 2820,4,44912,3.2195,2.168,0.9819,0.4075,OK,OK,2252.0,2041.5,False,resolved
IMG_20250522_cojo_0002.png,otsu_chroma,3,299.9994,0.008467,0.008333,12,0.941,vertical,585,-1.58,OK,2820,2280,False,0.0003,label block centroid row=2683 of 2820,4,39365,2.8219,1.974,0.9803,0.235,OK,OK,1927.7,1154.5,False,resolved
IMG_20250522_cojo_0002.png,otsu_chroma,4,299.9994,0.008467,0.008333,12,0.941,vertical,585,-1.58,OK,2820,2280,False,0.0003,label block centroid row=2683 of 2820,4,39177,2.8084,1.969,0.98,0.2491,OK,OK,1377.7,1268.9,False,resolved
IMG_20250522_cojo_0003.png,otsu_chroma,1,299.9994,0.008467,0.008333,12,0.949,vertical,585,-1.58,OK,3460,2364,False,0.0019,label block centroid row=2376 of 3460,4,57824,4.1451,2.414,0.9849,0.346,OK,OK,2036.7,2008.9,True,resolved
IMG_20250522_cojo_0003.png,otsu_chroma,2,299.9994,0.008467,0.008333,12,0.949,vertical,585,-1.58,OK,3460,2364,False,0.0019,label block centroid row=2376 of 3460,4,53082,3.8052,2.32,0.989,0.3598,OK,OK,1243.0,2038.4,False,resolved
IMG_20250522_cojo_0003.png,otsu_chroma,3,299.9994,0.008467,0.008333,12,0.949,vertical,585,-1.58,OK,3460,2364,False,0.0019,label block centroid row=2376 of 3460,4,48947,3.5088,2.217,0.9868,0.3043,OK,OK,2021.6,1216.6,False,resolved
IMG_20250522_cojo_0003.png,otsu_chroma,4,299.9994,0.008467,0.008333,12,0.949,vertical,585,-1.58,OK,3460,2364,False,0.0019,label block centroid row=2376 of 3460,4,46663,3.345,2.241,0.9665,0.4237,OK,OK,1474.2,1213.8,False,resolved
IMG_20250522_cojo_0004.png,otsu_chroma,1,299.9994,0.008467,0.008333,12,0.95,vertical,585,-1.58,OK,3460,2352,False,0.0022,label block centroid row=2382 of 3460,4,33687,2.4148,1.854,0.9828,0.3814,OK,OK,1640.9,1780.9,True,resolved
IMG_20250522_cojo_0004.png,otsu_chroma,2,299.9994,0.008467,0.008333,12,0.95,vertical,585,-1.58,OK,3460,2352,False,0.0022,label block centroid row=2382 of 3460,4,33389,2.3935,1.894,0.9841,0.4805,OK,OK,2158.6,1819.5,False,resolved
IMG_20250522_cojo_0004.png,otsu_chroma,3,299.9994,0.008467,0.008333,12,0.95,vertical,585,-1.58,OK,3460,2352,False,0.0022,label block centroid row=2382 of 3460,4,28634,2.0526,1.655,0.9828,0.1788,OK,OK,2060.8,1116.2,False,resolved
IMG_20250522_cojo_0004.png,otsu_chroma,4,299.9994,0.008467,0.008333,12,0.95,vertical,585,-1.58,OK,3460,2352,False,0.0022,label block centroid row=2382 of 3460,4,27708,1.9862,1.656,0.9853,0.3165,OK,OK,1563.7,1102.3,False,resolved
IMG_20250522_cojo_0005.png,otsu_chroma,1,299.9994,0.008467,0.008333,12,0.947,vertical,630,-1.58,OK,3456,2356,False,0.0022,label block centroid row=2343 of 3456,4,60069,4.306,2.514,0.9876,0.4629,OK,OK,2112.8,2035.3,True,resolved
IMG_20250522_cojo_0005.png,otsu_chroma,2,299.9994,0.008467,0.008333,12,0.947,vertical,630,-1.58,OK,3456,2356,False,0.0022,label block centroid row=2343 of 3456,4,58758,4.2121,2.52,0.9826,0.4935,OK,OK,1388.8,2037.5,False,resolved
IMG_20250522_cojo_0005.png,otsu_chroma,3,299.9994,0.008467,0.008333,12,0.947,vertical,630,-1.58,OK,3456,2356,False,0.0022,label block centroid row=2343 of 3456,4,50058,3.5884,2.266,0.9712,0.3581,OK,OK,2059.5,1280.5,False,resolved
IMG_20250522_cojo_0005.png,otsu_chroma,4,299.9994,0.008467,0.008333,12,0.947,vertical,630,-1.58,OK,3456,2356,False,0.0022,label block centroid row=2343 of 3456,4,45004,3.2261,2.14,0.9797,0.341,OK,OK,1503.2,1308.6,False,resolved
IMG_20250522_cojo_0006.png,otsu_chroma,1,299.9994,0.008467,0.008333,12,0.943,vertical,630,-1.58,OK,3456,2376,True,0.0016,label block centroid row=944 of 3456,4,38621,2.7685,2.004,0.9882,0.4301,OK,OK,2131.8,2010.7,True,resolved
IMG_20250522_cojo_0006.png,otsu_chroma,2,299.9994,0.008467,0.008333,12,0.943,vertical,630,-1.58,OK,3456,2376,True,0.0016,label block centroid row=944 of 3456,4,36052,2.5844,1.89,0.9878,0.303,OK,OK,1590.9,1218.3,False,resolved
IMG_20250522_cojo_0006.png,otsu_chroma,3,299.9994,0.008467,0.008333,12,0.943,vertical,630,-1.58,OK,3456,2376,True,0.0016,label block centroid row=944 of 3456,4,35904,2.5738,1.964,0.9837,0.491,OK,OK,1471.4,2007.5,False,resolved
IMG_20250522_cojo_0006.png,otsu_chroma,4,299.9994,0.008467,0.008333,12,0.943,vertical,630,-1.58,OK,3456,2376,True,0.0016,label block centroid row=944 of 3456,4,33406,2.3947,1.831,0.9863,0.3282,OK,OK,1979.5,1242.1,False,resolved
IMG_20250522_cojo_0007.png,otsu_chroma,1,299.9994,0.008467,0.008333,12,0.948,vertical,0,-1.58,OK,1944,1640,False,0.0018,label block centroid row=1198 of 1944,4,61844,4.4333,2.667,0.989,0.5854,OK,OK,603.3,1402.7,True,resolved
IMG_20250522_cojo_0007.png,otsu_chroma,2,299.9994,0.008467,0.008333,12,0.948,vertical,0,-1.58,OK,1944,1640,False,0.0018,label block centroid row=1198 of 1944,4,61165,4.3846,2.776,0.9446,0.6419,OK,OK,1271.3,1271.2,False,resolved
IMG_20250522_cojo_0007.png,otsu_chroma,3,299.9994,0.008467,0.008333,12,0.948,vertical,0,-1.58,OK,1944,1640,False,0.0018,label block centroid row=1198 of 1944,4,54227,3.8872,2.371,0.9798,0.4291,OK,OK,770.4,757.1,False,resolved
IMG_20250522_cojo_0007.png,otsu_chroma,4,299.9994,0.008467,0.008333,12,0.948,vertical,0,-1.58,OK,1944,1640,False,0.0018,label block centroid row=1198 of 1944,4,50842,3.6446,2.296,0.9906,0.4375,OK,OK,1205.9,634.7,False,resolved
IMG_20250522_cojo_0008.png,otsu_chroma,1,299.9994,0.008467,0.008333,12,0.934,vertical,630,-1.58,OK,3456,2368,False,0.0012,label block centroid row=2941 of 3456,4,36757,2.6349,2.056,0.9833,0.5893,OK,OK,1987.4,1687.3,True,resolved
IMG_20250522_cojo_0008.png,otsu_chroma,2,299.9994,0.008467,0.008333,12,0.934,vertical,630,-1.58,OK,3456,2368,False,0.0012,label block centroid row=2941 of 3456,4,34636,2.4829,2.026,0.9828,0.6199,OK,OK,1502.4,1726.7,False,resolved
IMG_20250522_cojo_0008.png,otsu_chroma,3,299.9994,0.008467,0.008333,12,0.934,vertical,630,-1.58,OK,3456,2368,False,0.0012,label block centroid row=2941 of 3456,4,31423,2.2525,1.868,0.9801,0.5424,OK,OK,1623.1,1159.5,False,resolved
IMG_20250522_cojo_0008.png,otsu_chroma,4,299.9994,0.008467,0.008333,12,0.934,vertical,630,-1.58,OK,3456,2368,False,0.0012,label block centroid row=2941 of 3456,4,29753,2.1328,1.824,0.981,0.5532,OK,OK,2012.9,1199.9,False,resolved
IMG_20250522_cojo_0009.png,otsu_chroma,1,299.9994,0.008467,0.008333,12,0.948,vertical,45,-1.58,OK,1940,1480,False,0.0059,label block centroid row=1218 of 1940,4,65460,4.6925,2.601,0.9886,0.3979,OK,OK,1076.9,1082.7,True,resolved
IMG_20250522_cojo_0009.png,otsu_chroma,2,299.9994,0.008467,0.008333,12,0.948,vertical,45,-1.58,OK,1940,1480,False,0.0059,label block centroid row=1218 of 1940,4,64500,4.6237,2.546,0.989,0.3185,OK,OK,424.6,1201.6,False,resolved
IMG_20250522_cojo_0009.png,otsu_chroma,3,299.9994,0.008467,0.008333,12,0.948,vertical,45,-1.58,OK,1940,1480,False,0.0059,label block centroid row=1218 of 1940,4,64442,4.6195,2.498,0.9904,0.1875,OK,OK,1172.0,562.4,False,resolved
IMG_20250522_cojo_0009.png,otsu_chroma,4,299.9994,0.008467,0.008333,12,0.948,vertical,45,-1.58,OK,1940,1480,False,0.0059,label block centroid row=1218 of 1940,4,61333,4.3966,2.452,0.9876,0.2429,OK,OK,600.0,512.5,False,resolved
IMG_20250522_cojo_0010.png,otsu_chroma,1,299.9994,0.008467,0.008333,12,0.964,vertical,45,-1.58,OK,1940,1671,True,0.0047,label block centroid row=903 of 1940,4,24937,1.7876,1.738,0.9026,0.5593,OK,OK,1088.9,1250.7,True,resolved
IMG_20250522_cojo_0010.png,otsu_chroma,2,299.9994,0.008467,0.008333,12,0.964,vertical,45,-1.58,OK,1940,1671,True,0.0047,label block centroid row=903 of 1940,4,23232,1.6654,1.503,0.9782,0.1963,OK,OK,561.2,1346.1,False,resolved
IMG_20250522_cojo_0010.png,otsu_chroma,3,299.9994,0.008467,0.008333,12,0.964,vertical,45,-1.58,OK,1940,1671,True,0.0047,label block centroid row=903 of 1940,4,21996,1.5768,1.519,0.9777,0.4031,OK,OK,1005.5,718.4,False,resolved
IMG_20250522_cojo_0010.png,otsu_chroma,4,299.9994,0.008467,0.008333,12,0.964,vertical,45,-1.58,OK,1940,1671,True,0.0047,label block centroid row=903 of 1940,4,21847,1.5661,1.489,0.9834,0.334,OK,OK,538.9,679.1,False,resolved
IMG_20250522_cojo_0011.png,otsu_chroma,1,299.9994,0.008467,0.008333,12,0.945,vertical,0,-1.58,OK,1944,1668,False,0.0014,label block centroid row=1532 of 1944,4,37289,2.6731,1.894,0.9897,0.2638,OK,OK,774.1,1295.7,True,resolved
IMG_20250522_cojo_0011.png,otsu_chroma,2,299.9994,0.008467,0.008333,12,0.945,vertical,0,-1.58,OK,1944,1668,False,0.0014,label block centroid row=1532 of 1944,4,36331,2.6044,1.897,0.9844,0.3481,OK,OK,1242.5,1226.6,False,resolved
IMG_20250522_cojo_0011.png,otsu_chroma,3,299.9994,0.008467,0.008333,12,0.945,vertical,0,-1.58,OK,1944,1668,False,0.0014,label block centroid row=1532 of 1944,4,33079,2.3713,1.78,0.9873,0.2081,OK,OK,728.8,701.3,False,resolved
IMG_20250522_cojo_0011.png,otsu_chroma,4,299.9994,0.008467,0.008333,12,0.945,vertical,0,-1.58,OK,1944,1668,False,0.0014,label block centroid row=1532 of 1944,4,32874,2.3566,1.81,0.979,0.3398,OK,OK,1244.8,717.1,False,resolved
IMG_20250522_cojo_0012.png,otsu_chroma,1,299.9994,0.008467,0.008333,12,0.951,vertical,0,-1.58,OK,1944,2096,True,0.004,label block centroid row=869 of 1944,4,40045,2.8706,2.025,0.9816,0.368,OK,OK,1316.8,1685.0,True,resolved
IMG_20250522_cojo_0012.png,otsu_chroma,2,299.9994,0.008467,0.008333,12,0.951,vertical,0,-1.58,OK,1944,2096,True,0.004,label block centroid row=869 of 1944,4,37947,2.7202,1.923,0.98,0.1784,OK,OK,772.3,1526.5,False,resolved
IMG_20250522_cojo_0012.png,otsu_chroma,3,299.9994,0.008467,0.008333,12,0.951,vertical,0,-1.58,OK,1944,2096,True,0.004,label block centroid row=869 of 1944,4,36868,2.6429,2.032,0.9854,0.5284,OK,OK,796.9,1097.6,False,resolved
IMG_20250522_cojo_0012.png,otsu_chroma,4,299.9994,0.008467,0.008333,12,0.951,vertical,0,-1.58,OK,1944,2096,True,0.004,label block centroid row=869 of 1944,4,34704,2.4877,1.887,0.9882,0.3752,OK,OK,1259.1,1214.7,False,resolved
IMG_20250522_cojo_0013.png,otsu_chroma,1,299.9994,0.008467,0.008333,12,0.957,vertical,315,-1.58,OK,3168,2550,False,0.0015,label block centroid row=3163 of 3168,4,60470,4.3348,2.523,0.989,0.4419,OK,OK,2449.6,1962.8,True,resolved
IMG_20250522_cojo_0013.png,otsu_chroma,2,299.9994,0.008467,0.008333,12,0.957,vertical,315,-1.58,OK,3168,2550,False,0.0015,label block centroid row=3163 of 3168,4,58868,4.2199,2.484,0.988,0.4273,OK,OK,1938.6,1269.0,False,resolved
IMG_20250522_cojo_0013.png,otsu_chroma,3,299.9994,0.008467,0.008333,12,0.957,vertical,315,-1.58,OK,3168,2550,False,0.0015,label block centroid row=3163 of 3168,4,52232,3.7442,2.501,0.9875,0.5962,OK,OK,2456.5,1298.1,False,resolved
IMG_20250522_cojo_0013.png,otsu_chroma,4,299.9994,0.008467,0.008333,12,0.957,vertical,315,-1.58,OK,3168,2550,False,0.0015,label block centroid row=3163 of 3168,4,52191,3.7413,2.469,0.9888,0.5643,OK,OK,1835.6,1894.4,False,resolved
IMG_20250522_cojo_0014.png,otsu_chroma,1,299.9994,0.008467,0.008333,12,0.95,vertical,0,-1.58,OK,2068,1648,True,0.0019,label block centroid row=850 of 2068,4,66335,4.7552,2.639,0.9813,0.4132,OK,OK,692.7,1349.9,True,resolved
IMG_20250522_cojo_0014.png,otsu_chroma,2,299.9994,0.008467,0.008333,12,0.95,vertical,0,-1.58,OK,2068,1648,True,0.0019,label block centroid row=850 of 2068,4,59750,4.2832,2.563,0.9898,0.4964,OK,OK,1265.8,1421.9,False,resolved
IMG_20250522_cojo_0014.png,otsu_chroma,3,299.9994,0.008467,0.008333,12,0.95,vertical,0,-1.58,OK,2068,1648,True,0.0019,label block centroid row=850 of 2068,4,54820,3.9298,2.332,0.9809,0.2566,OK,OK,566.6,622.5,False,resolved
IMG_20250522_cojo_0014.png,otsu_chroma,4,299.9994,0.008467,0.008333,12,0.95,vertical,0,-1.58,OK,2068,1648,True,0.0019,label block centroid row=850 of 2068,4,51182,3.669,2.293,0.9852,0.3394,OK,OK,1151.4,696.9,False,resolved
IMG_20250522_cojo_0015.png,otsu_chroma,1,299.9994,0.008467,0.008333,12,0.949,vertical,315,-1.58,OK,3068,2384,False,0.0016,label block centroid row=2828 of 3068,4,61386,4.4004,2.706,0.9795,0.6208,OK,OK,2332.4,1770.4,True,resolved
IMG_20250522_cojo_0015.png,otsu_chroma,2,299.9994,0.008467,0.008333,12,0.949,vertical,315,-1.58,OK,3068,2384,False,0.0016,label block centroid row=2828 of 3068,4,60036,4.3037,2.685,0.9824,0.6334,OK,OK,1684.6,1802.9,False,resolved
IMG_20250522_cojo_0015.png,otsu_chroma,3,299.9994,0.008467,0.008333,12,0.949,vertical,315,-1.58,OK,3068,2384,False,0.0016,label block centroid row=2828 of 3068,4,50029,3.5863,2.367,0.9864,0.5458,OK,OK,2279.3,1107.8,False,resolved
IMG_20250522_cojo_0015.png,otsu_chroma,4,299.9994,0.008467,0.008333,12,0.949,vertical,315,-1.58,OK,3068,2384,False,0.0016,label block centroid row=2828 of 3068,4,46726,3.3495,2.275,0.9862,0.528,OK,OK,1747.0,1106.3,False,resolved
percos_20250523_0001.png,otsu_chroma,1,299.9994,0.008467,0.008333,12,0.911,vertical,0,-1.58,OK,1940,1444,True,0.0018,label block centroid row=164 of 1940,4,67506,4.8391,2.657,0.9841,0.4348,OK,OK,1202.7,1092.4,True,resolved
percos_20250523_0001.png,otsu_chroma,2,299.9994,0.008467,0.008333,12,0.911,vertical,0,-1.58,OK,1940,1444,True,0.0018,label block centroid row=164 of 1940,4,66899,4.7956,2.613,0.984,0.3992,OK,OK,724.0,1046.5,False,resolved
percos_20250523_0001.png,otsu_chroma,3,299.9994,0.008467,0.008333,12,0.911,vertical,0,-1.58,OK,1940,1444,True,0.0018,label block centroid row=164 of 1940,4,66141,4.7413,2.533,0.9836,0.1991,OK,OK,694.1,546.7,False,resolved
percos_20250523_0001.png,otsu_chroma,4,299.9994,0.008467,0.008333,12,0.911,vertical,0,-1.58,OK,1940,1444,True,0.0018,label block centroid row=164 of 1940,4,64742,4.641,2.531,0.9772,0.2389,OK,OK,1199.3,552.1,False,resolved
percos_20250523_0002.png,otsu_chroma,1,299.9994,0.008467,0.008333,12,0.917,vertical,0,-1.58,OK,1940,1508,True,0.0017,label block centroid row=107 of 1940,4,61855,4.4341,2.455,0.9887,0.2618,OK,OK,725.9,681.2,True,resolved
percos_20250523_0002.png,otsu_chroma,2,299.9994,0.008467,0.008333,12,0.917,vertical,0,-1.58,OK,1940,1508,True,0.0017,label block centroid row=107 of 1940,4,55994,4.0139,2.388,0.9843,0.381,OK,OK,1287.2,1075.0,False,resolved
percos_20250523_0002.png,otsu_chroma,3,299.9994,0.008467,0.008333,12,0.917,vertical,0,-1.58,OK,1940,1508,True,0.0017,label block centroid row=107 of 1940,4,54923,3.9371,2.328,0.9847,0.3043,OK,OK,837.5,1133.1,False,resolved
percos_20250523_0002.png,otsu_chroma,4,299.9994,0.008467,0.008333,12,0.917,vertical,0,-1.58,OK,1940,1508,True,0.0017,label block centroid row=107 of 1940,4,46478,3.3318,2.161,0.9868,0.3188,OK,OK,1137.0,652.3,False,resolved
percos_20250523_0003.png,otsu_chroma,1,299.9994,0.008467,0.011111,9,0.957,horizontal,0,31.23,SCALE_MISMATCH,1935,1534,True,0.0139,label block centroid row=853 of 1935,4,84437,6.0528,3.032,0.9903,0.4869,OK,OK,1288.6,1145.8,True,resolved
percos_20250523_0003.png,otsu_chroma,2,299.9994,0.008467,0.011111,9,0.957,horizontal,0,31.23,SCALE_MISMATCH,1935,1534,True,0.0139,label block centroid row=853 of 1935,4,77416,5.5495,2.865,0.9857,0.4339,OK,OK,738.0,1247.0,False,resolved
percos_20250523_0003.png,otsu_chroma,3,299.9994,0.008467,0.011111,9,0.957,horizontal,0,31.23,SCALE_MISMATCH,1935,1534,True,0.0139,label block centroid row=853 of 1935,4,74231,5.3212,2.965,0.9851,0.5879,OK,OK,645.3,734.8,False,resolved
percos_20250523_0003.png,otsu_chroma,4,299.9994,0.008467,0.011111,9,0.957,horizontal,0,31.23,SCALE_MISMATCH,1935,1534,True,0.0139,label block centroid row=853 of 1935,4,65212,4.6747,2.933,0.9753,0.6916,OK,OK,1087.5,643.9,False,resolved
percos_20250523_0004.png,otsu_chroma,1,299.9994,0.008467,0.008333,12,0.945,vertical,0,-1.58,OK,1938,1547,True,0.0104,label block centroid row=785 of 1938,4,65469,4.6931,2.501,0.9805,0.2003,OK,OK,1257.5,1107.9,True,resolved
percos_20250523_0004.png,otsu_chroma,2,299.9994,0.008467,0.008333,12,0.945,vertical,0,-1.58,OK,1938,1547,True,0.0104,label block centroid row=785 of 1938,4,63934,4.5831,2.497,0.984,0.2656,OK,OK,1181.6,611.6,False,resolved
percos_20250523_0004.png,otsu_chroma,3,299.9994,0.008467,0.008333,12,0.945,vertical,0,-1.58,OK,1938,1547,True,0.0104,label block centroid row=785 of 1938,4,56580,4.0559,2.382,0.9882,0.3708,OK,OK,699.8,636.4,False,resolved
percos_20250523_0004.png,otsu_chroma,4,299.9994,0.008467,0.008333,12,0.945,vertical,0,-1.58,OK,1938,1547,True,0.0104,label block centroid row=785 of 1938,4,52785,3.7839,2.349,0.9859,0.4258,OK,OK,749.6,987.3,False,resolved
percos_20250523_0005.png,otsu_chroma,1,299.9994,0.008467,0.008333,12,0.929,vertical,135,-1.58,OK,2208,1560,True,0.004,label block centroid row=975 of 2208,4,61746,4.4262,2.493,0.987,0.3651,OK,OK,1440.0,1076.6,True,resolved
percos_20250523_0005.png,otsu_chroma,2,299.9994,0.008467,0.008333,12,0.929,vertical,135,-1.58,OK,2208,1560,True,0.004,label block centroid row=975 of 2208,4,55039,3.9455,2.344,0.9809,0.3431,OK,OK,977.8,786.4,False,resolved
percos_20250523_0005.png,otsu_chroma,3,299.9994,0.008467,0.008333,12,0.929,vertical,135,-1.58,OK,2208,1560,True,0.004,label block centroid row=975 of 2208,4,53824,3.8584,2.343,0.9861,0.4097,OK,OK,880.6,1137.8,False,resolved
percos_20250523_0005.png,otsu_chroma,4,299.9994,0.008467,0.008333,12,0.929,vertical,135,-1.58,OK,2208,1560,True,0.004,label block centroid row=975 of 2208,4,49941,3.58,2.253,0.9853,0.3586,OK,OK,1488.3,719.3,False,resolved
percos_20250523_0006.png,otsu_chroma,1,299.9994,0.008467,0.008333,12,0.97,vertical,0,-1.58,OK,1943,1605,False,0.0086,label block centroid row=1178 of 1943,4,52719,3.7791,2.286,0.982,0.33,OK,OK,743.2,1074.6,True,resolved
percos_20250523_0006.png,otsu_chroma,2,299.9994,0.008467,0.008333,12,0.97,vertical,0,-1.58,OK,1943,1605,False,0.0086,label block centroid row=1178 of 1943,4,46653,3.3443,2.115,0.9847,0.2393,OK,OK,1270.0,1208.8,False,resolved
percos_20250523_0006.png,otsu_chroma,3,299.9994,0.008467,0.008333,12,0.97,vertical,0,-1.58,OK,1943,1605,False,0.0086,label block centroid row=1178 of 1943,4,44930,3.2208,2.179,0.9859,0.4546,OK,OK,929.5,567.4,False,resolved
percos_20250523_0006.png,otsu_chroma,4,299.9994,0.008467,0.008333,12,0.97,vertical,0,-1.58,OK,1943,1605,False,0.0086,label block centroid row=1178 of 1943,4,43638,3.1282,2.14,0.9764,0.4125,OK,OK,1280.4,699.7,False,resolved
percos_20250523_0007.png,otsu_chroma,1,299.9994,0.008467,0.008333,12,0.947,vertical,45,-1.58,OK,1936,1444,True,0.0083,label block centroid row=895 of 1936,4,90989,6.5225,2.993,0.986,0.2243,OK,OK,735.9,1137.6,True,resolved
percos_20250523_0007.png,otsu_chroma,2,299.9994,0.008467,0.008333,12,0.947,vertical,45,-1.58,OK,1936,1444,True,0.0083,label block centroid row=895 of 1936,4,89575,6.4212,3.057,0.988,0.3784,OK,OK,822.1,489.9,False,resolved
percos_20250523_0007.png,otsu_chroma,3,299.9994,0.008467,0.008333,12,0.947,vertical,45,-1.58,OK,1936,1444,True,0.0083,label block centroid row=895 of 1936,4,87834,6.2964,2.961,0.9859,0.3226,OK,OK,1370.5,1173.0,False,resolved
percos_20250523_0007.png,otsu_chroma,4,299.9994,0.008467,0.008333,12,0.947,vertical,45,-1.58,OK,1936,1444,True,0.0083,label block centroid row=895 of 1936,4,73414,5.2627,2.968,0.9863,0.5833,OK,OK,1352.2,592.4,False,resolved
percos_20250523_0008.png,otsu_chroma,1,299.9994,0.008467,0.008333,12,0.949,vertical,135,-1.58,OK,1938,1446,False,0.0032,label block centroid row=1323 of 1938,4,59453,4.2619,2.527,0.978,0.4575,OK,OK,1254.2,1245.0,True,resolved
percos_20250523_0008.png,otsu_chroma,2,299.9994,0.008467,0.008333,12,0.949,vertical,135,-1.58,OK,1938,1446,False,0.0032,label block centroid row=1323 of 1938,4,55603,3.9859,2.419,0.9864,0.4431,OK,OK,823.2,1139.1,False,resolved
percos_20250523_0008.png,otsu_chroma,3,299.9994,0.008467,0.008333,12,0.949,vertical,135,-1.58,OK,1938,1446,False,0.0032,label block centroid row=1323 of 1938,4,46590,3.3398,2.15,0.9872,0.2659,OK,OK,1317.6,651.7,False,resolved
percos_20250523_0008.png,otsu_chroma,4,299.9994,0.008467,0.008333,12,0.949,vertical,135,-1.58,OK,1938,1446,False,0.0032,label block centroid row=1323 of 1938,4,45180,3.2387,2.137,0.9876,0.3248,OK,OK,846.0,635.1,False,resolved
percos_20250523_0009.png,otsu_chroma,1,299.9994,0.008467,0.008333,12,0.912,vertical,0,-1.58,OK,1940,1476,True,0.0025,label block centroid row=241 of 1940,4,53534,3.8376,2.273,0.9893,0.2315,OK,OK,865.5,1090.9,True,resolved
percos_20250523_0009.png,otsu_chroma,2,299.9994,0.008467,0.008333,12,0.912,vertical,0,-1.58,OK,1940,1476,True,0.0025,label block centroid row=241 of 1940,4,52737,3.7804,2.258,0.9861,0.1798,OK,OK,837.0,597.4,False,resolved
percos_20250523_0009.png,otsu_chroma,3,299.9994,0.008467,0.008333,12,0.912,vertical,0,-1.58,OK,1940,1476,True,0.0025,label block centroid row=241 of 1940,4,48640,3.4867,2.245,0.9884,0.4182,OK,OK,1266.0,592.4,False,resolved
percos_20250523_0009.png,otsu_chroma,4,299.9994,0.008467,0.008333,12,0.912,vertical,0,-1.58,OK,1940,1476,True,0.0025,label block centroid row=241 of 1940,4,46419,3.3275,2.147,0.9756,0.3054,OK,OK,1338.9,1093.6,False,resolved
percos_20250523_0010.png,otsu_chroma,1,299.9994,0.008467,0.008333,12,0.94,vertical,0,-1.58,OK,1940,1448,False,0.0031,label block centroid row=1210 of 1940,4,82631,5.9234,2.948,0.9877,0.4365,OK,OK,1430.9,1075.6,True,resolved
percos_20250523_0010.png,otsu_chroma,2,299.9994,0.008467,0.008333,12,0.94,vertical,0,-1.58,OK,1940,1448,False,0.0031,label block centroid row=1210 of 1940,4,79322,5.6862,2.8,0.988,0.2571,OK,OK,1035.2,1094.1,False,resolved
percos_20250523_0010.png,otsu_chroma,3,299.9994,0.008467,0.008333,12,0.94,vertical,0,-1.58,OK,1940,1448,False,0.0031,label block centroid row=1210 of 1940,4,71074,5.0949,2.759,0.9899,0.4456,OK,OK,842.7,555.6,False,resolved
percos_20250523_0010.png,otsu_chroma,4,299.9994,0.008467,0.008333,12,0.94,vertical,0,-1.58,OK,1940,1448,False,0.0031,label block centroid row=1210 of 1940,4,71070,5.0946,2.643,0.9888,0.2353,OK,OK,1361.5,549.7,False,resolved
percos_20250523_0011.png,otsu_chroma,1,299.9994,0.008467,0.008333,12,0.917,vertical,0,-1.58,OK,1940,1540,True,0.0024,label block centroid row=211 of 1940,4,44746,3.2076,2.102,0.9838,0.3201,OK,OK,1495.4,1053.9,True,resolved
percos_20250523_0011.png,otsu_chroma,2,299.9994,0.008467,0.008333,12,0.917,vertical,0,-1.58,OK,1940,1540,True,0.0024,label block centroid row=211 of 1940,4,40614,2.9114,2.005,0.9835,0.3267,OK,OK,960.3,1089.9,False,resolved
percos_20250523_0011.png,otsu_chroma,3,299.9994,0.008467,0.008333,12,0.917,vertical,0,-1.58,OK,1940,1540,True,0.0024,label block centroid row=211 of 1940,4,35980,2.5792,1.945,0.9861,0.4453,OK,OK,1276.8,584.6,False,resolved
percos_20250523_0011.png,otsu_chroma,4,299.9994,0.008467,0.008333,12,0.917,vertical,0,-1.58,OK,1940,1540,True,0.0024,label block centroid row=211 of 1940,4,32890,2.3577,1.914,0.9845,0.539,OK,OK,890.4,623.8,False,resolved
percos_20250523_0012.png,otsu_chroma,1,299.9994,0.008467,0.008333,12,0.924,vertical,45,-1.58,OK,1953,1453,True,0.0048,label block centroid row=8 of 1953,4,45027,3.2277,2.105,0.9854,0.3343,OK,OK,1222.3,938.3,True,resolved
percos_20250523_0012.png,otsu_chroma,2,299.9994,0.008467,0.008333,12,0.924,vertical,45,-1.58,OK,1953,1453,True,0.0048,label block centroid row=8 of 1953,4,43630,3.1276,2.07,0.9806,0.3102,OK,OK,1167.4,557.5,False,resolved
percos_20250523_0012.png,otsu_chroma,3,299.9994,0.008467,0.008333,12,0.924,vertical,45,-1.58,OK,1953,1453,True,0.0048,label block centroid row=8 of 1953,4,42460,3.0437,2.019,0.9789,0.2171,OK,OK,880.4,977.1,False,resolved
percos_20250523_0012.png,otsu_chroma,4,299.9994,0.008467,0.008333,12,0.924,vertical,45,-1.58,OK,1953,1453,True,0.0048,label block centroid row=8 of 1953,4,35013,2.5099,1.852,0.9759,0.2994,OK,OK,795.9,522.5,False,resolved
percos_20250523_0013.png,otsu_chroma,1,299.9994,0.008467,0.008333,12,0.936,vertical,45,-1.58,OK,1941,1437,True,0.0024,label block centroid row=174 of 1941,4,56110,4.0222,2.504,0.9806,0.5482,OK,OK,1256.7,1025.6,True,resolved
percos_20250523_0013.png,otsu_chroma,2,299.9994,0.008467,0.008333,12,0.936,vertical,45,-1.58,OK,1941,1437,True,0.0024,label block centroid row=174 of 1941,4,53909,3.8645,2.45,0.9864,0.5514,OK,OK,813.8,1057.1,False,resolved
percos_20250523_0013.png,otsu_chroma,3,299.9994,0.008467,0.008333,12,0.936,vertical,45,-1.58,OK,1941,1437,True,0.0024,label block centroid row=174 of 1941,4,52130,3.7369,2.335,0.9866,0.4333,OK,OK,788.7,612.1,False,resolved
percos_20250523_0013.png,otsu_chroma,4,299.9994,0.008467,0.008333,12,0.936,vertical,45,-1.58,OK,1941,1437,True,0.0024,label block centroid row=174 of 1941,4,48098,3.4479,2.173,0.9911,0.3012,OK,OK,1110.4,580.6,False,resolved
percos_20250523_0014.png,otsu_chroma,1,299.9994,0.008467,0.008333,12,0.941,vertical,90,-1.58,OK,1941,1448,False,0.0066,label block centroid row=1048 of 1941,4,73265,5.252,2.744,0.9911,0.3998,OK,OK,1215.9,611.7,True,resolved
percos_20250523_0014.png,otsu_chroma,2,299.9994,0.008467,0.008333,12,0.941,vertical,90,-1.58,OK,1941,1448,False,0.0066,label block centroid row=1048 of 1941,4,68530,4.9126,2.668,0.9897,0.4408,OK,OK,1292.1,1054.8,False,resolved
percos_20250523_0014.png,otsu_chroma,3,299.9994,0.008467,0.008333,12,0.941,vertical,90,-1.58,OK,1941,1448,False,0.0066,label block centroid row=1048 of 1941,4,66356,4.7567,2.606,0.9882,0.3811,OK,OK,795.4,531.8,False,resolved
percos_20250523_0014.png,otsu_chroma,4,299.9994,0.008467,0.008333,12,0.941,vertical,90,-1.58,OK,1941,1448,False,0.0066,label block centroid row=1048 of 1941,4,59369,4.2559,2.457,0.9903,0.353,OK,OK,806.5,1128.0,False,resolved
ptcon_20250523_0001.png,otsu_chroma,1,299.9994,0.008467,0.008333,12,0.888,vertical,45,-1.58,OK,1940,1828,False,0.0038,label block centroid row=1023 of 1940,4,47129,3.3784,2.217,0.9888,0.4341,OK,OK,575.8,1249.8,True,resolved
ptcon_20250523_0001.png,otsu_chroma,2,299.9994,0.008467,0.008333,12,0.888,vertical,45,-1.58,OK,1940,1828,False,0.0038,label block centroid row=1023 of 1940,4,44566,3.1947,2.158,0.9896,0.4521,OK,OK,1344.9,1455.5,False,resolved
ptcon_20250523_0001.png,otsu_chroma,3,299.9994,0.008467,0.008333,12,0.888,vertical,45,-1.58,OK,1940,1828,False,0.0038,label block centroid row=1023 of 1940,4,44075,3.1595,2.071,0.9903,0.2129,OK,OK,1407.9,813.1,False,resolved
ptcon_20250523_0001.png,otsu_chroma,4,299.9994,0.008467,0.008333,12,0.888,vertical,45,-1.58,OK,1940,1828,False,0.0038,label block centroid row=1023 of 1940,4,40779,2.9232,2.005,0.9872,0.2434,OK,OK,801.8,786.8,False,resolved
ptcon_20250523_0002.png,otsu_chroma,1,299.9994,0.008467,0.008333,12,0.896,vertical,270,-1.58,OK,2052,2332,False,0.0027,label block centroid row=2042 of 2052,4,38159,2.7354,2.01,0.9679,0.4733,OK,OK,938.5,741.9,True,resolved
ptcon_20250523_0002.png,otsu_chroma,2,299.9994,0.008467,0.008333,12,0.896,vertical,270,-1.58,OK,2052,2332,False,0.0027,label block centroid row=2042 of 2052,4,35561,2.5492,1.856,0.9842,0.2635,OK,OK,1388.3,1240.6,False,resolved
ptcon_20250523_0002.png,otsu_chroma,3,299.9994,0.008467,0.008333,12,0.896,vertical,270,-1.58,OK,2052,2332,False,0.0027,label block centroid row=2042 of 2052,4,33564,2.406,1.802,0.9861,0.2432,OK,OK,1310.7,740.6,False,resolved
ptcon_20250523_0002.png,otsu_chroma,4,299.9994,0.008467,0.008333,12,0.896,vertical,270,-1.58,OK,2052,2332,False,0.0027,label block centroid row=2042 of 2052,4,30333,2.1744,1.737,0.9855,0.3375,OK,OK,939.1,1213.6,False,resolved
ptcon_20250523_0003.png,otsu_chroma,1,299.9994,0.008467,0.008333,12,0.938,vertical,90,-1.58,OK,1941,1480,True,0.0018,label block centroid row=198 of 1941,4,60766,4.356,2.704,0.9709,0.6368,OK,OK,1311.5,1185.5,True,resolved
ptcon_20250523_0003.png,otsu_chroma,2,299.9994,0.008467,0.008333,12,0.938,vertical,90,-1.58,OK,1941,1480,True,0.0018,label block centroid row=198 of 1941,4,58245,4.1753,2.715,0.9848,0.6839,OK,OK,828.9,1192.0,False,resolved
ptcon_20250523_0003.png,otsu_chroma,3,299.9994,0.008467,0.008333,12,0.938,vertical,90,-1.58,OK,1941,1480,True,0.0018,label block centroid row=198 of 1941,4,49758,3.5669,2.374,0.9872,0.5607,OK,OK,719.1,647.9,False,resolved
ptcon_20250523_0003.png,otsu_chroma,4,299.9994,0.008467,0.008333,12,0.938,vertical,90,-1.58,OK,1941,1480,True,0.0018,label block centroid row=198 of 1941,4,47335,3.3932,2.253,0.9885,0.4905,OK,OK,1136.7,685.0,False,resolved
ptcon_20250523_0004.png,otsu_chroma,1,299.9994,0.008467,0.008333,12,0.942,horizontal,0,-1.58,OK,1946,1444,True,0.0148,label block centroid row=840 of 1946,4,83483,5.9845,3.049,0.9905,0.5298,OK,OK,1462.1,1136.2,True,resolved
ptcon_20250523_0004.png,otsu_chroma,2,299.9994,0.008467,0.008333,12,0.942,horizontal,0,-1.58,OK,1946,1444,True,0.0148,label block centroid row=840 of 1946,4,80588,5.7769,3.008,0.992,0.54,OK,OK,744.2,674.9,False,resolved
ptcon_20250523_0004.png,otsu_chroma,3,299.9994,0.008467,0.008333,12,0.942,horizontal,0,-1.58,OK,1946,1444,True,0.0148,label block centroid row=840 of 1946,4,73518,5.2701,2.708,0.9911,0.2798,OK,OK,1282.6,645.3,False,resolved
ptcon_20250523_0004.png,otsu_chroma,4,299.9994,0.008467,0.008333,12,0.942,horizontal,0,-1.58,OK,1946,1444,True,0.0148,label block centroid row=840 of 1946,4,64387,4.6156,2.508,0.99,0.1738,OK,OK,790.4,1203.6,False,resolved
ptcon_20250523_0005.png,otsu_chroma,1,299.9994,0.008467,0.008333,12,0.917,vertical,45,-1.58,OK,1940,1443,True,0.0036,label block centroid row=953 of 1940,4,73175,5.2455,2.866,0.9865,0.5384,OK,OK,1373.5,1095.9,True,resolved
ptcon_20250523_0005.png,otsu_chroma,2,299.9994,0.008467,0.008333,12,0.917,vertical,45,-1.58,OK,1940,1443,True,0.0036,label block centroid row=953 of 1940,4,72957,5.2299,2.895,0.9871,0.5693,OK,OK,882.2,1170.3,False,resolved
ptcon_20250523_0005.png,otsu_chroma,3,299.9994,0.008467,0.008333,12,0.917,vertical,45,-1.58,OK,1940,1443,True,0.0036,label block centroid row=953 of 1940,4,69090,4.9527,2.69,0.9812,0.4032,OK,OK,1148.1,734.4,False,resolved
ptcon_20250523_0005.png,otsu_chroma,4,299.9994,0.008467,0.008333,12,0.917,vertical,45,-1.58,OK,1940,1443,True,0.0036,label block centroid row=953 of 1940,4,65237,4.6765,2.633,0.9865,0.445,OK,OK,695.0,685.8,False,resolved
ptcon_20250523_0006.png,otsu_chroma,1,299.9994,0.008467,0.008333,12,0.911,vertical,180,-1.58,OK,1940,1459,False,0.0063,label block centroid row=1056 of 1940,4,32348,2.3189,1.889,0.9844,0.5459,OK,OK,916.5,1063.8,True,resolved
ptcon_20250523_0006.png,otsu_chroma,2,299.9994,0.008467,0.008333,12,0.911,vertical,180,-1.58,OK,1940,1459,False,0.0063,label block centroid row=1056 of 1940,4,29957,2.1475,1.804,0.9846,0.5241,OK,OK,1298.2,1071.9,False,resolved
ptcon_20250523_0006.png,otsu_chroma,3,299.9994,0.008467,0.008333,12,0.911,vertical,180,-1.58,OK,1940,1459,False,0.0063,label block centroid row=1056 of 1940,4,25660,1.8394,1.616,0.9872,0.4142,OK,OK,806.5,717.6,False,resolved
ptcon_20250523_0006.png,otsu_chroma,4,299.9994,0.008467,0.008333,12,0.911,vertical,180,-1.58,OK,1940,1459,False,0.0063,label block centroid row=1056 of 1940,4,25579,1.8336,1.624,0.9867,0.4398,OK,OK,1161.9,668.9,False,resolved
ptcon_20250523_0007.png,otsu_chroma,1,299.9994,0.008467,0.008333,12,0.953,vertical,0,-1.58,OK,1949,1561,False,0.0045,label block centroid row=1026 of 1949,4,62197,4.4586,2.675,0.9808,0.5531,OK,OK,602.4,1061.8,True,resolved
ptcon_20250523_0007.png,otsu_chroma,2,299.9994,0.008467,0.008333,12,0.953,vertical,0,-1.58,OK,1949,1561,False,0.0045,label block centroid row=1026 of 1949,4,61611,4.4166,2.697,0.9866,0.5856,OK,OK,1245.1,1025.3,False,resolved
ptcon_20250523_0007.png,otsu_chroma,3,299.9994,0.008467,0.008333,12,0.953,vertical,0,-1.58,OK,1949,1561,False,0.0045,label block centroid row=1026 of 1949,4,58478,4.192,2.518,0.988,0.4646,OK,OK,1237.2,531.6,False,resolved
ptcon_20250523_0007.png,otsu_chroma,4,299.9994,0.008467,0.008333,12,0.953,vertical,0,-1.58,OK,1949,1561,False,0.0045,label block centroid row=1026 of 1949,4,53138,3.8092,2.437,0.9881,0.5064,OK,OK,759.2,508.7,False,resolved
ptcon_20250523_0008.png,otsu_chroma,1,299.9994,0.008467,0.008333,12,0.972,vertical,90,-1.58,OK,1944,1440,False,0.0066,label block centroid row=1106 of 1944,2,50818,3.6429,2.267,0.9881,0.375,OK,OK,1099.6,639.0,True,resolved
ptcon_20250523_0008.png,otsu_chroma,2,299.9994,0.008467,0.008333,12,0.972,vertical,90,-1.58,OK,1944,1440,False,0.0066,label block centroid row=1106 of 1944,2,43382,3.1098,2.05,0.9872,0.1997,OK,OK,1045.4,1043.4,False,resolved
ptcon_20250523_0009.png,otsu_chroma,1,299.9994,0.008467,0.008333,12,0.964,vertical,0,-1.58,OK,1941,1608,False,0.0058,label block centroid row=1084 of 1941,4,94710,6.7893,3.353,0.9689,0.6184,OK,OK,683.8,1327.1,True,resolved
ptcon_20250523_0009.png,otsu_chroma,2,299.9994,0.008467,0.008333,12,0.964,vertical,0,-1.58,OK,1941,1608,False,0.0058,label block centroid row=1084 of 1941,4,90757,6.5059,3.204,0.9864,0.5522,OK,OK,1152.8,1327.0,False,resolved
ptcon_20250523_0009.png,otsu_chroma,3,299.9994,0.008467,0.008333,12,0.964,vertical,0,-1.58,OK,1941,1608,False,0.0058,label block centroid row=1084 of 1941,4,83515,5.9868,2.949,0.9879,0.4129,OK,OK,711.8,777.1,False,resolved
ptcon_20250523_0009.png,otsu_chroma,4,299.9994,0.008467,0.008333,12,0.964,vertical,0,-1.58,OK,1941,1608,False,0.0058,label block centroid row=1084 of 1941,4,81130,5.8158,2.857,0.9885,0.3215,OK,OK,1125.1,735.9,False,resolved
ptcon_20250523_0010.png,otsu_chroma,1,299.9994,0.008467,0.008333,12,0.882,vertical,0,-1.58,OK,2004,1480,True,0.0044,label block centroid row=63 of 2004,4,47435,3.4004,2.371,0.9842,0.6229,OK,OK,1295.6,1035.3,True,resolved
ptcon_20250523_0010.png,otsu_chroma,2,299.9994,0.008467,0.008333,12,0.882,vertical,0,-1.58,OK,2004,1480,True,0.0044,label block centroid row=63 of 2004,4,46080,3.3032,2.322,0.9838,0.6094,OK,OK,904.5,1046.5,False,resolved
ptcon_20250523_0010.png,otsu_chroma,3,299.9994,0.008467,0.008333,12,0.882,vertical,0,-1.58,OK,2004,1480,True,0.0044,label block centroid row=63 of 2004,4,43363,3.1085,2.171,0.9863,0.5063,OK,OK,833.9,438.7,False,resolved
ptcon_20250523_0010.png,otsu_chroma,4,299.9994,0.008467,0.008333,12,0.882,vertical,0,-1.58,OK,2004,1480,True,0.0044,label block centroid row=63 of 2004,4,40430,2.8982,2.079,0.9838,0.4788,OK,OK,1294.2,598.1,False,resolved
ptcon_20250523_0011.png,otsu_chroma,1,299.9994,0.008467,0.008333,12,0.916,vertical,135,-1.58,OK,2068,2388,True,0.0039,label block centroid row=907 of 2068,4,53195,3.8133,2.363,0.9811,0.448,OK,OK,677.1,1120.7,True,resolved
ptcon_20250523_0011.png,otsu_chroma,2,299.9994,0.008467,0.008333,12,0.916,vertical,135,-1.58,OK,2068,2388,True,0.0039,label block centroid row=907 of 2068,4,51934,3.7229,2.408,0.9835,0.5316,OK,OK,1123.3,1127.6,False,resolved
ptcon_20250523_0011.png,otsu_chroma,3,299.9994,0.008467,0.008333,12,0.916,vertical,135,-1.58,OK,2068,2388,True,0.0039,label block centroid row=907 of 2068,4,46710,3.3484,2.163,0.9842,0.3045,OK,OK,743.0,660.4,False,resolved
ptcon_20250523_0011.png,otsu_chroma,4,299.9994,0.008467,0.008333,12,0.916,vertical,135,-1.58,OK,2068,2388,True,0.0039,label block centroid row=907 of 2068,4,44304,3.1759,2.125,0.9814,0.3278,OK,OK,1143.3,759.2,False,resolved
ptcon_20250523_0012.png,otsu_chroma,1,299.9994,0.008467,0.008333,12,0.944,vertical,0,-1.58,OK,1939,1569,True,0.0028,label block centroid row=414 of 1939,4,75207,5.3912,2.803,0.9898,0.4358,OK,OK,765.3,1217.5,True,resolved
ptcon_20250523_0012.png,otsu_chroma,2,299.9994,0.008467,0.008333,12,0.944,vertical,0,-1.58,OK,1939,1569,True,0.0028,label block centroid row=414 of 1939,4,73218,5.2486,2.837,0.9884,0.5201,OK,OK,1238.9,1199.5,False,resolved
ptcon_20250523_0012.png,otsu_chroma,3,299.9994,0.008467,0.008333,12,0.944,vertical,0,-1.58,OK,1939,1569,True,0.0028,label block centroid row=414 of 1939,4,63837,4.5761,2.491,0.9888,0.1936,OK,OK,1031.5,596.7,False,resolved
ptcon_20250523_0012.png,otsu_chroma,4,299.9994,0.008467,0.008333,12,0.944,vertical,0,-1.58,OK,1939,1569,True,0.0028,label block centroid row=414 of 1939,4,59813,4.2877,2.434,0.9899,0.2804,OK,OK,675.9,677.7,False,resolved
ptcon_20250523_0013.png,otsu_chroma,1,299.9994,0.008467,0.007692,13,0.917,horizontal,0,-9.15,SCALE_MISMATCH,1940,1531,True,0.0136,label block centroid row=742 of 1940,4,49970,3.5821,2.435,0.9705,0.6009,OK,OK,770.8,1059.0,True,resolved
ptcon_20250523_0013.png,otsu_chroma,2,299.9994,0.008467,0.007692,13,0.917,horizontal,0,-9.15,SCALE_MISMATCH,1940,1531,True,0.0136,label block centroid row=742 of 1940,4,47401,3.3979,2.284,0.9858,0.5267,OK,OK,1282.1,1076.2,False,resolved
ptcon_20250523_0013.png,otsu_chroma,3,299.9994,0.008467,0.007692,13,0.917,horizontal,0,-9.15,SCALE_MISMATCH,1940,1531,True,0.0136,label block centroid row=742 of 1940,4,37256,2.6707,1.886,0.9849,0.0205,OK,OK,1172.4,563.5,False,resolved
ptcon_20250523_0013.png,otsu_chroma,4,299.9994,0.008467,0.007692,13,0.917,horizontal,0,-9.15,SCALE_MISMATCH,1940,1531,True,0.0136,label block centroid row=742 of 1940,4,34792,2.4941,1.88,0.9782,0.3481,OK,OK,704.8,602.0,False,resolved
ptcon_20250523_0014.png,otsu_chroma,1,299.9994,0.008467,0.008333,12,0.91,vertical,0,-1.58,OK,1941,1537,True,0.0019,label block centroid row=3 of 1941,4,80117,5.7432,2.997,0.9902,0.5489,OK,OK,705.8,1245.3,True,resolved
ptcon_20250523_0014.png,otsu_chroma,2,299.9994,0.008467,0.008333,12,0.91,vertical,0,-1.58,OK,1941,1537,True,0.0019,label block centroid row=3 of 1941,4,79025,5.6649,2.909,0.9886,0.4722,OK,OK,1251.2,1146.6,False,resolved
ptcon_20250523_0014.png,otsu_chroma,3,299.9994,0.008467,0.008333,12,0.91,vertical,0,-1.58,OK,1941,1537,True,0.0019,label block centroid row=3 of 1941,4,65908,4.7246,2.59,0.9824,0.3325,OK,OK,1153.0,617.0,False,resolved
ptcon_20250523_0014.png,otsu_chroma,4,299.9994,0.008467,0.008333,12,0.91,vertical,0,-1.58,OK,1941,1537,True,0.0019,label block centroid row=3 of 1941,4,65752,4.7134,2.6,0.99,0.3731,OK,OK,702.3,625.9,False,resolved
ptcon_20250523_0015.png,otsu_chroma,1,299.9994,0.008467,0.008333,12,0.933,vertical,45,-1.58,OK,1944,1444,True,0.0045,label block centroid row=945 of 1944,4,25563,1.8325,1.573,0.9849,0.2823,OK,OK,775.1,1005.8,True,resolved
ptcon_20250523_0015.png,otsu_chroma,2,299.9994,0.008467,0.008333,12,0.933,vertical,45,-1.58,OK,1944,1444,True,0.0045,label block centroid row=945 of 1944,4,24940,1.7878,1.569,0.9834,0.3407,OK,OK,983.4,607.8,False,resolved
ptcon_20250523_0015.png,otsu_chroma,3,299.9994,0.008467,0.008333,12,0.933,vertical,45,-1.58,OK,1944,1444,True,0.0045,label block centroid row=945 of 1944,4,23234,1.6655,1.498,0.9808,0.2534,OK,OK,1077.9,1055.3,False,resolved
ptcon_20250523_0015.png,otsu_chroma,4,299.9994,0.008467,0.008333,12,0.933,vertical,45,-1.58,OK,1944,1444,True,0.0045,label block centroid row=945 of 1944,4,22122,1.5858,1.474,0.982,0.3145,OK,OK,673.8,573.7,False,resolved
