date,population,plant,petal_number,image_path,area_cm2_otsu_chroma,area_cm2
2025-05-20,Perry,1,1,IMG_20250520_perry_0001.png,2.0836,2.0836
2025-05-20,Perry,1,2,IMG_20250520_perry_0001.png,1.7647,1.7647
2025-05-20,Perry,1,3,IMG_20250520_perry_0001.png,1.7313,1.7313
2025-05-20,Perry,2,1,IMG_20250520_perry_0002.png,2.2543,2.2543
2025-05-20,Perry,2,2,IMG_20250520_perry_0002.png,1.9333,1.9333
2025-05-20,Perry,2,3,IMG_20250520_perry_0002.png,2.4591,2.4591
2025-05-20,Perry,2,4,IMG_20250520_perry_0002.png,2.2101,2.2101
2025-05-20,Perry,3,1,IMG_20250520_perry_0003.png,1.7627,1.7627
2025-05-20,Perry,3,2,IMG_20250520_perry_0003.png,1.639,1.639
2025-05-20,Perry,3,3,IMG_20250520_perry_0003.png,1.6206,1.6206
2025-05-20,Perry,3,4,IMG_20250520_perry_0003.png,1.6027,1.6027
2025-05-20,Perry,4,1,IMG_20250520_perry_0004.png,3.0175,3.0175
2025-05-20,Perry,4,2,IMG_20250520_perry_0004.png,3.6138,3.6138
2025-05-20,Perry,4,3,IMG_20250520_perry_0004.png,3.1349,3.1349
2025-05-20,Perry,4,4,IMG_20250520_perry_0004.png,3.7155,3.7155
2025-05-20,Perry,5,1,IMG_20250520_perry_0005.png,3.3376,3.3376
2025-05-20,Perry,5,2,IMG_20250520_perry_0005.png,2.4086,2.4086
2025-05-20,Perry,5,3,IMG_20250520_perry_0005.png,2.6612,2.6612
2025-05-20,Perry,5,4,IMG_20250520_perry_0005.png,3.2875,3.2875
2025-05-20,Perry,6,1,IMG_20250520_perry_0006.png,3.9112,3.9112
2025-05-20,Perry,6,2,IMG_20250520_perry_0006.png,4.4312,4.4312
2025-05-20,Perry,6,3,IMG_20250520_perry_0006.png,3.828,3.828
2025-05-20,Perry,6,4,IMG_20250520_perry_0006.png,4.2159,4.2159
2025-05-20,Perry,7,1,IMG_20250520_perry_0007.png,4.9291,4.9291
2025-05-20,Perry,7,2,IMG_20250520_perry_0007.png,4.5183,4.5183
2025-05-20,Perry,7,3,IMG_20250520_perry_0007.png,3.9182,3.9182
2025-05-20,Perry,7,4,IMG_20250520_perry_0007.png,4.5607,4.5607
2025-05-20,Perry,8,1,IMG_20250520_perry_0008.png,2.2738,2.2738
2025-05-20,Perry,8,2,IMG_20250520_perry_0008.png,2.2096,2.2096
2025-05-20,Perry,8,3,IMG_20250520_perry_0008.png,2.1085,2.1085
2025-05-20,Perry,8,4,IMG_20250520_perry_0008.png,2.0798,2.0798
2025-05-20,Perry,9,1,IMG_20250520_perry_0009.png,3.6738,3.6738
2025-05-20,Perry,9,2,IMG_20250520_perry_0009.png,4.1255,4.1255
2025-05-20,Perry,9,3,IMG_20250520_perry_0009.png,3.4468,3.4468
2025-05-20,Perry,9,4,IMG_20250520_perry_0009.png,4.1232,4.1232
2025-05-20,Perry,10,1,IMG_20250520_perry_0010.png,3.9208,3.9208
2025-05-20,Perry,10,2,IMG_20250520_perry_0010.png,3.4526,3.4526
2025-05-20,Perry,10,3,IMG_20250520_perry_0010.png,3.9367,3.9367
2025-05-20,Perry,10,4,IMG_20250520_perry_0010.png,3.1379,3.1379
2025-05-20,Perry,11,1,IMG_20250520_perry_0011.png,4.2887,4.2887
2025-05-20,Perry,11,2,IMG_20250520_perry_0011.png,4.2166,4.2166
2025-05-20,Perry,11,3,IMG_20250520_perry_0011.png,4.4138,4.4138
2025-05-20,Perry,11,4,IMG_20250520_perry_0011.png,3.9654,3.9654
2025-05-20,Perry,12,1,IMG_20250520_perry_0012.png,2.9267,2.9267
2025-05-20,Perry,12,2,IMG_20250520_perry_0012.png,3.4372,3.4372
2025-05-20,Perry,12,3,IMG_20250520_perry_0012.png,3.2267,3.2267
2025-05-20,Perry,12,4,IMG_20250520_perry_0012.png,3.6594,3.6594
2025-05-20,Perry,13,1,IMG_20250520_perry_0013.png,1.495,1.495
2025-05-20,Perry,13,2,IMG_20250520_perry_0013.png,1.6248,1.6248
2025-05-20,Perry,13,3,IMG_20250520_perry_0013.png,1.6285,1.6285
2025-05-20,Perry,13,4,IMG_20250520_perry_0013.png,1.3204,1.3204
2025-05-20,Perry,14,1,IMG_20250520_perry_0014.png,2.3862,2.3862
2025-05-20,Perry,14,2,IMG_20250520_perry_0014.png,1.9427,1.9427
2025-05-20,Perry,14,3,IMG_20250520_perry_0014.png,2.5974,2.5974
2025-05-20,Perry,14,4,IMG_20250520_perry_0014.png,2.7181,2.7181
2025-05-20,Perry,15,1,IMG_20250520_perry_0015.png,2.206,2.206
2025-05-20,Perry,15,2,IMG_20250520_perry_0015.png,2.5409,2.5409
2025-05-20,Perry,15,3,IMG_20250520_perry_0015.png,2.4571,2.4571
2025-05-20,Perry,15,4,IMG_20250520_perry_0015.png,2.2415,2.2415
2025-05-22,Cojo,1,1,IMG_20250522_cojo_0001.png,2.5118,2.5118
2025-05-22,Cojo,1,2,IMG_20250522_cojo_0001.png,2.7269,2.7269
2025-05-22,Cojo,1,3,IMG_20250522_cojo_0001.png,2.9494,2.9494
2025-05-22,Cojo,1,4,IMG_20250522_cojo_0001.png,3.0051,3.0051
2025-05-22,Cojo,2,1,IMG_20250522_cojo_0002.png,2.8084,2.8084
2025-05-22,Cojo,2,2,IMG_20250522_cojo_0002.png,3.3525,3.3525
2025-05-22,Cojo,2,3,IMG_20250522_cojo_0002.png,2.8219,2.8219
2025-05-22,Cojo,2,4,IMG_20250522_cojo_0002.png,3.2195,3.2195
2025-05-22,Cojo,3,1,IMG_20250522_cojo_0003.png,3.345,3.345
2025-05-22,Cojo,3,2,IMG_20250522_cojo_0003.png,3.8052,3.8052
2025-05-22,Cojo,3,3,IMG_20250522_cojo_0003.png,3.5088,3.5088
2025-05-22,Cojo,3,4,IMG_20250522_cojo_0003.png,4.1451,4.1451
2025-05-22,Cojo,4,1,IMG_20250522_cojo_0004.png,1.9862,1.9862
2025-05-22,Cojo,4,2,IMG_20250522_cojo_0004.png,2.4148,2.4148
2025-05-22,Cojo,4,3,IMG_20250522_cojo_0004.png,2.0526,2.0526
2025-05-22,Cojo,4,4,IMG_20250522_cojo_0004.png,2.3935,2.3935
2025-05-22,Cojo,5,1,IMG_20250522_cojo_0005.png,3.2261,3.2261
2025-05-22,Cojo,5,2,IMG_20250522_cojo_0005.png,4.2121,4.2121
2025-05-22,Cojo,5,3,IMG_20250522_cojo_0005.png,3.5884,3.5884
2025-05-22,Cojo,5,4,IMG_20250522_cojo_0005.png,4.306,4.306
2025-05-22,Cojo,6,1,IMG_20250522_cojo_0006.png,2.7685,2.7685
2025-05-22,Cojo,6,2,IMG_20250522_cojo_0006.png,2.3947,2.3947
2025-05-22,Cojo,6,3,IMG_20250522_cojo_0006.png,2.5738,2.5738
2025-05-22,Cojo,6,4,IMG_20250522_cojo_0006.png,2.5844,2.5844
2025-05-22,Cojo,7,1,IMG_20250522_cojo_0007.png,3.8872,3.8872
2025-05-22,Cojo,7,2,IMG_20250522_cojo_0007.png,4.4333,4.4333
2025-05-22,Cojo,7,3,IMG_20250522_cojo_0007.png,3.6446,3.6446
2025-05-22,Cojo,7,4,IMG_20250522_cojo_0007.png,4.3846,4.3846
2025-05-22,Cojo,8,1,IMG_20250522_cojo_0008.png,2.2525,2.2525
2025-05-22,Cojo,8,2,IMG_20250522_cojo_0008.png,2.4829,2.4829
2025-05-22,Cojo,8,3,IMG_20250522_cojo_0008.png,2.1328,2.1328
2025-05-22,Cojo,8,4,IMG_20250522_cojo_0008.png,2.6349,2.6349
2025-05-22,Cojo,9,1,IMG_20250522_cojo_0009.png,4.3966,4.3966
2025-05-22,Cojo,9,2,IMG_20250522_cojo_0009.png,4.6237,4.6237
2025-05-22,Cojo,9,3,IMG_20250522_cojo_0009.png,4.6195,4.6195
2025-05-22,Cojo,9,4,IMG_20250522_cojo_0009.png,4.6925,4.6925
2025-05-22,Cojo,10,1,IMG_20250522_cojo_0010.png,1.7876,1.7876
2025-05-22,Cojo,10,2,IMG_20250522_cojo_0010.png,1.5768,1.5768
2025-05-22,Cojo,10,3,IMG_20250522_cojo_0010.png,1.6654,1.6654
2025-05-22,Cojo,10,4,IMG_20250522_cojo_0010.png,1.5661,1.5661
2025-05-22,Cojo,11,1,IMG_20250522_cojo_0011.png,2.3713,2.3713
2025-05-22,Cojo,11,2,IMG_20250522_cojo_0011.png,2.6731,2.6731
2025-05-22,Cojo,11,3,IMG_20250522_cojo_0011.png,2.3566,2.3566
2025-05-22,Cojo,11,4,IMG_20250522_cojo_0011.png,2.6044,2.6044
2025-05-22,Cojo,12,1,IMG_20250522_cojo_0012.png,2.8706,2.8706
2025-05-22,Cojo,12,2,IMG_20250522_cojo_0012.png,2.4877,2.4877
2025-05-22,Cojo,12,3,IMG_20250522_cojo_0012.png,2.7202,2.7202
2025-05-22,Cojo,12,4,IMG_20250522_cojo_0012.png,2.6429,2.6429
2025-05-22,Cojo,13,1,IMG_20250522_cojo_0013.png,4.2199,4.2199
2025-05-22,Cojo,13,2,IMG_20250522_cojo_0013.png,3.7413,3.7413
2025-05-22,Cojo,13,3,IMG_20250522_cojo_0013.png,3.7442,3.7442
2025-05-22,Cojo,13,4,IMG_20250522_cojo_0013.png,4.3348,4.3348
2025-05-22,Cojo,14,1,IMG_20250522_cojo_0014.png,4.2832,4.2832
2025-05-22,Cojo,14,2,IMG_20250522_cojo_0014.png,3.669,3.669
2025-05-22,Cojo,14,3,IMG_20250522_cojo_0014.png,4.7552,4.7552
2025-05-22,Cojo,14,4,IMG_20250522_cojo_0014.png,3.9298,3.9298
2025-05-22,Cojo,15,1,IMG_20250522_cojo_0015.png,3.3495,3.3495
2025-05-22,Cojo,15,2,IMG_20250522_cojo_0015.png,4.3037,4.3037
2025-05-22,Cojo,15,3,IMG_20250522_cojo_0015.png,3.5863,3.5863
2025-05-22,Cojo,15,4,IMG_20250522_cojo_0015.png,4.4004,4.4004
2025-05-23,Percos,1,1,percos_20250523_0001.png,4.8391,4.8391
2025-05-23,Percos,1,2,percos_20250523_0001.png,4.641,4.641
2025-05-23,Percos,1,3,percos_20250523_0001.png,4.7956,4.7956
2025-05-23,Percos,1,4,percos_20250523_0001.png,4.7413,4.7413
2025-05-23,Percos,2,1,percos_20250523_0002.png,4.0139,4.0139
2025-05-23,Percos,2,2,percos_20250523_0002.png,3.3318,3.3318
2025-05-23,Percos,2,3,percos_20250523_0002.png,3.9371,3.9371
2025-05-23,Percos,2,4,percos_20250523_0002.png,4.4341,4.4341
2025-05-23,Percos,3,1,percos_20250523_0003.png,6.0528,6.0528
2025-05-23,Percos,3,2,percos_20250523_0003.png,4.6747,4.6747
2025-05-23,Percos,3,3,percos_20250523_0003.png,5.5495,5.5495
2025-05-23,Percos,3,4,percos_20250523_0003.png,5.3212,5.3212
2025-05-23,Percos,4,1,percos_20250523_0004.png,4.6931,4.6931
2025-05-23,Percos,4,2,percos_20250523_0004.png,4.5831,4.5831
2025-05-23,Percos,4,3,percos_20250523_0004.png,3.7839,3.7839
2025-05-23,Percos,4,4,percos_20250523_0004.png,4.0559,4.0559
2025-05-23,Percos,5,1,percos_20250523_0005.png,4.4262,4.4262
2025-05-23,Percos,5,2,percos_20250523_0005.png,3.58,3.58
2025-05-23,Percos,5,3,percos_20250523_0005.png,3.8584,3.8584
2025-05-23,Percos,5,4,percos_20250523_0005.png,3.9455,3.9455
2025-05-23,Percos,6,1,percos_20250523_0006.png,3.2208,3.2208
2025-05-23,Percos,6,2,percos_20250523_0006.png,3.7791,3.7791
2025-05-23,Percos,6,3,percos_20250523_0006.png,3.1282,3.1282
2025-05-23,Percos,6,4,percos_20250523_0006.png,3.3443,3.3443
2025-05-23,Percos,7,1,percos_20250523_0007.png,6.2964,6.2964
2025-05-23,Percos,7,2,percos_20250523_0007.png,5.2627,5.2627
2025-05-23,Percos,7,3,percos_20250523_0007.png,6.5225,6.5225
2025-05-23,Percos,7,4,percos_20250523_0007.png,6.4212,6.4212
2025-05-23,Percos,8,1,percos_20250523_0008.png,3.2387,3.2387
2025-05-23,Percos,8,2,percos_20250523_0008.png,3.9859,3.9859
2025-05-23,Percos,8,3,percos_20250523_0008.png,3.3398,3.3398
2025-05-23,Percos,8,4,percos_20250523_0008.png,4.2619,4.2619
2025-05-23,Percos,9,1,percos_20250523_0009.png,3.3275,3.3275
2025-05-23,Percos,9,2,percos_20250523_0009.png,3.4867,3.4867
2025-05-23,Percos,9,3,percos_20250523_0009.png,3.8376,3.8376
2025-05-23,Percos,9,4,percos_20250523_0009.png,3.7804,3.7804
2025-05-23,Percos,10,1,percos_20250523_0010.png,5.0949,5.0949
2025-05-23,Percos,10,2,percos_20250523_0010.png,5.6862,5.6862
2025-05-23,Percos,10,3,percos_20250523_0010.png,5.0946,5.0946
2025-05-23,Percos,10,4,percos_20250523_0010.png,5.9234,5.9234
2025-05-23,Percos,11,1,percos_20250523_0011.png,3.2076,3.2076
2025-05-23,Percos,11,2,percos_20250523_0011.png,2.5792,2.5792
2025-05-23,Percos,11,3,percos_20250523_0011.png,2.9114,2.9114
2025-05-23,Percos,11,4,percos_20250523_0011.png,2.3577,2.3577
2025-05-23,Percos,12,1,percos_20250523_0012.png,3.2277,3.2277
2025-05-23,Percos,12,2,percos_20250523_0012.png,3.1276,3.1276
2025-05-23,Percos,12,3,percos_20250523_0012.png,3.0437,3.0437
2025-05-23,Percos,12,4,percos_20250523_0012.png,2.5099,2.5099
2025-05-23,Percos,13,1,percos_20250523_0013.png,4.0222,4.0222
2025-05-23,Percos,13,2,percos_20250523_0013.png,3.4479,3.4479
2025-05-23,Percos,13,3,percos_20250523_0013.png,3.8645,3.8645
2025-05-23,Percos,13,4,percos_20250523_0013.png,3.7369,3.7369
2025-05-23,Percos,14,1,percos_20250523_0014.png,4.7567,4.7567
2025-05-23,Percos,14,2,percos_20250523_0014.png,4.2559,4.2559
2025-05-23,Percos,14,3,percos_20250523_0014.png,5.252,5.252
2025-05-23,Percos,14,4,percos_20250523_0014.png,4.9126,4.9126
2025-05-23,Pt. Conception,1,1,ptcon_20250523_0001.png,2.9232,2.9232
2025-05-23,Pt. Conception,1,2,ptcon_20250523_0001.png,3.3784,3.3784
2025-05-23,Pt. Conception,1,3,ptcon_20250523_0001.png,3.1595,3.1595
2025-05-23,Pt. Conception,1,4,ptcon_20250523_0001.png,3.1947,3.1947
2025-05-23,Pt. Conception,2,1,ptcon_20250523_0002.png,2.7354,2.7354
2025-05-23,Pt. Conception,2,2,ptcon_20250523_0002.png,2.1744,2.1744
2025-05-23,Pt. Conception,2,3,ptcon_20250523_0002.png,2.406,2.406
2025-05-23,Pt. Conception,2,4,ptcon_20250523_0002.png,2.5492,2.5492
2025-05-23,Pt. Conception,3,1,ptcon_20250523_0003.png,4.356,4.356
2025-05-23,Pt. Conception,3,2,ptcon_20250523_0003.png,3.3932,3.3932
2025-05-23,Pt. Conception,3,3,ptcon_20250523_0003.png,4.1753,4.1753
2025-05-23,Pt. Conception,3,4,ptcon_20250523_0003.png,3.5669,3.5669
2025-05-23,Pt. Conception,4,1,ptcon_20250523_0004.png,5.9845,5.9845
2025-05-23,Pt. Conception,4,2,ptcon_20250523_0004.png,5.2701,5.2701
2025-05-23,Pt. Conception,4,3,ptcon_20250523_0004.png,4.6156,4.6156
2025-05-23,Pt. Conception,4,4,ptcon_20250523_0004.png,5.7769,5.7769
2025-05-23,Pt. Conception,5,1,ptcon_20250523_0005.png,5.2455,5.2455
2025-05-23,Pt. Conception,5,2,ptcon_20250523_0005.png,4.9527,4.9527
2025-05-23,Pt. Conception,5,3,ptcon_20250523_0005.png,5.2299,5.2299
2025-05-23,Pt. Conception,5,4,ptcon_20250523_0005.png,4.6765,4.6765
2025-05-23,Pt. Conception,6,1,ptcon_20250523_0006.png,1.8394,1.8394
2025-05-23,Pt. Conception,6,2,ptcon_20250523_0006.png,2.3189,2.3189
2025-05-23,Pt. Conception,6,3,ptcon_20250523_0006.png,1.8336,1.8336
2025-05-23,Pt. Conception,6,4,ptcon_20250523_0006.png,2.1475,2.1475
2025-05-23,Pt. Conception,7,1,ptcon_20250523_0007.png,3.8092,3.8092
2025-05-23,Pt. Conception,7,2,ptcon_20250523_0007.png,4.4586,4.4586
2025-05-23,Pt. Conception,7,3,ptcon_20250523_0007.png,4.192,4.192
2025-05-23,Pt. Conception,7,4,ptcon_20250523_0007.png,4.4166,4.4166
2025-05-23,Pt. Conception,8,1,ptcon_20250523_0008.png,3.1098,3.1098
2025-05-23,Pt. Conception,8,2,ptcon_20250523_0008.png,3.6429,3.6429
2025-05-23,Pt. Conception,9,1,ptcon_20250523_0009.png,5.9868,5.9868
2025-05-23,Pt. Conception,9,2,ptcon_20250523_0009.png,6.7893,6.7893
2025-05-23,Pt. Conception,9,3,ptcon_20250523_0009.png,5.8158,5.8158
2025-05-23,Pt. Conception,9,4,ptcon_20250523_0009.png,6.5059,6.5059
2025-05-23,Pt. Conception,10,1,ptcon_20250523_0010.png,3.4004,3.4004
2025-05-23,Pt. Conception,10,2,ptcon_20250523_0010.png,2.8982,2.8982
2025-05-23,Pt. Conception,10,3,ptcon_20250523_0010.png,3.3032,3.3032
2025-05-23,Pt. Conception,10,4,ptcon_20250523_0010.png,3.1085,3.1085
2025-05-23,Pt. Conception,11,1,ptcon_20250523_0011.png,3.7229,3.7229
2025-05-23,Pt. Conception,11,2,ptcon_20250523_0011.png,3.1759,3.1759
2025-05-23,Pt. Conception,11,3,ptcon_20250523_0011.png,3.8133,3.8133
2025-05-23,Pt. Conception,11,4,ptcon_20250523_0011.png,3.3484,3.3484
2025-05-23,Pt. Conception,12,1,ptcon_20250523_0012.png,5.2486,5.2486
2025-05-23,Pt. Conception,12,2,ptcon_20250523_0012.png,4.5761,4.5761
2025-05-23,Pt. Conception,12,3,ptcon_20250523_0012.png,5.3912,5.3912
2025-05-23,Pt. Conception,12,4,ptcon_20250523_0012.png,4.2877,4.2877
2025-05-23,Pt. Conception,13,1,ptcon_20250523_0013.png,3.3979,3.3979
2025-05-23,Pt. Conception,13,2,ptcon_20250523_0013.png,2.6707,2.6707
2025-05-23,Pt. Conception,13,3,ptcon_20250523_0013.png,3.5821,3.5821
2025-05-23,Pt. Conception,13,4,ptcon_20250523_0013.png,2.4941,2.4941
2025-05-23,Pt. Conception,14,1,ptcon_20250523_0014.png,5.6649,5.6649
2025-05-23,Pt. Conception,14,2,ptcon_20250523_0014.png,4.7246,4.7246
2025-05-23,Pt. Conception,14,3,ptcon_20250523_0014.png,5.7432,5.7432
2025-05-23,Pt. Conception,14,4,ptcon_20250523_0014.png,4.7134,4.7134
2025-05-23,Pt. Conception,15,1,ptcon_20250523_0015.png,1.6655,1.6655
2025-05-23,Pt. Conception,15,2,ptcon_20250523_0015.png,1.7878,1.7878
2025-05-23,Pt. Conception,15,3,ptcon_20250523_0015.png,1.8325,1.8325
2025-05-23,Pt. Conception,15,4,ptcon_20250523_0015.png,1.5858,1.5858
