image_path,dpi,dpi_cm_per_pixel,ruler_cm_per_pixel,ruler_confidence,scale_pct_diff,scale_flag
2025_03_26/IMG_20250326_0001.png,299.9994,0.008467,0.008333,0.969,-1.58,OK
2025_03_26/IMG_20250326_0002.png,299.9994,0.008467,0.009091,0.962,7.37,SCALE_MISMATCH
2025_03_26/IMG_20250326_0003.png,299.9994,0.008467,0.008333,0.944,-1.58,OK
2025_03_26/IMG_20250326_0004.png,299.9994,0.008467,0.008333,0.882,-1.58,OK
2025_03_26/IMG_20250326_0005.png,299.9994,0.008467,0.008333,0.925,-1.58,OK
2025_03_26/IMG_20250326_0006.png,299.9994,0.008467,0.008333,0.911,-1.58,OK
2025_03_26/IMG_20250326_0007.png,299.9994,0.008467,0.008333,0.941,-1.58,OK
2025_03_26/IMG_20250326_0008.png,299.9994,0.008467,0.008333,0.932,-1.58,OK
2025_03_26/IMG_20250326_0009.png,299.9994,0.008467,0.008333,0.933,-1.58,OK
2025_03_26/IMG_20250326_0010.png,299.9994,0.008467,0.008333,0.933,-1.58,OK
2025_03_26/IMG_20250326_0011.png,299.9994,0.008467,0.008333,0.944,-1.58,OK
2025_03_26/IMG_20250326_0012.png,299.9994,0.008467,0.008333,0.954,-1.58,OK
2025_03_26/IMG_20250326_0013.png,299.9994,0.008467,0.008333,0.922,-1.58,OK
2025_03_26/IMG_20250326_0014.png,299.9994,0.008467,0.008333,0.93,-1.58,OK
2025_03_26/IMG_20250326_0015.png,299.9994,0.008467,0.008333,0.923,-1.58,OK
2025_03_28/IMG_20250328_0001.png,299.9994,0.008467,0.008333,0.91,-1.58,OK
2025_03_28/IMG_20250328_0002.png,299.9994,0.008467,0.008333,0.923,-1.58,OK
2025_03_28/IMG_20250328_0003.png,299.9994,0.008467,0.011111,0.907,31.23,SCALE_MISMATCH
2025_03_28/IMG_20250328_0004.png,299.9994,0.008467,0.008333,0.927,-1.58,OK
2025_03_28/IMG_20250328_0005.png,299.9994,0.008467,0.008333,0.924,-1.58,OK
2025_03_28/IMG_20250328_0006.png,299.9994,0.008467,0.008333,0.875,-1.58,OK
2025_03_28/IMG_20250328_0007.png,299.9994,0.008467,0.008333,0.921,-1.58,OK
2025_03_28/IMG_20250328_0008.png,299.9994,0.008467,0.008333,0.895,-1.58,OK
2025_03_28/IMG_20250328_0009.png,299.9994,0.008467,0.011111,0.957,31.23,SCALE_MISMATCH
2025_03_28/IMG_20250328_0010.png,299.9994,0.008467,0.008333,0.918,-1.58,OK
2025_03_28/IMG_20250328_0011.png,299.9994,0.008467,0.008333,0.918,-1.58,OK
2025_03_28/IMG_20250328_0012.png,299.9994,0.008467,0.008333,0.913,-1.58,OK
2025_03_28/IMG_20250328_0013.png,299.9994,0.008467,0.006667,0.973,-21.26,SCALE_MISMATCH
2025_03_28/IMG_20250328_0014.png,299.9994,0.008467,0.01,0.934,18.11,SCALE_MISMATCH
2025_03_28/IMG_20250328_0015.png,299.9994,0.008467,0.008333,0.91,-1.58,OK
2025_03_28/IMG_20250328_0017.png,299.9994,0.008467,0.008333,0.913,-1.58,OK
2025_03_28/IMG_20250328_0018.png,299.9994,0.008467,0.008333,0.889,-1.58,OK
2025_03_28/IMG_20250328_0019.png,299.9994,0.008467,0.008333,0.925,-1.58,OK
2025_03_28/IMG_20250328_0020.png,299.9994,0.008467,0.008333,0.902,-1.58,OK
2025_03_28/IMG_20250328_0021.png,299.9994,0.008467,0.008333,0.923,-1.58,OK
2025_03_28/IMG_20250328_0022.png,299.9994,0.008467,0.008333,0.937,-1.58,OK
2025_03_28/IMG_20250328_0023.png,299.9994,0.008467,0.009091,0.896,7.37,SCALE_MISMATCH
2025_03_28/IMG_20250328_0024.png,299.9994,0.008467,0.008333,0.957,-1.58,OK
2025_03_28/IMG_20250328_0025.png,299.9994,0.008467,0.008333,0.934,-1.58,OK
2025_03_28/IMG_20250328_0026.png,299.9994,0.008467,0.01,0.939,18.11,SCALE_MISMATCH
2025_03_28/IMG_20250328_0027.png,299.9994,0.008467,0.008333,0.909,-1.58,OK
2025_03_28/IMG_20250328_0028.png,299.9994,0.008467,0.008333,0.883,-1.58,OK
2025_03_28/IMG_20250328_0029.png,299.9994,0.008467,0.007692,0.946,-9.15,SCALE_MISMATCH
2025_03_28/IMG_20250328_0030.png,299.9994,0.008467,0.008333,0.907,-1.58,OK
2025_03_28/IMG_20250328_0031.png,299.9994,0.008467,0.008333,0.883,-1.58,OK
2025_07_02/Percos_0001.png,599.9988,0.004233,0.004167,0.945,-1.57,OK
2025_07_02/Percos_0002.png,599.9988,0.004233,0.004167,0.947,-1.57,OK
2025_07_02/Percos_0003.png,599.9988,0.004233,0.004545,0.966,7.36,SCALE_MISMATCH
2025_07_02/Percos_0004.png,599.9988,0.004233,0.004167,0.939,-1.57,OK
2025_07_02/Percos_0005.png,599.9988,0.004233,0.004167,0.946,-1.57,OK
2025_07_02/Percos_0006.png,599.9988,0.004233,0.003704,0.954,-12.5,SCALE_MISMATCH
2025_07_02/Percos_0007.png,599.9988,0.004233,0.004167,0.951,-1.57,OK
2025_07_02/Percos_0008.png,599.9988,0.004233,0.004167,0.93,-1.57,OK
2025_07_02/Percos_0009.png,599.9988,0.004233,0.004167,0.948,-1.57,OK
2025_07_02/Percos_0010.png,599.9988,0.004233,0.004167,0.951,-1.57,OK
2025_07_02/Percos_0011.png,599.9988,0.004233,0.004167,0.956,-1.57,OK
2025_07_02/Percos_0012.png,599.9988,0.004233,0.004348,0.967,2.71,OK
2025_07_02/Percos_0013.png,599.9988,0.004233,0.004348,0.961,2.71,OK
2025_07_02/Percos_0014.png,599.9988,0.004233,0.004167,0.957,-1.57,OK
2025_07_02/Percos_0015.png,599.9988,0.004233,0.004167,0.922,-1.57,OK
2025_07_02/Pt_Con_0001.png,599.9988,0.004233,0.004167,0.964,-1.57,OK
2025_07_02/Pt_Con_0002.png,599.9988,0.004233,0.004167,0.976,-1.57,OK
2025_07_02/Pt_Con_0003.png,599.9988,0.004233,0.004167,0.974,-1.57,OK
2025_07_02/Pt_Con_0004.png,599.9988,0.004233,0.004167,0.972,-1.57,OK
2025_07_02/Pt_Con_0005.png,599.9988,0.004233,0.004348,0.967,2.71,OK
2025_07_02/Pt_Con_0006.png,599.9988,0.004233,0.004167,0.949,-1.57,OK
2025_07_02/Pt_Con_0007.png,599.9988,0.004233,0.004167,0.948,-1.57,OK
2025_07_02/Pt_Con_0008.png,599.9988,0.004233,0.004348,0.981,2.71,OK
2025_07_02/Pt_Con_0009.png,599.9988,0.004233,0.004167,0.943,-1.57,OK
2025_07_02/Pt_Con_0010.png,599.9988,0.004233,0.004,0.954,-5.51,SCALE_MISMATCH
2025_07_02/Pt_Con_0011.png,599.9988,0.004233,0.004167,0.948,-1.57,OK
2025_07_02/Pt_Con_0012.png,599.9988,0.004233,0.004762,0.966,12.49,SCALE_MISMATCH
2025_07_02/Pt_Con_0013.png,599.9988,0.004233,0.004167,0.948,-1.57,OK
2025_07_02/Pt_Con_0014.png,599.9988,0.004233,0.004167,0.943,-1.57,OK
2025_07_02/Pt_Con_0015.png,599.9988,0.004233,0.004167,0.943,-1.57,OK
2025_07_05/Cojo_5_jul_25_0001.png,599.9988,0.004233,0.004167,0.948,-1.57,OK
2025_07_05/Cojo_5_jul_25_0002.png,599.9988,0.004233,0.004167,0.971,-1.57,OK
2025_07_05/Cojo_5_jul_25_0003.png,599.9988,0.004233,0.004167,0.973,-1.57,OK
2025_07_05/Perry_5_jul_25_0001.png,599.9988,0.004233,0.004167,0.965,-1.57,OK
2025_07_05/Perry_5_jul_25_0002.png,599.9988,0.004233,0.004167,0.942,-1.57,OK
2025_07_05/Perry_5_jul_25_0003.png,599.9988,0.004233,0.004167,0.957,-1.57,OK
2025_09_15/Pt_Con_13_sep_25_0001.png,599.9988,0.004233,0.004167,0.938,-1.57,OK
2025_09_15/Pt_Con_13_sep_25_0002.png,599.9988,0.004233,0.004167,0.959,-1.57,OK
2025_09_15/Pt_Con_13_sep_25_0003.png,599.9988,0.004233,0.003704,0.976,-12.5,SCALE_MISMATCH
2025_09_15/Pt_Con_13_sep_25_0004.png,599.9988,0.004233,0.004167,0.92,-1.57,OK
2025_09_15/Pt_Con_13_sep_25_0005.png,599.9988,0.004233,0.004167,0.942,-1.57,OK
2025_09_15/Pt_Con_13_sep_25_0006.png,599.9988,0.004233,0.004167,0.947,-1.57,OK
IMG_20250417_0001.png,299.9994,0.008467,0.008333,0.954,-1.58,OK
IMG_20250417_0002.png,299.9994,0.008467,0.008333,0.952,-1.58,OK
IMG_20250417_0003.png,299.9994,0.008467,0.008333,0.94,-1.58,OK
IMG_20250417_0004.png,299.9994,0.008467,0.008333,0.923,-1.58,OK
IMG_20250417_0005.png,299.9994,0.008467,0.008333,0.965,-1.58,OK
IMG_20250417_0006.png,299.9994,0.008467,0.008333,0.971,-1.58,OK
IMG_20250417_0007.png,299.9994,0.008467,0.008333,0.929,-1.58,OK
IMG_20250417_0008.png,299.9994,0.008467,0.008333,0.962,-1.58,OK
IMG_20250417_0009.png,299.9994,0.008467,0.008333,0.951,-1.58,OK
IMG_20250417_0010.png,299.9994,0.008467,0.008333,0.955,-1.58,OK
IMG_20250417_0011.png,299.9994,0.008467,0.008333,0.954,-1.58,OK
IMG_20250417_0012.png,299.9994,0.008467,0.008333,0.946,-1.58,OK
IMG_20250417_0013.png,299.9994,0.008467,0.008333,0.956,-1.58,OK
IMG_20250417_0014.png,299.9994,0.008467,0.008333,0.956,-1.58,OK
IMG_20250417_0015.png,299.9994,0.008467,0.01,0.987,18.11,SCALE_MISMATCH
IMG_20250520_perry_0001.png,299.9994,0.008467,0.008333,0.938,-1.58,OK
IMG_20250520_perry_0002.png,299.9994,0.008467,0.008333,0.912,-1.58,OK
IMG_20250520_perry_0003.png,299.9994,0.008467,0.008333,0.81,-1.58,OK
IMG_20250520_perry_0004.png,299.9994,0.008467,0.008333,0.928,-1.58,OK
IMG_20250520_perry_0005.png,299.9994,0.008467,0.008333,0.938,-1.58,OK
IMG_20250520_perry_0006.png,299.9994,0.008467,0.008333,0.963,-1.58,OK
IMG_20250520_perry_0007.png,299.9994,0.008467,0.008333,0.951,-1.58,OK
IMG_20250520_perry_0008.png,299.9994,0.008467,0.008333,0.969,-1.58,OK
IMG_20250520_perry_0009.png,299.9994,0.008467,0.008333,0.979,-1.58,OK
IMG_20250520_perry_0010.png,299.9994,0.008467,0.008333,0.972,-1.58,OK
IMG_20250520_perry_0011.png,299.9994,0.008467,0.008333,0.963,-1.58,OK
IMG_20250520_perry_0012.png,299.9994,0.008467,0.008333,0.95,-1.58,OK
IMG_20250520_perry_0013.png,299.9994,0.008467,0.008333,0.946,-1.58,OK
IMG_20250520_perry_0014.png,299.9994,0.008467,0.008333,0.947,-1.58,OK
IMG_20250520_perry_0015.png,299.9994,0.008467,0.008333,0.926,-1.58,OK
IMG_20250522_cojo_0001.png,299.9994,0.008467,0.008333,0.958,-1.58,OK
IMG_20250522_cojo_0002.png,299.9994,0.008467,0.008333,0.941,-1.58,OK
IMG_20250522_cojo_0003.png,299.9994,0.008467,0.008333,0.949,-1.58,OK
IMG_20250522_cojo_0004.png,299.9994,0.008467,0.008333,0.95,-1.58,OK
IMG_20250522_cojo_0005.png,299.9994,0.008467,0.008333,0.947,-1.58,OK
IMG_20250522_cojo_0006.png,299.9994,0.008467,0.008333,0.943,-1.58,OK
IMG_20250522_cojo_0007.png,299.9994,0.008467,0.008333,0.948,-1.58,OK
IMG_20250522_cojo_0008.png,299.9994,0.008467,0.008333,0.934,-1.58,OK
IMG_20250522_cojo_0009.png,299.9994,0.008467,0.008333,0.948,-1.58,OK
IMG_20250522_cojo_0010.png,299.9994,0.008467,0.008333,0.964,-1.58,OK
IMG_20250522_cojo_0011.png,299.9994,0.008467,0.008333,0.945,-1.58,OK
IMG_20250522_cojo_0012.png,299.9994,0.008467,0.008333,0.951,-1.58,OK
IMG_20250522_cojo_0013.png,299.9994,0.008467,0.008333,0.957,-1.58,OK
IMG_20250522_cojo_0014.png,299.9994,0.008467,0.008333,0.95,-1.58,OK
IMG_20250522_cojo_0015.png,299.9994,0.008467,0.008333,0.949,-1.58,OK
percos_20250523_0001.png,299.9994,0.008467,0.008333,0.911,-1.58,OK
percos_20250523_0002.png,299.9994,0.008467,0.008333,0.917,-1.58,OK
percos_20250523_0003.png,299.9994,0.008467,0.011111,0.957,31.23,SCALE_MISMATCH
percos_20250523_0004.png,299.9994,0.008467,0.008333,0.945,-1.58,OK
percos_20250523_0005.png,299.9994,0.008467,0.008333,0.929,-1.58,OK
percos_20250523_0006.png,299.9994,0.008467,0.008333,0.97,-1.58,OK
percos_20250523_0007.png,299.9994,0.008467,0.008333,0.947,-1.58,OK
percos_20250523_0008.png,299.9994,0.008467,0.008333,0.949,-1.58,OK
percos_20250523_0009.png,299.9994,0.008467,0.008333,0.912,-1.58,OK
percos_20250523_0010.png,299.9994,0.008467,0.008333,0.94,-1.58,OK
percos_20250523_0011.png,299.9994,0.008467,0.008333,0.917,-1.58,OK
percos_20250523_0012.png,299.9994,0.008467,0.008333,0.924,-1.58,OK
percos_20250523_0013.png,299.9994,0.008467,0.008333,0.936,-1.58,OK
percos_20250523_0014.png,299.9994,0.008467,0.008333,0.941,-1.58,OK
ptcon_20250523_0001.png,299.9994,0.008467,0.008333,0.888,-1.58,OK
ptcon_20250523_0002.png,299.9994,0.008467,0.008333,0.896,-1.58,OK
ptcon_20250523_0003.png,299.9994,0.008467,0.008333,0.938,-1.58,OK
ptcon_20250523_0004.png,299.9994,0.008467,0.008333,0.942,-1.58,OK
ptcon_20250523_0005.png,299.9994,0.008467,0.008333,0.917,-1.58,OK
ptcon_20250523_0006.png,299.9994,0.008467,0.008333,0.911,-1.58,OK
ptcon_20250523_0007.png,299.9994,0.008467,0.008333,0.953,-1.58,OK
ptcon_20250523_0008.png,299.9994,0.008467,0.008333,0.972,-1.58,OK
ptcon_20250523_0009.png,299.9994,0.008467,0.008333,0.964,-1.58,OK
ptcon_20250523_0010.png,299.9994,0.008467,0.008333,0.882,-1.58,OK
ptcon_20250523_0011.png,299.9994,0.008467,0.008333,0.916,-1.58,OK
ptcon_20250523_0012.png,299.9994,0.008467,0.008333,0.944,-1.58,OK
ptcon_20250523_0013.png,299.9994,0.008467,0.007692,0.917,-9.15,SCALE_MISMATCH
ptcon_20250523_0014.png,299.9994,0.008467,0.008333,0.91,-1.58,OK
ptcon_20250523_0015.png,299.9994,0.008467,0.008333,0.933,-1.58,OK
