date,population,n_plants_expected,n_images_found,image_to_plant_ratio,status
2025-03-26,Percos,15,15,1,COUNT_OK_ONE_IMAGE_PER_PLANT
2025-03-28,Perry,15,0,0,IMAGES_EXIST_BUT_POPULATION_UNASSIGNED
2025-03-28,Pt. Conception,15,0,0,IMAGES_EXIST_BUT_POPULATION_UNASSIGNED
2025-03-28,NA,0,31,NA,POPULATION_UNRESOLVED_FROM_FILENAME
2025-04-17,Cojo,15,15,1,COUNT_OK_ONE_IMAGE_PER_PLANT
2025-04-28,NA,0,6,NA,OUT_OF_SCOPE_NO_XLSX_ROWS
2025-05-20,Perry,14,15,1.0714285714285714,COUNT_OK_ONE_IMAGE_PER_PLANT
2025-05-22,Cojo,15,15,1,COUNT_OK_ONE_IMAGE_PER_PLANT
2025-05-23,Percos,15,14,0.9333333333333332,COUNT_OK_ONE_IMAGE_PER_PLANT
2025-05-23,Pt. Conception,15,15,1,COUNT_OK_ONE_IMAGE_PER_PLANT
2025-06-06,NA,0,9,NA,OUT_OF_SCOPE_NO_XLSX_ROWS
2025-06-11,NA,0,24,NA,OUT_OF_SCOPE_NO_XLSX_ROWS
2025-07-02,Percos,15,15,1,COUNT_OK_ONE_IMAGE_PER_PLANT
2025-07-02,Pt. Conception,15,15,1,COUNT_OK_ONE_IMAGE_PER_PLANT
2025-07-05,Cojo,15,3,0.2,COUNT_OK_FIVE_PLANTS_PER_SCAN_CONFIRMED
2025-07-05,Perry,15,3,0.2,COUNT_OK_FIVE_PLANTS_PER_SCAN_CONFIRMED
2025-09-13,Pt. Conception,6,6,1,COUNT_OK_ONE_IMAGE_PER_PLANT
