date,block,population,plant,wet_wgt_g,petal_flower,length_mm,source_note,hand_area_cm2,dry_wgt_g,water_mg,water_pct
2025-03-26,1,Percos,1,0.15917,petal,4,NA,35.29,0.0176,0.14157,0.889426399447132
2025-03-26,1,Percos,2,0.1101,petal,3.6,NA,28.726,0.01117,0.09893,0.8985467756584923
2025-03-26,1,Percos,3,0.20482,petal,5,NA,31.281,0.02123,0.18359,0.8963480128893663
2025-03-26,1,Percos,4,0.17572,petal,4.1,NA,29.458,0.01782,0.15789999999999998,0.8985886637832917
2025-03-26,1,Percos,5,0.18694,petal,4.6,NA,31.979,0.01998,0.16696,0.893120787418423
2025-03-26,1,Percos,6,0.16784,petal,3.2,NA,NA,0.01825,0.14959,0.891265490943756
2025-03-26,1,Percos,7,0.12294,petal,4.5,NA,NA,0.01458,0.10836,0.8814055636896048
2025-03-26,1,Percos,8,0.15427,petal,4,NA,NA,0.0162,0.13807,0.8949893044661957
2025-03-26,1,Percos,9,0.10899,petal,4,NA,NA,0.01144,0.09755,0.895036241857051
2025-03-26,1,Percos,10,0.18375,petal,4,NA,NA,0.0184,0.16535,0.8998639455782312
2025-03-26,1,Percos,11,0.2005,petal,4.5,NA,NA,0.02271,0.17779,0.8867331670822942
2025-03-26,1,Percos,12,0.24551,petal,5.8,NA,NA,0.0262,0.21931,0.8932833693128589
2025-03-26,1,Percos,13,0.18895,petal,3.9,NA,NA,0.01928,0.16967000000000002,0.8979624239216725
2025-03-26,1,Percos,14,0.13604,petal,3.9,NA,NA,0.01483,0.12121,0.8909879447221406
2025-03-26,1,Percos,15,0.11903,petal,3.5,NA,NA,0.014,0.10503,0.8823825926237083
2025-03-28,1,Perry,1,0.05446,petal,NA,NA,NA,0.00623,0.04823,0.8856041131105399
2025-03-28,1,Perry,2,0.06534,petal,NA,NA,NA,0.00809,0.057249999999999995,0.8761861034588307
2025-03-28,1,Perry,3,0.06968,petal,NA,NA,NA,0.01202,0.05766,0.8274971297359357
2025-03-28,1,Perry,4,0.0644,petal,NA,NA,NA,0.00956,0.05484,0.851552795031056
2025-03-28,1,Perry,5,0.08351,petal,NA,NA,NA,0.0083,0.07521,0.900610705304754
2025-03-28,1,Perry,6,0.07823,petal,NA,NA,NA,0.00951,0.06871999999999999,0.8784353828454556
2025-03-28,1,Perry,7,0.12505,petal,NA,NA,NA,0.01266,0.11239,0.8987604958016792
2025-03-28,1,Perry,8,0.10689,petal,NA,NA,NA,0.00586,0.10103,0.9451772850594069
2025-03-28,1,Perry,9,0.14451,petal,NA,NA,NA,0.01347,0.13104,0.9067884575461904
2025-03-28,1,Perry,10,0.08203,petal,NA,NA,NA,0.00987,0.07216,0.8796781665244422
2025-03-28,1,Perry,11,0.07482,petal,NA,NA,NA,0.00794,0.06688,0.8938786420743117
2025-03-28,1,Perry,12,0.08412,petal,NA,NA,NA,0.00858,0.07554,0.8980028530670471
2025-03-28,1,Perry,13,0.0316,petal,NA,NA,NA,0.00302,0.02858,0.9044303797468352
2025-03-28,1,Perry,14,0.0383,petal,NA,NA,NA,0.00445,0.03385,0.8838120104438641
2025-03-28,1,Perry,15,0.05863,petal,NA,NA,NA,0.00906,0.04957,0.8454716015691626
2025-03-28,1,Pt. Conception,1,0.07461,petal,NA,NA,NA,0.00933,0.06527999999999999,0.8749497386409328
2025-03-28,1,Pt. Conception,2,0.03685,petal,NA,NA,NA,0.00462,0.03223,0.8746268656716417
2025-03-28,1,Pt. Conception,3,0.10612,petal,NA,NA,NA,0.01186,0.09426,0.8882397286091218
2025-03-28,1,Pt. Conception,4,0.07005,petal,NA,NA,NA,0.00666,0.06339,0.9049250535331907
2025-03-28,1,Pt. Conception,5,0.06252,petal,NA,NA,NA,0.00791,0.054610000000000006,0.8734804862444018
2025-03-28,1,Pt. Conception,6,0.05961,petal,NA,NA,NA,0.00714,0.05247,0.8802214393558128
2025-03-28,1,Pt. Conception,7,0.0629,petal,NA,NA,NA,0.00654,0.05636,0.8960254372019079
2025-03-28,1,Pt. Conception,8,0.05087,petal,NA,NA,NA,0.00626,0.04461,0.876941222724592
2025-03-28,1,Pt. Conception,9,0.07414,petal,NA,NA,NA,0.00904,0.06509999999999999,0.8780685190180738
2025-03-28,1,Pt. Conception,10,0.04424,petal,NA,NA,NA,0.00654,0.0377,0.8521699819168175
2025-03-28,1,Pt. Conception,11,0.13057,petal,NA,NA,NA,0.01484,0.11573,0.8863444895458374
2025-03-28,1,Pt. Conception,12,0.08963,petal,NA,NA,NA,0.01065,0.07898,0.8811781769496819
2025-03-28,1,Pt. Conception,13,0.11824,petal,NA,NA,NA,0.01371,0.10453,0.8840493910690121
2025-03-28,1,Pt. Conception,14,0.05704,petal,NA,NA,NA,0.00674,0.0503,0.8818373071528752
2025-03-28,1,Pt. Conception,15,0.10456,petal,NA,NA,NA,0.01283,0.09173,0.8772953328232596
2025-04-17,1,Cojo,1,0.02834,petal,NA,NA,NA,2e-4,0.02814,0.9929428369795342
2025-04-17,1,Cojo,2,0.03259,petal,NA,NA,NA,0.00451,0.02808,0.8616139920220927
2025-04-17,1,Cojo,3,0.03913,petal,NA,NA,NA,0.00455,0.03458,0.883720930232558
2025-04-17,1,Cojo,4,0.07418,petal,NA,NA,NA,0.00969,0.06448999999999999,0.8693717983283903
2025-04-17,1,Cojo,5,0.04567,petal,NA,NA,NA,0.0053,0.04037,0.883950076636742
2025-04-17,1,Cojo,6,0.10503,petal,NA,NA,NA,0.00981,0.09522000000000001,0.906598114824336
2025-04-17,1,Cojo,7,0.07479,petal,NA,NA,NA,0.00829,0.06649999999999999,0.8891563043187592
2025-04-17,1,Cojo,8,0.07407,petal,NA,NA,NA,0.0069,0.06717,0.9068448764682056
2025-04-17,1,Cojo,9,0.10575,petal,NA,NA,NA,0.01175,0.094,0.888888888888889
2025-04-17,1,Cojo,10,0.04248,petal,NA,NA,NA,0.00579,0.03669,0.8637005649717515
2025-04-17,1,Cojo,11,0.02222,petal,NA,NA,NA,0.00247,0.01975,0.8888388838883888
2025-04-17,1,Cojo,12,0.06904,petal,NA,NA,NA,0.0098,0.05924,0.858053302433372
2025-04-17,1,Cojo,13,0.0613,petal,NA,NA,NA,0.00853,0.05277,0.8608482871125611
2025-04-17,1,Cojo,14,0.07771,petal,NA,NA,NA,0.00813,0.06958,0.8953802599408056
2025-04-17,1,Cojo,15,0.05315,petal,NA,NA,NA,0.00618,0.046970000000000005,0.883725305738476
2025-05-20,1,Perry,15,0.01784,petal,NA,NA,NA,0.00221,0.01563,0.8761210762331838
2025-05-20,2,Perry,15,0.02195,petal 2,NA,NA,NA,0.00565,0.016300000000000002,0.7425968109339408
2025-05-20,2,Perry,15,0.02179,petal 3,NA,NA,NA,0.00237,0.01942,0.8912345112436898
2025-05-20,2,Perry,15,0.01907,petal 4,NA,NA,NA,0.00274,0.01633,0.85631882538017845
2025-05-20,2,Perry,2,0.01494,petal,NA,NA,NA,0.00236,0.01258,0.8420348058902277
2025-05-20,2,Perry,2,0.01559,petal 2,NA,NA,NA,NA,NA,NA
2025-05-20,2,Perry,2,0.01404,petal 3,NA,NA,NA,NA,NA,NA
2025-05-20,2,Perry,2,0.01332,petal 4,NA,NA,NA,NA,NA,NA
2025-05-20,2,Perry,3,0.01352,petal,NA,NA,NA,0.00168,0.01184,0.8757396449704141
2025-05-20,2,Perry,4,0.02443,petal,NA,NA,NA,0.00284,0.02159,0.8837494883340156
2025-05-20,2,Perry,5,0.02024,petal,NA,NA,NA,0.00335,0.016890000000000002,0.8344861660079052
2025-05-20,2,Perry,6,0.03581,petal,NA,NA,NA,0.00489,0.030920000000000003,0.8634459648142977
2025-05-20,2,Perry,7,0.03063,petal,NA,NA,NA,0.00444,0.02619,0.8550440744368265
2025-05-20,2,Perry,8,0.01987,petal,NA,NA,NA,0.0032,0.016669999999999997,0.8389531957725213
2025-05-20,2,Perry,9,0.03275,petal,NA,NA,NA,0.00435,0.0284,0.867175572519084
2025-05-20,2,Perry,10,0.02703,petal,NA,NA,NA,0.00402,0.02301,0.851276359600444
2025-05-20,2,Perry,11,0.03718,petal,NA,NA,NA,0.00453,0.03265,0.8781603012372243
2025-05-20,2,Perry,12,0.0159,petal,NA,NA,NA,0.00264,0.01326,0.8339622641509433
2025-05-20,2,Perry,13,0.00875,petal,NA,NA,NA,0.0014,0.00735,0.84
2025-05-20,2,Perry,14,0.02304,petal,NA,NA,NA,0.00251,0.02053,0.8910590277777776
2025-05-22,2,Cojo,1,0.01722,petal,NA,NA,NA,0.00227,0.01495,0.8681765389082462
2025-05-22,2,Cojo,2,0.0244,petal,NA,NA,NA,0.00275,0.021650000000000003,0.8872950819672131
2025-05-22,2,Cojo,3,0.03316,petal,NA,NA,NA,0.00489,0.028270000000000003,0.8525331724969843
2025-05-22,2,Cojo,4,0.0179,petal,NA,NA,NA,0.00256,0.01534,0.8569832402234637
2025-05-22,2,Cojo,5,0.03623,petal,NA,NA,NA,0.00508,0.031149999999999997,0.8597847088048578
2025-05-22,2,Cojo,6,0.01882,petal,NA,NA,NA,0.00211,0.01671,0.88788522848034
2025-05-22,2,Cojo,7,0.03186,petal,NA,NA,NA,0.0044,0.02746,0.861895794099184
2025-05-22,2,Cojo,8,0.02037,petal,NA,NA,NA,0.0028,0.01757,0.8625429553264605
2025-05-22,2,Cojo,9,0.03467,petal,NA,NA,NA,0.00517,0.0295,0.8508797231035479
2025-05-22,2,Cojo,10,0.01145,petal,NA,NA,NA,0.00207,0.00938,0.8192139737991265
2025-05-22,2,Cojo,11,0.02061,petal,NA,NA,NA,0.00272,0.01789,0.8680252304706453
2025-05-22,2,Cojo,12,0.02316,petal,NA,NA,NA,0.00241,0.02075,0.8959412780656304
2025-05-22,2,Cojo,13,0.03495,petal,NA,NA,NA,0.00409,0.03086,0.8829756795422032
2025-05-22,2,Cojo,14,0.03358,petal,NA,NA,NA,0.00369,0.02989,0.8901131625967839
2025-05-22,2,Cojo,15,0.03495,petal,NA,NA,NA,0.00529,0.02966,0.8486409155937052
2025-05-23,2,Pt. Conception,1,0.0258,petal,NA,NA,NA,0.00388,0.02192,0.8496124031007752
2025-05-23,2,Pt. Conception,2,0.02587,petal,NA,NA,NA,0.00871,0.01716,0.663316582914573
2025-05-23,2,Pt. Conception,3,0.04104,petal,NA,NA,NA,0.0064,0.03464,0.8440545808966861
2025-05-23,2,Pt. Conception,4,0.06612,petal,NA,NA,NA,0.00563,0.06049,0.9148517846339989
2025-05-23,2,Pt. Conception,5,0.047,petal,NA,NA,NA,0.01171,0.03529,0.7508510638297872
2025-05-23,2,Pt. Conception,6,0.01906,petal,NA,NA,NA,0.00291,0.01615,0.8473242392444911
2025-05-23,2,Pt. Conception,7,0.03685,petal,NA,NA,NA,0.01798,0.01887,0.5120759837177747
2025-05-23,2,Pt. Conception,8,0.02451,petal,NA,NA,NA,0.00352,0.02099,0.8563851489188087
2025-05-23,2,Pt. Conception,9,0.06811,petal,NA,NA,NA,0.0076,0.06051,0.8884157979738657
2025-05-23,2,Pt. Conception,10,0.03052,petal,NA,NA,NA,0.00402,0.0265,0.8682830930537353
2025-05-23,2,Pt. Conception,11,0.02817,petal,NA,NA,NA,0.00419,0.02398,0.8512602058927937
2025-05-23,2,Pt. Conception,12,0.04478,petal,NA,NA,NA,0.00468,0.0401,0.8954890576150065
2025-05-23,2,Pt. Conception,13,0.02734,petal,NA,NA,NA,0.00308,0.02426,0.8873445501097292
2025-05-23,2,Pt. Conception,14,0.05655,petal,NA,NA,NA,0.00777,0.04878,0.8625994694960213
2025-05-23,2,Pt. Conception,15,0.01256,petal,NA,NA,NA,0.00209,0.01047,0.8335987261146498
2025-05-23,2,Percos,1,0.04319,petal,NA,NA,NA,0.00515,0.03804,0.8807594350544107
2025-05-23,2,Percos,2,0.03037,petal,NA,NA,NA,0.00675,0.02362,0.7777411919657556
2025-05-23,2,Percos,3,0.05004,petal,NA,NA,NA,0.01258,0.03746,0.7486011191047162
2025-05-23,2,Percos,4,0.03811,petal,NA,NA,NA,0.01932,0.01879,0.49304644450275514
2025-05-23,2,Percos,5,0.04077,petal,NA,NA,NA,0.01289,0.02788,0.6838361540348296
2025-05-23,2,Percos,6,0.02905,petal,NA,NA,NA,0.00341,0.02564,0.8826161790017211
2025-05-23,2,Percos,7,0.04868,petal,NA,NA,NA,0.01793,0.03075,0.6316762530813476
2025-05-23,2,Percos,8,0.03996,petal,NA,NA,NA,0.00464,0.035320000000000004,0.883883883883884
2025-05-23,2,Percos,9,0.02628,petal,NA,NA,NA,0.00767,0.01861,0.7081430745814308
2025-05-23,2,Percos,10,0.05349,petal,NA,NA,NA,0.0182,0.03529,0.6597494858852122
2025-05-23,2,Percos,11,0.02266,petal,NA,NA,NA,0.00653,0.01613,0.7118270079435127
2025-05-23,2,Percos,12,0.02679,petal,NA,NA,NA,0.00329,0.0235,0.8771929824561403
2025-05-23,2,Percos,13,0.02851,petal,NA,NA,NA,0.00319,0.02532,0.8881094352858646
2025-05-23,2,Percos,14,0.04437,petal,NA,NA,NA,0.008,0.03637,0.8196979941401848
2025-05-23,2,Percos,15,NA,petal,NA,NA,NA,NA,NA,NA
2025-07-02,3,Pt. Conception,1,0.03748,petal,NA,NA,NA,0.00439,0.03309,0.8828708644610459
2025-07-02,3,Pt. Conception,2,0.04054,petal,NA,NA,NA,0.00418,0.03636,0.8968919585594475
2025-07-02,3,Pt. Conception,3,0.02922,petal,NA,NA,NA,0.00321,0.02601,0.8901437371663244
2025-07-02,3,Pt. Conception,4,0.02896,petal,NA,NA,NA,0.00313,0.02583,0.8919198895027624
2025-07-02,3,Pt. Conception,5,0.02295,petal,NA,NA,NA,0.00294,0.02001,0.8718954248366013
2025-07-02,3,Pt. Conception,6,0.02568,petal,NA,NA,NA,0.00457,0.02111,0.8220404984423676
2025-07-02,3,Pt. Conception,7,0.01798,petal,NA,NA,NA,0.0022,0.01578,0.8776418242491657
2025-07-02,3,Pt. Conception,8,0.02346,petal,NA,NA,NA,0.00259,0.020870000000000003,0.8895993179880649
2025-07-02,3,Pt. Conception,9,0.02218,petal,NA,NA,NA,0.0035,0.01868,0.8422001803426511
2025-07-02,3,Pt. Conception,10,0.02459,petal,NA,NA,NA,0.00272,0.02187,0.8893859292395283
2025-07-02,3,Pt. Conception,11,0.03475,petal,NA,NA,NA,0.0042,0.030550000000000004,0.8791366906474821
2025-07-02,3,Pt. Conception,12,0.0116,petal,NA,NA,NA,0.00164,0.00996,0.8586206896551725
2025-07-02,3,Pt. Conception,13,0.02481,petal,NA,NA,NA,0.00334,0.02147,0.8653768641676745
2025-07-02,3,Pt. Conception,14,0.02123,petal,NA,NA,NA,0.00136,0.01987,0.9359397079604332
2025-07-02,3,Pt. Conception,15,0.01576,petal,NA,NA,NA,0.00178,0.01398,0.8870558375634516
2025-07-02,3,Percos,1,0.01964,petal,NA,NA,NA,0.00288,0.01676,0.8533604887983707
2025-07-02,3,Percos,2,0.02471,petal,NA,NA,NA,0.00322,0.02149,0.8696883852691217
2025-07-02,3,Percos,3,0.03049,petal,NA,NA,NA,0.00455,0.02594,0.8507707445063956
2025-07-02,3,Percos,4,0.0192,petal,NA,NA,NA,0.00303,0.016169999999999997,0.8421874999999999
2025-07-02,3,Percos,5,0.03523,petal,NA,NA,NA,0.00486,0.03037,0.8620493897246666
2025-07-02,3,Percos,6,0.02298,petal,NA,NA,NA,0.00323,0.01975,0.8594429939077458
2025-07-02,3,Percos,7,0.02093,petal,NA,NA,NA,0.00306,0.01787,0.8537983755375059
2025-07-02,3,Percos,8,0.03367,petal,NA,NA,NA,0.00522,0.02845,0.8449658449658451
2025-07-02,3,Percos,9,0.0247,petal,NA,NA,NA,0.0035,0.0212,0.8582995951417004
2025-07-02,3,Percos,10,0.03495,petal,NA,NA,NA,0.00562,0.02933,0.8391988555078684
2025-07-02,3,Percos,11,0.01568,petal,NA,NA,NA,0.00214,0.01354,0.8635204081632653
2025-07-02,3,Percos,12,0.03145,petal,NA,NA,NA,0.0038,0.027649999999999997,0.8791732909379968
2025-07-02,3,Percos,13,0.00875,petal,NA,NA,NA,0.00144,0.00731,0.8354285714285714
2025-07-02,3,Percos,14,0.01517,petal,NA,NA,NA,0.00224,0.01293,0.8523401450230719
2025-07-02,3,Percos,15,0.01949,petal,NA,NA,NA,0.00301,0.01648,0.8455618265777323
2025-07-05,3,Cojo,1,0.01574,petal,NA,NA,NA,0.00212,0.01362,0.8653113087674713
2025-07-05,3,Cojo,2,0.00874,petal,NA,NA,NA,8.1e-4,0.00793,0.9073226544622426
2025-07-05,3,Cojo,3,0.01638,petal,NA,NA,NA,0.00224,0.01414,0.8632478632478634
2025-07-05,3,Cojo,4,0.00875,petal,NA,NA,NA,0.00131,0.0074400000000000004,0.8502857142857142
2025-07-05,3,Cojo,5,0.01878,petal,NA,NA,NA,0.00209,0.016690000000000003,0.8887113951011715
2025-07-05,3,Cojo,6,0.00976,petal,NA,NA,NA,0.00121,0.00855,0.8760245901639345
2025-07-05,3,Cojo,7,0.03425,petal,NA,NA,NA,0.00371,0.03054,0.8916788321167883
2025-07-05,3,Cojo,8,0.01547,petal,NA,NA,NA,0.00203,0.01344,0.8687782805429864
2025-07-05,3,Cojo,9,0.00807,petal,NA,NA,NA,9.7e-4,0.0071,0.8798017348203222
2025-07-05,3,Cojo,10,0.00858,petal,NA,NA,NA,0.001,0.00758,0.8834498834498835
2025-07-05,3,Cojo,11,0.01809,petal,NA,NA,NA,0.00266,0.01543,0.8529574350469874
2025-07-05,3,Cojo,12,0.02053,petal,NA,NA,NA,0.00295,0.01758,0.8563078421821724
2025-07-05,3,Cojo,13,0.00875,petal,NA,NA,NA,0.00132,0.00743,0.8491428571428572
2025-07-05,3,Cojo,14,0.00956,petal,NA,NA,NA,0.0015,0.008060000000000001,0.8430962343096233
2025-07-05,3,Cojo,15,0.01641,petal,NA,NA,NA,0.00201,0.0144,0.8775137111517368
2025-07-05,3,Perry,1,0.01096,petal,NA,NA,NA,9.900000000000002e-4,0.00997,0.9096715328467152
2025-07-05,3,Perry,2,0.01389,petal,NA,NA,NA,0.00172,0.01217,0.8761699064074875
2025-07-05,3,Perry,3,0.01712,petal,NA,NA,NA,0.00188,0.01524,0.8901869158878506
2025-07-05,3,Perry,4,0.00994,petal,NA,NA,NA,0.00155,0.00839,0.8440643863179075
2025-07-05,3,Perry,5,0.00778,petal,NA,NA,NA,0.00122,0.00656,0.8431876606683805
2025-07-05,3,Perry,6,0.00542,petal,NA,NA,NA,2.9e-4,0.00513,0.9464944649446493
2025-07-05,3,Perry,7,0.00801,petal,NA,NA,NA,9.6e-4,0.00705,0.8801498127340824
2025-07-05,3,Perry,8,0.00527,petal,NA,NA,NA,7.8e-4,0.00449,0.8519924098671726
2025-07-05,3,Perry,9,0.00685,petal,NA,NA,NA,5.5e-4,0.0063,0.9197080291970803
2025-07-05,3,Perry,10,0.00797,petal,NA,NA,NA,7.6e-4,0.00721,0.9046424090338772
2025-07-05,3,Perry,11,0.00829,petal,NA,NA,NA,7.5e-4,0.00754,0.9095295536791316
2025-07-05,3,Perry,12,0.01179,petal,NA,NA,NA,0.00158,0.01021,0.8659881255301103
2025-07-05,3,Perry,13,0.00829,petal,NA,NA,NA,0.00131,0.00698,0.8419782870928829
2025-07-05,3,Perry,14,0.00439,petal,NA,NA,NA,3.9e-4,0.004,0.9111617312072893
2025-07-05,3,Perry,15,0.01028,petal,NA,NA,NA,0.00204,0.008239999999999999,0.8015564202334631
2025-05-22,2,Cojo,1,0.08142,petal,NA,NA,NA,NA,NA,NA
2025-05-22,2,Cojo,2,0.0898,flower,NA,NA,NA,NA,NA,NA
2025-05-22,2,Cojo,3,0.11245,flower,NA,NA,NA,NA,NA,NA
2025-05-22,2,Cojo,4,0.06603,flower,NA,NA,NA,NA,NA,NA
2025-05-22,2,Cojo,5,0.12799,flower,NA,NA,NA,NA,NA,NA
2025-05-22,2,Cojo,6,0.06819,flower,NA,NA,NA,NA,NA,NA
2025-05-22,2,Cojo,7,0.12113,flower,NA,NA,NA,NA,NA,NA
2025-05-22,2,Cojo,8,0.07373,flower,NA,NA,NA,NA,NA,NA
2025-05-22,2,Cojo,9,0.13656,flower,NA,NA,NA,NA,NA,NA
2025-05-22,2,Cojo,10,0.04408,flower,NA,NA,NA,NA,NA,NA
2025-05-22,2,Cojo,11,0.07742,flower,NA,NA,NA,NA,NA,NA
2025-05-22,2,Cojo,12,0.08443,flower,NA,NA,NA,NA,NA,NA
2025-05-22,2,Cojo,13,0.13244,flower,NA,NA,NA,NA,NA,NA
2025-05-22,2,Cojo,14,0.13173,flower,NA,NA,NA,NA,NA,NA
2025-05-22,2,Cojo,15,0.1241,flower,NA,NA,NA,NA,NA,NA
2025-05-23,2,Pt. Conception,1,0.09945,flower,NA,NA,NA,NA,NA,NA
2025-05-23,2,Pt. Conception,2,0.09143,flower,NA,NA,NA,NA,NA,NA
2025-05-23,2,Pt. Conception,3,0.14326,flower,NA,NA,NA,NA,NA,NA
2025-05-23,2,Pt. Conception,4,0.23337,flower,NA,NA,NA,NA,NA,NA
2025-05-23,2,Pt. Conception,5,0.17912,flower,NA,NA,NA,NA,NA,NA
2025-05-23,2,Pt. Conception,6,0.07057,flower,NA,NA,NA,NA,NA,NA
2025-05-23,2,Pt. Conception,7,0.14239,flower,NA,NA,NA,NA,NA,NA
2025-05-23,2,Pt. Conception,8,0.05432,flower,NA,note: only 1 other petal,NA,NA,NA,NA
2025-05-23,2,Pt. Conception,9,0.2561,flower,NA,NA,NA,NA,NA,NA
2025-05-23,2,Pt. Conception,10,0.1093,flower,NA,NA,NA,NA,NA,NA
2025-05-23,2,Pt. Conception,11,0.10738,flower,NA,NA,NA,NA,NA,NA
2025-05-23,2,Pt. Conception,12,0.16599,flower,NA,NA,NA,NA,NA,NA
2025-05-23,2,Pt. Conception,13,0.09827,flower,NA,NA,NA,NA,NA,NA
2025-05-23,2,Pt. Conception,14,0.20577,flower,NA,NA,NA,NA,NA,NA
2025-05-23,2,Pt. Conception,15,0.05124,flower,NA,NA,NA,NA,NA,NA
2025-05-23,2,Percos,1,0.17515,flower,NA,NA,NA,NA,NA,NA
2025-05-23,2,Percos,2,0.12569,flower,NA,NA,NA,NA,NA,NA
2025-05-23,2,Percos,3,0.18176,flower,NA,NA,NA,NA,NA,NA
2025-05-23,2,Percos,4,0.13627,flower,NA,NA,NA,NA,NA,NA
2025-05-23,2,Percos,5,0.1498,flower,NA,NA,NA,NA,NA,NA
2025-05-23,2,Percos,6,0.11876,flower,NA,NA,NA,NA,NA,NA
2025-05-23,2,Percos,7,0.19547,flower,NA,NA,NA,NA,NA,NA
2025-05-23,2,Percos,8,0.13273,flower,NA,NA,NA,NA,NA,NA
2025-05-23,2,Percos,9,0.12263,flower,NA,NA,NA,NA,NA,NA
2025-05-23,2,Percos,10,0.19818,flower,NA,NA,NA,NA,NA,NA
2025-05-23,2,Percos,11,0.07651,flower,NA,NA,NA,NA,NA,NA
2025-05-23,2,Percos,12,0.09861,flower,NA,NA,NA,NA,NA,NA
2025-05-23,2,Percos,13,0.10714,flower,NA,NA,NA,NA,NA,NA
2025-05-23,2,Percos,14,0.17354,flower,NA,NA,NA,NA,NA,NA
2025-09-13,4,Pt. Conception,1,0.02666,petal,NA,NA,NA,NA,NA,NA
2025-09-13,4,Pt. Conception,2,0.01728,petal,NA,NA,NA,NA,NA,NA
2025-09-13,4,Pt. Conception,3,0.03362,petal,NA,NA,NA,NA,NA,NA
2025-09-13,4,Pt. Conception,4,0.02304,petal,NA,NA,NA,NA,NA,NA
2025-09-13,4,Pt. Conception,5,0.02997,petal,NA,NA,NA,NA,NA,NA
2025-09-13,4,Pt. Conception,6,0.01589,petal,NA,NA,NA,NA,NA,NA
