rel_path,folder,fname,best_date,pop_token,reason
2025_06_11/IMG_0001.png,2025_06_11,IMG_0001.png,2025-06-11,NA,"no spreadsheet rows for this date — likely a different sub-experiment (e.g. shrinkage, water-loss, petal-failure time series)"
2025_06_11/IMG_0002.png,2025_06_11,IMG_0002.png,2025-06-11,NA,"no spreadsheet rows for this date — likely a different sub-experiment (e.g. shrinkage, water-loss, petal-failure time series)"
2025_06_11/IMG_0003.png,2025_06_11,IMG_0003.png,2025-06-11,NA,"no spreadsheet rows for this date — likely a different sub-experiment (e.g. shrinkage, water-loss, petal-failure time series)"
2025_06_11/IMG_0004.png,2025_06_11,IMG_0004.png,2025-06-11,NA,"no spreadsheet rows for this date — likely a different sub-experiment (e.g. shrinkage, water-loss, petal-failure time series)"
2025_06_11/IMG_0005.png,2025_06_11,IMG_0005.png,2025-06-11,NA,"no spreadsheet rows for this date — likely a different sub-experiment (e.g. shrinkage, water-loss, petal-failure time series)"
2025_06_11/IMG_0006.png,2025_06_11,IMG_0006.png,2025-06-11,NA,"no spreadsheet rows for this date — likely a different sub-experiment (e.g. shrinkage, water-loss, petal-failure time series)"
2025_06_11/IMG_0007.png,2025_06_11,IMG_0007.png,2025-06-11,NA,"no spreadsheet rows for this date — likely a different sub-experiment (e.g. shrinkage, water-loss, petal-failure time series)"
2025_06_11/IMG_0008.png,2025_06_11,IMG_0008.png,2025-06-11,NA,"no spreadsheet rows for this date — likely a different sub-experiment (e.g. shrinkage, water-loss, petal-failure time series)"
2025_06_11/IMG_0009.png,2025_06_11,IMG_0009.png,2025-06-11,NA,"no spreadsheet rows for this date — likely a different sub-experiment (e.g. shrinkage, water-loss, petal-failure time series)"
2025_06_11/IMG_0010.png,2025_06_11,IMG_0010.png,2025-06-11,NA,"no spreadsheet rows for this date — likely a different sub-experiment (e.g. shrinkage, water-loss, petal-failure time series)"
2025_06_11/IMG_0011.png,2025_06_11,IMG_0011.png,2025-06-11,NA,"no spreadsheet rows for this date — likely a different sub-experiment (e.g. shrinkage, water-loss, petal-failure time series)"
2025_06_11/IMG_t2_all.png,2025_06_11,IMG_t2_all.png,2025-06-11,NA,"no spreadsheet rows for this date — likely a different sub-experiment (e.g. shrinkage, water-loss, petal-failure time series)"
2025_06_11/IMG_t2_all.png (blue).jpg,2025_06_11,IMG_t2_all.png (blue).jpg,2025-06-11,NA,"no spreadsheet rows for this date — likely a different sub-experiment (e.g. shrinkage, water-loss, petal-failure time series)"
2025_06_11/IMG_t3_01.png,2025_06_11,IMG_t3_01.png,2025-06-11,NA,"no spreadsheet rows for this date — likely a different sub-experiment (e.g. shrinkage, water-loss, petal-failure time series)"
2025_06_11/IMG_t3_02.png,2025_06_11,IMG_t3_02.png,2025-06-11,NA,"no spreadsheet rows for this date — likely a different sub-experiment (e.g. shrinkage, water-loss, petal-failure time series)"
2025_06_11/IMG_t3_03.png,2025_06_11,IMG_t3_03.png,2025-06-11,NA,"no spreadsheet rows for this date — likely a different sub-experiment (e.g. shrinkage, water-loss, petal-failure time series)"
2025_06_11/IMG_t3_04.png,2025_06_11,IMG_t3_04.png,2025-06-11,NA,"no spreadsheet rows for this date — likely a different sub-experiment (e.g. shrinkage, water-loss, petal-failure time series)"
2025_06_11/IMG_t3_05.png,2025_06_11,IMG_t3_05.png,2025-06-11,NA,"no spreadsheet rows for this date — likely a different sub-experiment (e.g. shrinkage, water-loss, petal-failure time series)"
2025_06_11/IMG_t3_06.png,2025_06_11,IMG_t3_06.png,2025-06-11,NA,"no spreadsheet rows for this date — likely a different sub-experiment (e.g. shrinkage, water-loss, petal-failure time series)"
2025_06_11/IMG_t3_07.png,2025_06_11,IMG_t3_07.png,2025-06-11,NA,"no spreadsheet rows for this date — likely a different sub-experiment (e.g. shrinkage, water-loss, petal-failure time series)"
2025_06_11/IMG_t3_08.png,2025_06_11,IMG_t3_08.png,2025-06-11,NA,"no spreadsheet rows for this date — likely a different sub-experiment (e.g. shrinkage, water-loss, petal-failure time series)"
2025_06_11/IMG_t3_09.png,2025_06_11,IMG_t3_09.png,2025-06-11,NA,"no spreadsheet rows for this date — likely a different sub-experiment (e.g. shrinkage, water-loss, petal-failure time series)"
2025_06_11/IMG_t3_10.png,2025_06_11,IMG_t3_10.png,2025-06-11,NA,"no spreadsheet rows for this date — likely a different sub-experiment (e.g. shrinkage, water-loss, petal-failure time series)"
2025_06_11/IMG_t3_11.png,2025_06_11,IMG_t3_11.png,2025-06-11,NA,"no spreadsheet rows for this date — likely a different sub-experiment (e.g. shrinkage, water-loss, petal-failure time series)"
IMG_20250428_0001.png,Petal_scans,IMG_20250428_0001.png,2025-04-28,NA,"no spreadsheet rows for this date — likely a different sub-experiment (e.g. shrinkage, water-loss, petal-failure time series)"
IMG_20250428_0001.tif,Petal_scans,IMG_20250428_0001.tif,2025-04-28,NA,"no spreadsheet rows for this date — likely a different sub-experiment (e.g. shrinkage, water-loss, petal-failure time series)"
IMG_20250522_petal_failure_end_0016.png,Petal_scans,IMG_20250522_petal_failure_end_0016.png,2025-05-22,NA,"petal-failure documentation photo (1 petal, before/after) — not a standard area-measurement card"
IMG_20250522_petal_failure_start_0016.png,Petal_scans,IMG_20250522_petal_failure_start_0016.png,2025-05-22,NA,"petal-failure documentation photo (1 petal, before/after) — not a standard area-measurement card"
IMG_waterloss_1_pre_20250428_0001.png,Petal_scans,IMG_waterloss_1_pre_20250428_0001.png,2025-04-28,NA,"no spreadsheet rows for this date — likely a different sub-experiment (e.g. shrinkage, water-loss, petal-failure time series)"
IMG_waterloss_1_pre_post_20250428_0002.png,Petal_scans,IMG_waterloss_1_pre_post_20250428_0002.png,2025-04-28,NA,"no spreadsheet rows for this date — likely a different sub-experiment (e.g. shrinkage, water-loss, petal-failure time series)"
IMG_waterloss_2_post_20250428_0003.png,Petal_scans,IMG_waterloss_2_post_20250428_0003.png,2025-04-28,NA,"no spreadsheet rows for this date — likely a different sub-experiment (e.g. shrinkage, water-loss, petal-failure time series)"
IMG_waterloss_2_pre_20250428_0002.png,Petal_scans,IMG_waterloss_2_pre_20250428_0002.png,2025-04-28,NA,"no spreadsheet rows for this date — likely a different sub-experiment (e.g. shrinkage, water-loss, petal-failure time series)"
Percos1_binary.png,Petal_scans,Percos1_binary.png,NA,Percos,"prior manual-processing artifact (binary mask / old results), not a raw scan"
Percos3_binary.png,Petal_scans,Percos3_binary.png,NA,Percos,"prior manual-processing artifact (binary mask / old results), not a raw scan"
shrinkage_20250606_0001.png,Petal_scans,shrinkage_20250606_0001.png,2025-06-06,NA,"no spreadsheet rows for this date — likely a different sub-experiment (e.g. shrinkage, water-loss, petal-failure time series)"
shrinkage_20250606_0002.png,Petal_scans,shrinkage_20250606_0002.png,2025-06-06,NA,"no spreadsheet rows for this date — likely a different sub-experiment (e.g. shrinkage, water-loss, petal-failure time series)"
shrinkage_20250606_0003.png,Petal_scans,shrinkage_20250606_0003.png,2025-06-06,NA,"no spreadsheet rows for this date — likely a different sub-experiment (e.g. shrinkage, water-loss, petal-failure time series)"
shrinkage_20250606_0004.png,Petal_scans,shrinkage_20250606_0004.png,2025-06-06,NA,"no spreadsheet rows for this date — likely a different sub-experiment (e.g. shrinkage, water-loss, petal-failure time series)"
shrinkage_20250606_0005.png,Petal_scans,shrinkage_20250606_0005.png,2025-06-06,NA,"no spreadsheet rows for this date — likely a different sub-experiment (e.g. shrinkage, water-loss, petal-failure time series)"
shrinkage_20250606_0006.png,Petal_scans,shrinkage_20250606_0006.png,2025-06-06,NA,"no spreadsheet rows for this date — likely a different sub-experiment (e.g. shrinkage, water-loss, petal-failure time series)"
shrinkage_20250606_0007.png,Petal_scans,shrinkage_20250606_0007.png,2025-06-06,NA,"no spreadsheet rows for this date — likely a different sub-experiment (e.g. shrinkage, water-loss, petal-failure time series)"
shrinkage_20250606_0008.png,Petal_scans,shrinkage_20250606_0008.png,2025-06-06,NA,"no spreadsheet rows for this date — likely a different sub-experiment (e.g. shrinkage, water-loss, petal-failure time series)"
shrinkage_20250606_0009.png,Petal_scans,shrinkage_20250606_0009.png,2025-06-06,NA,"no spreadsheet rows for this date — likely a different sub-experiment (e.g. shrinkage, water-loss, petal-failure time series)"
