rel_path,folder,fname,likely_artifact,likely_documentation_photo,exclude_from_matching,folder_date,fname_date_token,fname_date_ymd,fname_date_dmy,best_date,pop_token,population_resolved,population_source
2025_03_26/IMG_20250326_0001.png,2025_03_26,IMG_20250326_0001.png,FALSE,FALSE,FALSE,2025-03-26,20250326,2025-03-26,NA,2025-03-26,NA,Percos,inferred_single_population_date
2025_03_26/IMG_20250326_0002.png,2025_03_26,IMG_20250326_0002.png,FALSE,FALSE,FALSE,2025-03-26,20250326,2025-03-26,NA,2025-03-26,NA,Percos,inferred_single_population_date
2025_03_26/IMG_20250326_0003.png,2025_03_26,IMG_20250326_0003.png,FALSE,FALSE,FALSE,2025-03-26,20250326,2025-03-26,NA,2025-03-26,NA,Percos,inferred_single_population_date
2025_03_26/IMG_20250326_0004.png,2025_03_26,IMG_20250326_0004.png,FALSE,FALSE,FALSE,2025-03-26,20250326,2025-03-26,NA,2025-03-26,NA,Percos,inferred_single_population_date
2025_03_26/IMG_20250326_0005.png,2025_03_26,IMG_20250326_0005.png,FALSE,FALSE,FALSE,2025-03-26,20250326,2025-03-26,NA,2025-03-26,NA,Percos,inferred_single_population_date
2025_03_26/IMG_20250326_0006.png,2025_03_26,IMG_20250326_0006.png,FALSE,FALSE,FALSE,2025-03-26,20250326,2025-03-26,NA,2025-03-26,NA,Percos,inferred_single_population_date
2025_03_26/IMG_20250326_0007.png,2025_03_26,IMG_20250326_0007.png,FALSE,FALSE,FALSE,2025-03-26,20250326,2025-03-26,NA,2025-03-26,NA,Percos,inferred_single_population_date
2025_03_26/IMG_20250326_0008.png,2025_03_26,IMG_20250326_0008.png,FALSE,FALSE,FALSE,2025-03-26,20250326,2025-03-26,NA,2025-03-26,NA,Percos,inferred_single_population_date
2025_03_26/IMG_20250326_0009.png,2025_03_26,IMG_20250326_0009.png,FALSE,FALSE,FALSE,2025-03-26,20250326,2025-03-26,NA,2025-03-26,NA,Percos,inferred_single_population_date
2025_03_26/IMG_20250326_0010.png,2025_03_26,IMG_20250326_0010.png,FALSE,FALSE,FALSE,2025-03-26,20250326,2025-03-26,NA,2025-03-26,NA,Percos,inferred_single_population_date
2025_03_26/IMG_20250326_0011.png,2025_03_26,IMG_20250326_0011.png,FALSE,FALSE,FALSE,2025-03-26,20250326,2025-03-26,NA,2025-03-26,NA,Percos,inferred_single_population_date
2025_03_26/IMG_20250326_0012.png,2025_03_26,IMG_20250326_0012.png,FALSE,FALSE,FALSE,2025-03-26,20250326,2025-03-26,NA,2025-03-26,NA,Percos,inferred_single_population_date
2025_03_26/IMG_20250326_0013.png,2025_03_26,IMG_20250326_0013.png,FALSE,FALSE,FALSE,2025-03-26,20250326,2025-03-26,NA,2025-03-26,NA,Percos,inferred_single_population_date
2025_03_26/IMG_20250326_0014.png,2025_03_26,IMG_20250326_0014.png,FALSE,FALSE,FALSE,2025-03-26,20250326,2025-03-26,NA,2025-03-26,NA,Percos,inferred_single_population_date
2025_03_26/IMG_20250326_0015.png,2025_03_26,IMG_20250326_0015.png,FALSE,FALSE,FALSE,2025-03-26,20250326,2025-03-26,NA,2025-03-26,NA,Percos,inferred_single_population_date
2025_03_28/IMG_20250328_0001.png,2025_03_28,IMG_20250328_0001.png,FALSE,FALSE,FALSE,2025-03-28,20250328,2025-03-28,NA,2025-03-28,NA,NA,unresolved
2025_03_28/IMG_20250328_0002.png,2025_03_28,IMG_20250328_0002.png,FALSE,FALSE,FALSE,2025-03-28,20250328,2025-03-28,NA,2025-03-28,NA,NA,unresolved
2025_03_28/IMG_20250328_0003.png,2025_03_28,IMG_20250328_0003.png,FALSE,FALSE,FALSE,2025-03-28,20250328,2025-03-28,NA,2025-03-28,NA,NA,unresolved
2025_03_28/IMG_20250328_0004.png,2025_03_28,IMG_20250328_0004.png,FALSE,FALSE,FALSE,2025-03-28,20250328,2025-03-28,NA,2025-03-28,NA,NA,unresolved
2025_03_28/IMG_20250328_0005.png,2025_03_28,IMG_20250328_0005.png,FALSE,FALSE,FALSE,2025-03-28,20250328,2025-03-28,NA,2025-03-28,NA,NA,unresolved
2025_03_28/IMG_20250328_0006.png,2025_03_28,IMG_20250328_0006.png,FALSE,FALSE,FALSE,2025-03-28,20250328,2025-03-28,NA,2025-03-28,NA,NA,unresolved
2025_03_28/IMG_20250328_0007.png,2025_03_28,IMG_20250328_0007.png,FALSE,FALSE,FALSE,2025-03-28,20250328,2025-03-28,NA,2025-03-28,NA,NA,unresolved
2025_03_28/IMG_20250328_0008.png,2025_03_28,IMG_20250328_0008.png,FALSE,FALSE,FALSE,2025-03-28,20250328,2025-03-28,NA,2025-03-28,NA,NA,unresolved
2025_03_28/IMG_20250328_0009.png,2025_03_28,IMG_20250328_0009.png,FALSE,FALSE,FALSE,2025-03-28,20250328,2025-03-28,NA,2025-03-28,NA,NA,unresolved
2025_03_28/IMG_20250328_0010.png,2025_03_28,IMG_20250328_0010.png,FALSE,FALSE,FALSE,2025-03-28,20250328,2025-03-28,NA,2025-03-28,NA,NA,unresolved
2025_03_28/IMG_20250328_0011.png,2025_03_28,IMG_20250328_0011.png,FALSE,FALSE,FALSE,2025-03-28,20250328,2025-03-28,NA,2025-03-28,NA,NA,unresolved
2025_03_28/IMG_20250328_0012.png,2025_03_28,IMG_20250328_0012.png,FALSE,FALSE,FALSE,2025-03-28,20250328,2025-03-28,NA,2025-03-28,NA,NA,unresolved
2025_03_28/IMG_20250328_0013.png,2025_03_28,IMG_20250328_0013.png,FALSE,FALSE,FALSE,2025-03-28,20250328,2025-03-28,NA,2025-03-28,NA,NA,unresolved
2025_03_28/IMG_20250328_0014.png,2025_03_28,IMG_20250328_0014.png,FALSE,FALSE,FALSE,2025-03-28,20250328,2025-03-28,NA,2025-03-28,NA,NA,unresolved
2025_03_28/IMG_20250328_0015.png,2025_03_28,IMG_20250328_0015.png,FALSE,FALSE,FALSE,2025-03-28,20250328,2025-03-28,NA,2025-03-28,NA,NA,unresolved
2025_03_28/IMG_20250328_0016.png,2025_03_28,IMG_20250328_0016.png,FALSE,FALSE,FALSE,2025-03-28,20250328,2025-03-28,NA,2025-03-28,NA,NA,unresolved
2025_03_28/IMG_20250328_0017.png,2025_03_28,IMG_20250328_0017.png,FALSE,FALSE,FALSE,2025-03-28,20250328,2025-03-28,NA,2025-03-28,NA,NA,unresolved
2025_03_28/IMG_20250328_0018.png,2025_03_28,IMG_20250328_0018.png,FALSE,FALSE,FALSE,2025-03-28,20250328,2025-03-28,NA,2025-03-28,NA,NA,unresolved
2025_03_28/IMG_20250328_0019.png,2025_03_28,IMG_20250328_0019.png,FALSE,FALSE,FALSE,2025-03-28,20250328,2025-03-28,NA,2025-03-28,NA,NA,unresolved
2025_03_28/IMG_20250328_0020.png,2025_03_28,IMG_20250328_0020.png,FALSE,FALSE,FALSE,2025-03-28,20250328,2025-03-28,NA,2025-03-28,NA,NA,unresolved
2025_03_28/IMG_20250328_0021.png,2025_03_28,IMG_20250328_0021.png,FALSE,FALSE,FALSE,2025-03-28,20250328,2025-03-28,NA,2025-03-28,NA,NA,unresolved
2025_03_28/IMG_20250328_0022.png,2025_03_28,IMG_20250328_0022.png,FALSE,FALSE,FALSE,2025-03-28,20250328,2025-03-28,NA,2025-03-28,NA,NA,unresolved
2025_03_28/IMG_20250328_0023.png,2025_03_28,IMG_20250328_0023.png,FALSE,FALSE,FALSE,2025-03-28,20250328,2025-03-28,NA,2025-03-28,NA,NA,unresolved
2025_03_28/IMG_20250328_0024.png,2025_03_28,IMG_20250328_0024.png,FALSE,FALSE,FALSE,2025-03-28,20250328,2025-03-28,NA,2025-03-28,NA,NA,unresolved
2025_03_28/IMG_20250328_0025.png,2025_03_28,IMG_20250328_0025.png,FALSE,FALSE,FALSE,2025-03-28,20250328,2025-03-28,NA,2025-03-28,NA,NA,unresolved
2025_03_28/IMG_20250328_0026.png,2025_03_28,IMG_20250328_0026.png,FALSE,FALSE,FALSE,2025-03-28,20250328,2025-03-28,NA,2025-03-28,NA,NA,unresolved
2025_03_28/IMG_20250328_0027.png,2025_03_28,IMG_20250328_0027.png,FALSE,FALSE,FALSE,2025-03-28,20250328,2025-03-28,NA,2025-03-28,NA,NA,unresolved
2025_03_28/IMG_20250328_0028.png,2025_03_28,IMG_20250328_0028.png,FALSE,FALSE,FALSE,2025-03-28,20250328,2025-03-28,NA,2025-03-28,NA,NA,unresolved
2025_03_28/IMG_20250328_0029.png,2025_03_28,IMG_20250328_0029.png,FALSE,FALSE,FALSE,2025-03-28,20250328,2025-03-28,NA,2025-03-28,NA,NA,unresolved
2025_03_28/IMG_20250328_0030.png,2025_03_28,IMG_20250328_0030.png,FALSE,FALSE,FALSE,2025-03-28,20250328,2025-03-28,NA,2025-03-28,NA,NA,unresolved
2025_03_28/IMG_20250328_0031.png,2025_03_28,IMG_20250328_0031.png,FALSE,FALSE,FALSE,2025-03-28,20250328,2025-03-28,NA,2025-03-28,NA,NA,unresolved
2025_06_11/IMG_0001.png,2025_06_11,IMG_0001.png,FALSE,FALSE,FALSE,2025-06-11,NA,NA,NA,2025-06-11,NA,NA,unresolved
2025_06_11/IMG_0002.png,2025_06_11,IMG_0002.png,FALSE,FALSE,FALSE,2025-06-11,NA,NA,NA,2025-06-11,NA,NA,unresolved
2025_06_11/IMG_0003.png,2025_06_11,IMG_0003.png,FALSE,FALSE,FALSE,2025-06-11,NA,NA,NA,2025-06-11,NA,NA,unresolved
2025_06_11/IMG_0004.png,2025_06_11,IMG_0004.png,FALSE,FALSE,FALSE,2025-06-11,NA,NA,NA,2025-06-11,NA,NA,unresolved
2025_06_11/IMG_0005.png,2025_06_11,IMG_0005.png,FALSE,FALSE,FALSE,2025-06-11,NA,NA,NA,2025-06-11,NA,NA,unresolved
2025_06_11/IMG_0006.png,2025_06_11,IMG_0006.png,FALSE,FALSE,FALSE,2025-06-11,NA,NA,NA,2025-06-11,NA,NA,unresolved
2025_06_11/IMG_0007.png,2025_06_11,IMG_0007.png,FALSE,FALSE,FALSE,2025-06-11,NA,NA,NA,2025-06-11,NA,NA,unresolved
2025_06_11/IMG_0008.png,2025_06_11,IMG_0008.png,FALSE,FALSE,FALSE,2025-06-11,NA,NA,NA,2025-06-11,NA,NA,unresolved
2025_06_11/IMG_0009.png,2025_06_11,IMG_0009.png,FALSE,FALSE,FALSE,2025-06-11,NA,NA,NA,2025-06-11,NA,NA,unresolved
2025_06_11/IMG_0010.png,2025_06_11,IMG_0010.png,FALSE,FALSE,FALSE,2025-06-11,NA,NA,NA,2025-06-11,NA,NA,unresolved
2025_06_11/IMG_0011.png,2025_06_11,IMG_0011.png,FALSE,FALSE,FALSE,2025-06-11,NA,NA,NA,2025-06-11,NA,NA,unresolved
2025_06_11/IMG_t2_all.png,2025_06_11,IMG_t2_all.png,FALSE,FALSE,FALSE,2025-06-11,NA,NA,NA,2025-06-11,NA,NA,unresolved
2025_06_11/IMG_t2_all.png (blue).jpg,2025_06_11,IMG_t2_all.png (blue).jpg,FALSE,FALSE,FALSE,2025-06-11,NA,NA,NA,2025-06-11,NA,NA,unresolved
2025_06_11/IMG_t3_01.png,2025_06_11,IMG_t3_01.png,FALSE,FALSE,FALSE,2025-06-11,NA,NA,NA,2025-06-11,NA,NA,unresolved
2025_06_11/IMG_t3_02.png,2025_06_11,IMG_t3_02.png,FALSE,FALSE,FALSE,2025-06-11,NA,NA,NA,2025-06-11,NA,NA,unresolved
2025_06_11/IMG_t3_03.png,2025_06_11,IMG_t3_03.png,FALSE,FALSE,FALSE,2025-06-11,NA,NA,NA,2025-06-11,NA,NA,unresolved
2025_06_11/IMG_t3_04.png,2025_06_11,IMG_t3_04.png,FALSE,FALSE,FALSE,2025-06-11,NA,NA,NA,2025-06-11,NA,NA,unresolved
2025_06_11/IMG_t3_05.png,2025_06_11,IMG_t3_05.png,FALSE,FALSE,FALSE,2025-06-11,NA,NA,NA,2025-06-11,NA,NA,unresolved
2025_06_11/IMG_t3_06.png,2025_06_11,IMG_t3_06.png,FALSE,FALSE,FALSE,2025-06-11,NA,NA,NA,2025-06-11,NA,NA,unresolved
2025_06_11/IMG_t3_07.png,2025_06_11,IMG_t3_07.png,FALSE,FALSE,FALSE,2025-06-11,NA,NA,NA,2025-06-11,NA,NA,unresolved
2025_06_11/IMG_t3_08.png,2025_06_11,IMG_t3_08.png,FALSE,FALSE,FALSE,2025-06-11,NA,NA,NA,2025-06-11,NA,NA,unresolved
2025_06_11/IMG_t3_09.png,2025_06_11,IMG_t3_09.png,FALSE,FALSE,FALSE,2025-06-11,NA,NA,NA,2025-06-11,NA,NA,unresolved
2025_06_11/IMG_t3_10.png,2025_06_11,IMG_t3_10.png,FALSE,FALSE,FALSE,2025-06-11,NA,NA,NA,2025-06-11,NA,NA,unresolved
2025_06_11/IMG_t3_11.png,2025_06_11,IMG_t3_11.png,FALSE,FALSE,FALSE,2025-06-11,NA,NA,NA,2025-06-11,NA,NA,unresolved
2025_07_02/Percos_0001.png,2025_07_02,Percos_0001.png,FALSE,FALSE,FALSE,2025-07-02,NA,NA,NA,2025-07-02,Percos,Percos,filename
2025_07_02/Percos_0002.png,2025_07_02,Percos_0002.png,FALSE,FALSE,FALSE,2025-07-02,NA,NA,NA,2025-07-02,Percos,Percos,filename
2025_07_02/Percos_0003.png,2025_07_02,Percos_0003.png,FALSE,FALSE,FALSE,2025-07-02,NA,NA,NA,2025-07-02,Percos,Percos,filename
2025_07_02/Percos_0004.png,2025_07_02,Percos_0004.png,FALSE,FALSE,FALSE,2025-07-02,NA,NA,NA,2025-07-02,Percos,Percos,filename
2025_07_02/Percos_0005.png,2025_07_02,Percos_0005.png,FALSE,FALSE,FALSE,2025-07-02,NA,NA,NA,2025-07-02,Percos,Percos,filename
2025_07_02/Percos_0006.png,2025_07_02,Percos_0006.png,FALSE,FALSE,FALSE,2025-07-02,NA,NA,NA,2025-07-02,Percos,Percos,filename
2025_07_02/Percos_0007.png,2025_07_02,Percos_0007.png,FALSE,FALSE,FALSE,2025-07-02,NA,NA,NA,2025-07-02,Percos,Percos,filename
2025_07_02/Percos_0008.png,2025_07_02,Percos_0008.png,FALSE,FALSE,FALSE,2025-07-02,NA,NA,NA,2025-07-02,Percos,Percos,filename
2025_07_02/Percos_0009.png,2025_07_02,Percos_0009.png,FALSE,FALSE,FALSE,2025-07-02,NA,NA,NA,2025-07-02,Percos,Percos,filename
2025_07_02/Percos_0010.png,2025_07_02,Percos_0010.png,FALSE,FALSE,FALSE,2025-07-02,NA,NA,NA,2025-07-02,Percos,Percos,filename
2025_07_02/Percos_0011.png,2025_07_02,Percos_0011.png,FALSE,FALSE,FALSE,2025-07-02,NA,NA,NA,2025-07-02,Percos,Percos,filename
2025_07_02/Percos_0012.png,2025_07_02,Percos_0012.png,FALSE,FALSE,FALSE,2025-07-02,NA,NA,NA,2025-07-02,Percos,Percos,filename
2025_07_02/Percos_0013.png,2025_07_02,Percos_0013.png,FALSE,FALSE,FALSE,2025-07-02,NA,NA,NA,2025-07-02,Percos,Percos,filename
2025_07_02/Percos_0014.png,2025_07_02,Percos_0014.png,FALSE,FALSE,FALSE,2025-07-02,NA,NA,NA,2025-07-02,Percos,Percos,filename
2025_07_02/Percos_0015.png,2025_07_02,Percos_0015.png,FALSE,FALSE,FALSE,2025-07-02,NA,NA,NA,2025-07-02,Percos,Percos,filename
2025_07_02/Pt_Con_0001.png,2025_07_02,Pt_Con_0001.png,FALSE,FALSE,FALSE,2025-07-02,NA,NA,NA,2025-07-02,Pt. Conception,Pt. Conception,filename
2025_07_02/Pt_Con_0002.png,2025_07_02,Pt_Con_0002.png,FALSE,FALSE,FALSE,2025-07-02,NA,NA,NA,2025-07-02,Pt. Conception,Pt. Conception,filename
2025_07_02/Pt_Con_0003.png,2025_07_02,Pt_Con_0003.png,FALSE,FALSE,FALSE,2025-07-02,NA,NA,NA,2025-07-02,Pt. Conception,Pt. Conception,filename
2025_07_02/Pt_Con_0004.png,2025_07_02,Pt_Con_0004.png,FALSE,FALSE,FALSE,2025-07-02,NA,NA,NA,2025-07-02,Pt. Conception,Pt. Conception,filename
2025_07_02/Pt_Con_0005.png,2025_07_02,Pt_Con_0005.png,FALSE,FALSE,FALSE,2025-07-02,NA,NA,NA,2025-07-02,Pt. Conception,Pt. Conception,filename
2025_07_02/Pt_Con_0006.png,2025_07_02,Pt_Con_0006.png,FALSE,FALSE,FALSE,2025-07-02,NA,NA,NA,2025-07-02,Pt. Conception,Pt. Conception,filename
2025_07_02/Pt_Con_0007.png,2025_07_02,Pt_Con_0007.png,FALSE,FALSE,FALSE,2025-07-02,NA,NA,NA,2025-07-02,Pt. Conception,Pt. Conception,filename
2025_07_02/Pt_Con_0008.png,2025_07_02,Pt_Con_0008.png,FALSE,FALSE,FALSE,2025-07-02,NA,NA,NA,2025-07-02,Pt. Conception,Pt. Conception,filename
2025_07_02/Pt_Con_0009.png,2025_07_02,Pt_Con_0009.png,FALSE,FALSE,FALSE,2025-07-02,NA,NA,NA,2025-07-02,Pt. Conception,Pt. Conception,filename
2025_07_02/Pt_Con_0010.png,2025_07_02,Pt_Con_0010.png,FALSE,FALSE,FALSE,2025-07-02,NA,NA,NA,2025-07-02,Pt. Conception,Pt. Conception,filename
2025_07_02/Pt_Con_0011.png,2025_07_02,Pt_Con_0011.png,FALSE,FALSE,FALSE,2025-07-02,NA,NA,NA,2025-07-02,Pt. Conception,Pt. Conception,filename
2025_07_02/Pt_Con_0012.png,2025_07_02,Pt_Con_0012.png,FALSE,FALSE,FALSE,2025-07-02,NA,NA,NA,2025-07-02,Pt. Conception,Pt. Conception,filename
2025_07_02/Pt_Con_0013.png,2025_07_02,Pt_Con_0013.png,FALSE,FALSE,FALSE,2025-07-02,NA,NA,NA,2025-07-02,Pt. Conception,Pt. Conception,filename
2025_07_02/Pt_Con_0014.png,2025_07_02,Pt_Con_0014.png,FALSE,FALSE,FALSE,2025-07-02,NA,NA,NA,2025-07-02,Pt. Conception,Pt. Conception,filename
2025_07_02/Pt_Con_0015.png,2025_07_02,Pt_Con_0015.png,FALSE,FALSE,FALSE,2025-07-02,NA,NA,NA,2025-07-02,Pt. Conception,Pt. Conception,filename
2025_07_05/Cojo_5_jul_25_0001.png,2025_07_05,Cojo_5_jul_25_0001.png,FALSE,FALSE,FALSE,2025-07-05,NA,NA,2025-07-05,2025-07-05,Cojo,Cojo,filename
2025_07_05/Cojo_5_jul_25_0002.png,2025_07_05,Cojo_5_jul_25_0002.png,FALSE,FALSE,FALSE,2025-07-05,NA,NA,2025-07-05,2025-07-05,Cojo,Cojo,filename
2025_07_05/Cojo_5_jul_25_0003.png,2025_07_05,Cojo_5_jul_25_0003.png,FALSE,FALSE,FALSE,2025-07-05,NA,NA,2025-07-05,2025-07-05,Cojo,Cojo,filename
2025_07_05/Perry_5_jul_25_0001.png,2025_07_05,Perry_5_jul_25_0001.png,FALSE,FALSE,FALSE,2025-07-05,NA,NA,2025-07-05,2025-07-05,Perry,Perry,filename
2025_07_05/Perry_5_jul_25_0002.png,2025_07_05,Perry_5_jul_25_0002.png,FALSE,FALSE,FALSE,2025-07-05,NA,NA,2025-07-05,2025-07-05,Perry,Perry,filename
2025_07_05/Perry_5_jul_25_0003.png,2025_07_05,Perry_5_jul_25_0003.png,FALSE,FALSE,FALSE,2025-07-05,NA,NA,2025-07-05,2025-07-05,Perry,Perry,filename
2025_09_15/Pt_Con_13_sep_25_0001.png,2025_09_15,Pt_Con_13_sep_25_0001.png,FALSE,FALSE,FALSE,2025-09-15,NA,NA,2025-09-13,2025-09-13,Pt. Conception,Pt. Conception,filename
2025_09_15/Pt_Con_13_sep_25_0002.png,2025_09_15,Pt_Con_13_sep_25_0002.png,FALSE,FALSE,FALSE,2025-09-15,NA,NA,2025-09-13,2025-09-13,Pt. Conception,Pt. Conception,filename
2025_09_15/Pt_Con_13_sep_25_0003.png,2025_09_15,Pt_Con_13_sep_25_0003.png,FALSE,FALSE,FALSE,2025-09-15,NA,NA,2025-09-13,2025-09-13,Pt. Conception,Pt. Conception,filename
2025_09_15/Pt_Con_13_sep_25_0004.png,2025_09_15,Pt_Con_13_sep_25_0004.png,FALSE,FALSE,FALSE,2025-09-15,NA,NA,2025-09-13,2025-09-13,Pt. Conception,Pt. Conception,filename
2025_09_15/Pt_Con_13_sep_25_0005.png,2025_09_15,Pt_Con_13_sep_25_0005.png,FALSE,FALSE,FALSE,2025-09-15,NA,NA,2025-09-13,2025-09-13,Pt. Conception,Pt. Conception,filename
2025_09_15/Pt_Con_13_sep_25_0006.png,2025_09_15,Pt_Con_13_sep_25_0006.png,FALSE,FALSE,FALSE,2025-09-15,NA,NA,2025-09-13,2025-09-13,Pt. Conception,Pt. Conception,filename
IMG_20250417_0001.png,Petal_scans,IMG_20250417_0001.png,FALSE,FALSE,FALSE,NA,20250417,2025-04-17,NA,2025-04-17,NA,Cojo,inferred_single_population_date
IMG_20250417_0002.png,Petal_scans,IMG_20250417_0002.png,FALSE,FALSE,FALSE,NA,20250417,2025-04-17,NA,2025-04-17,NA,Cojo,inferred_single_population_date
IMG_20250417_0003.png,Petal_scans,IMG_20250417_0003.png,FALSE,FALSE,FALSE,NA,20250417,2025-04-17,NA,2025-04-17,NA,Cojo,inferred_single_population_date
IMG_20250417_0004.png,Petal_scans,IMG_20250417_0004.png,FALSE,FALSE,FALSE,NA,20250417,2025-04-17,NA,2025-04-17,NA,Cojo,inferred_single_population_date
IMG_20250417_0005.png,Petal_scans,IMG_20250417_0005.png,FALSE,FALSE,FALSE,NA,20250417,2025-04-17,NA,2025-04-17,NA,Cojo,inferred_single_population_date
IMG_20250417_0006.png,Petal_scans,IMG_20250417_0006.png,FALSE,FALSE,FALSE,NA,20250417,2025-04-17,NA,2025-04-17,NA,Cojo,inferred_single_population_date
IMG_20250417_0007.png,Petal_scans,IMG_20250417_0007.png,FALSE,FALSE,FALSE,NA,20250417,2025-04-17,NA,2025-04-17,NA,Cojo,inferred_single_population_date
IMG_20250417_0008.png,Petal_scans,IMG_20250417_0008.png,FALSE,FALSE,FALSE,NA,20250417,2025-04-17,NA,2025-04-17,NA,Cojo,inferred_single_population_date
IMG_20250417_0009.png,Petal_scans,IMG_20250417_0009.png,FALSE,FALSE,FALSE,NA,20250417,2025-04-17,NA,2025-04-17,NA,Cojo,inferred_single_population_date
IMG_20250417_0010.png,Petal_scans,IMG_20250417_0010.png,FALSE,FALSE,FALSE,NA,20250417,2025-04-17,NA,2025-04-17,NA,Cojo,inferred_single_population_date
IMG_20250417_0011.png,Petal_scans,IMG_20250417_0011.png,FALSE,FALSE,FALSE,NA,20250417,2025-04-17,NA,2025-04-17,NA,Cojo,inferred_single_population_date
IMG_20250417_0012.png,Petal_scans,IMG_20250417_0012.png,FALSE,FALSE,FALSE,NA,20250417,2025-04-17,NA,2025-04-17,NA,Cojo,inferred_single_population_date
IMG_20250417_0013.png,Petal_scans,IMG_20250417_0013.png,FALSE,FALSE,FALSE,NA,20250417,2025-04-17,NA,2025-04-17,NA,Cojo,inferred_single_population_date
IMG_20250417_0014.png,Petal_scans,IMG_20250417_0014.png,FALSE,FALSE,FALSE,NA,20250417,2025-04-17,NA,2025-04-17,NA,Cojo,inferred_single_population_date
IMG_20250417_0015.png,Petal_scans,IMG_20250417_0015.png,FALSE,FALSE,FALSE,NA,20250417,2025-04-17,NA,2025-04-17,NA,Cojo,inferred_single_population_date
IMG_20250428_0001.png,Petal_scans,IMG_20250428_0001.png,FALSE,FALSE,FALSE,NA,20250428,2025-04-28,NA,2025-04-28,NA,NA,unresolved
IMG_20250428_0001.tif,Petal_scans,IMG_20250428_0001.tif,FALSE,FALSE,FALSE,NA,20250428,2025-04-28,NA,2025-04-28,NA,NA,unresolved
IMG_20250520_perry_0001.png,Petal_scans,IMG_20250520_perry_0001.png,FALSE,FALSE,FALSE,NA,20250520,2025-05-20,NA,2025-05-20,Perry,Perry,filename
IMG_20250520_perry_0002.png,Petal_scans,IMG_20250520_perry_0002.png,FALSE,FALSE,FALSE,NA,20250520,2025-05-20,NA,2025-05-20,Perry,Perry,filename
IMG_20250520_perry_0003.png,Petal_scans,IMG_20250520_perry_0003.png,FALSE,FALSE,FALSE,NA,20250520,2025-05-20,NA,2025-05-20,Perry,Perry,filename
IMG_20250520_perry_0004.png,Petal_scans,IMG_20250520_perry_0004.png,FALSE,FALSE,FALSE,NA,20250520,2025-05-20,NA,2025-05-20,Perry,Perry,filename
IMG_20250520_perry_0005.png,Petal_scans,IMG_20250520_perry_0005.png,FALSE,FALSE,FALSE,NA,20250520,2025-05-20,NA,2025-05-20,Perry,Perry,filename
IMG_20250520_perry_0006.png,Petal_scans,IMG_20250520_perry_0006.png,FALSE,FALSE,FALSE,NA,20250520,2025-05-20,NA,2025-05-20,Perry,Perry,filename
IMG_20250520_perry_0007.png,Petal_scans,IMG_20250520_perry_0007.png,FALSE,FALSE,FALSE,NA,20250520,2025-05-20,NA,2025-05-20,Perry,Perry,filename
IMG_20250520_perry_0008.png,Petal_scans,IMG_20250520_perry_0008.png,FALSE,FALSE,FALSE,NA,20250520,2025-05-20,NA,2025-05-20,Perry,Perry,filename
IMG_20250520_perry_0009.png,Petal_scans,IMG_20250520_perry_0009.png,FALSE,FALSE,FALSE,NA,20250520,2025-05-20,NA,2025-05-20,Perry,Perry,filename
IMG_20250520_perry_0010.png,Petal_scans,IMG_20250520_perry_0010.png,FALSE,FALSE,FALSE,NA,20250520,2025-05-20,NA,2025-05-20,Perry,Perry,filename
IMG_20250520_perry_0011.png,Petal_scans,IMG_20250520_perry_0011.png,FALSE,FALSE,FALSE,NA,20250520,2025-05-20,NA,2025-05-20,Perry,Perry,filename
IMG_20250520_perry_0012.png,Petal_scans,IMG_20250520_perry_0012.png,FALSE,FALSE,FALSE,NA,20250520,2025-05-20,NA,2025-05-20,Perry,Perry,filename
IMG_20250520_perry_0013.png,Petal_scans,IMG_20250520_perry_0013.png,FALSE,FALSE,FALSE,NA,20250520,2025-05-20,NA,2025-05-20,Perry,Perry,filename
IMG_20250520_perry_0014.png,Petal_scans,IMG_20250520_perry_0014.png,FALSE,FALSE,FALSE,NA,20250520,2025-05-20,NA,2025-05-20,Perry,Perry,filename
IMG_20250520_perry_0015.png,Petal_scans,IMG_20250520_perry_0015.png,FALSE,FALSE,FALSE,NA,20250520,2025-05-20,NA,2025-05-20,Perry,Perry,filename
IMG_20250522_cojo_0001.png,Petal_scans,IMG_20250522_cojo_0001.png,FALSE,FALSE,FALSE,NA,20250522,2025-05-22,NA,2025-05-22,Cojo,Cojo,filename
IMG_20250522_cojo_0002.png,Petal_scans,IMG_20250522_cojo_0002.png,FALSE,FALSE,FALSE,NA,20250522,2025-05-22,NA,2025-05-22,Cojo,Cojo,filename
IMG_20250522_cojo_0003.png,Petal_scans,IMG_20250522_cojo_0003.png,FALSE,FALSE,FALSE,NA,20250522,2025-05-22,NA,2025-05-22,Cojo,Cojo,filename
IMG_20250522_cojo_0004.png,Petal_scans,IMG_20250522_cojo_0004.png,FALSE,FALSE,FALSE,NA,20250522,2025-05-22,NA,2025-05-22,Cojo,Cojo,filename
IMG_20250522_cojo_0005.png,Petal_scans,IMG_20250522_cojo_0005.png,FALSE,FALSE,FALSE,NA,20250522,2025-05-22,NA,2025-05-22,Cojo,Cojo,filename
IMG_20250522_cojo_0006.png,Petal_scans,IMG_20250522_cojo_0006.png,FALSE,FALSE,FALSE,NA,20250522,2025-05-22,NA,2025-05-22,Cojo,Cojo,filename
IMG_20250522_cojo_0007.png,Petal_scans,IMG_20250522_cojo_0007.png,FALSE,FALSE,FALSE,NA,20250522,2025-05-22,NA,2025-05-22,Cojo,Cojo,filename
IMG_20250522_cojo_0008.png,Petal_scans,IMG_20250522_cojo_0008.png,FALSE,FALSE,FALSE,NA,20250522,2025-05-22,NA,2025-05-22,Cojo,Cojo,filename
IMG_20250522_cojo_0009.png,Petal_scans,IMG_20250522_cojo_0009.png,FALSE,FALSE,FALSE,NA,20250522,2025-05-22,NA,2025-05-22,Cojo,Cojo,filename
IMG_20250522_cojo_0010.png,Petal_scans,IMG_20250522_cojo_0010.png,FALSE,FALSE,FALSE,NA,20250522,2025-05-22,NA,2025-05-22,Cojo,Cojo,filename
IMG_20250522_cojo_0011.png,Petal_scans,IMG_20250522_cojo_0011.png,FALSE,FALSE,FALSE,NA,20250522,2025-05-22,NA,2025-05-22,Cojo,Cojo,filename
IMG_20250522_cojo_0012.png,Petal_scans,IMG_20250522_cojo_0012.png,FALSE,FALSE,FALSE,NA,20250522,2025-05-22,NA,2025-05-22,Cojo,Cojo,filename
IMG_20250522_cojo_0013.png,Petal_scans,IMG_20250522_cojo_0013.png,FALSE,FALSE,FALSE,NA,20250522,2025-05-22,NA,2025-05-22,Cojo,Cojo,filename
IMG_20250522_cojo_0014.png,Petal_scans,IMG_20250522_cojo_0014.png,FALSE,FALSE,FALSE,NA,20250522,2025-05-22,NA,2025-05-22,Cojo,Cojo,filename
IMG_20250522_cojo_0015.png,Petal_scans,IMG_20250522_cojo_0015.png,FALSE,FALSE,FALSE,NA,20250522,2025-05-22,NA,2025-05-22,Cojo,Cojo,filename
IMG_20250522_petal_failure_end_0016.png,Petal_scans,IMG_20250522_petal_failure_end_0016.png,FALSE,TRUE,TRUE,NA,20250522,2025-05-22,NA,2025-05-22,NA,Cojo,inferred_single_population_date
IMG_20250522_petal_failure_start_0016.png,Petal_scans,IMG_20250522_petal_failure_start_0016.png,FALSE,TRUE,TRUE,NA,20250522,2025-05-22,NA,2025-05-22,NA,Cojo,inferred_single_population_date
IMG_waterloss_1_pre_20250428_0001.png,Petal_scans,IMG_waterloss_1_pre_20250428_0001.png,FALSE,FALSE,FALSE,NA,20250428,2025-04-28,NA,2025-04-28,NA,NA,unresolved
IMG_waterloss_1_pre_post_20250428_0002.png,Petal_scans,IMG_waterloss_1_pre_post_20250428_0002.png,FALSE,FALSE,FALSE,NA,20250428,2025-04-28,NA,2025-04-28,NA,NA,unresolved
IMG_waterloss_2_post_20250428_0003.png,Petal_scans,IMG_waterloss_2_post_20250428_0003.png,FALSE,FALSE,FALSE,NA,20250428,2025-04-28,NA,2025-04-28,NA,NA,unresolved
IMG_waterloss_2_pre_20250428_0002.png,Petal_scans,IMG_waterloss_2_pre_20250428_0002.png,FALSE,FALSE,FALSE,NA,20250428,2025-04-28,NA,2025-04-28,NA,NA,unresolved
percos_20250523_0001.png,Petal_scans,percos_20250523_0001.png,FALSE,FALSE,FALSE,NA,20250523,2025-05-23,NA,2025-05-23,Percos,Percos,filename
percos_20250523_0002.png,Petal_scans,percos_20250523_0002.png,FALSE,FALSE,FALSE,NA,20250523,2025-05-23,NA,2025-05-23,Percos,Percos,filename
percos_20250523_0003.png,Petal_scans,percos_20250523_0003.png,FALSE,FALSE,FALSE,NA,20250523,2025-05-23,NA,2025-05-23,Percos,Percos,filename
percos_20250523_0004.png,Petal_scans,percos_20250523_0004.png,FALSE,FALSE,FALSE,NA,20250523,2025-05-23,NA,2025-05-23,Percos,Percos,filename
percos_20250523_0005.png,Petal_scans,percos_20250523_0005.png,FALSE,FALSE,FALSE,NA,20250523,2025-05-23,NA,2025-05-23,Percos,Percos,filename
percos_20250523_0006.png,Petal_scans,percos_20250523_0006.png,FALSE,FALSE,FALSE,NA,20250523,2025-05-23,NA,2025-05-23,Percos,Percos,filename
percos_20250523_0007.png,Petal_scans,percos_20250523_0007.png,FALSE,FALSE,FALSE,NA,20250523,2025-05-23,NA,2025-05-23,Percos,Percos,filename
percos_20250523_0008.png,Petal_scans,percos_20250523_0008.png,FALSE,FALSE,FALSE,NA,20250523,2025-05-23,NA,2025-05-23,Percos,Percos,filename
percos_20250523_0009.png,Petal_scans,percos_20250523_0009.png,FALSE,FALSE,FALSE,NA,20250523,2025-05-23,NA,2025-05-23,Percos,Percos,filename
percos_20250523_0010.png,Petal_scans,percos_20250523_0010.png,FALSE,FALSE,FALSE,NA,20250523,2025-05-23,NA,2025-05-23,Percos,Percos,filename
percos_20250523_0011.png,Petal_scans,percos_20250523_0011.png,FALSE,FALSE,FALSE,NA,20250523,2025-05-23,NA,2025-05-23,Percos,Percos,filename
percos_20250523_0012.png,Petal_scans,percos_20250523_0012.png,FALSE,FALSE,FALSE,NA,20250523,2025-05-23,NA,2025-05-23,Percos,Percos,filename
percos_20250523_0013.png,Petal_scans,percos_20250523_0013.png,FALSE,FALSE,FALSE,NA,20250523,2025-05-23,NA,2025-05-23,Percos,Percos,filename
percos_20250523_0014.png,Petal_scans,percos_20250523_0014.png,FALSE,FALSE,FALSE,NA,20250523,2025-05-23,NA,2025-05-23,Percos,Percos,filename
Percos1_binary.png,Petal_scans,Percos1_binary.png,TRUE,FALSE,TRUE,NA,NA,NA,NA,NA,Percos,Percos,filename
Percos3_binary.png,Petal_scans,Percos3_binary.png,TRUE,FALSE,TRUE,NA,NA,NA,NA,NA,Percos,Percos,filename
ptcon_20250523_0001.png,Petal_scans,ptcon_20250523_0001.png,FALSE,FALSE,FALSE,NA,20250523,2025-05-23,NA,2025-05-23,Pt. Conception,Pt. Conception,filename
ptcon_20250523_0002.png,Petal_scans,ptcon_20250523_0002.png,FALSE,FALSE,FALSE,NA,20250523,2025-05-23,NA,2025-05-23,Pt. Conception,Pt. Conception,filename
ptcon_20250523_0003.png,Petal_scans,ptcon_20250523_0003.png,FALSE,FALSE,FALSE,NA,20250523,2025-05-23,NA,2025-05-23,Pt. Conception,Pt. Conception,filename
ptcon_20250523_0004.png,Petal_scans,ptcon_20250523_0004.png,FALSE,FALSE,FALSE,NA,20250523,2025-05-23,NA,2025-05-23,Pt. Conception,Pt. Conception,filename
ptcon_20250523_0005.png,Petal_scans,ptcon_20250523_0005.png,FALSE,FALSE,FALSE,NA,20250523,2025-05-23,NA,2025-05-23,Pt. Conception,Pt. Conception,filename
ptcon_20250523_0006.png,Petal_scans,ptcon_20250523_0006.png,FALSE,FALSE,FALSE,NA,20250523,2025-05-23,NA,2025-05-23,Pt. Conception,Pt. Conception,filename
ptcon_20250523_0007.png,Petal_scans,ptcon_20250523_0007.png,FALSE,FALSE,FALSE,NA,20250523,2025-05-23,NA,2025-05-23,Pt. Conception,Pt. Conception,filename
ptcon_20250523_0008.png,Petal_scans,ptcon_20250523_0008.png,FALSE,FALSE,FALSE,NA,20250523,2025-05-23,NA,2025-05-23,Pt. Conception,Pt. Conception,filename
ptcon_20250523_0009.png,Petal_scans,ptcon_20250523_0009.png,FALSE,FALSE,FALSE,NA,20250523,2025-05-23,NA,2025-05-23,Pt. Conception,Pt. Conception,filename
ptcon_20250523_0010.png,Petal_scans,ptcon_20250523_0010.png,FALSE,FALSE,FALSE,NA,20250523,2025-05-23,NA,2025-05-23,Pt. Conception,Pt. Conception,filename
ptcon_20250523_0011.png,Petal_scans,ptcon_20250523_0011.png,FALSE,FALSE,FALSE,NA,20250523,2025-05-23,NA,2025-05-23,Pt. Conception,Pt. Conception,filename
ptcon_20250523_0012.png,Petal_scans,ptcon_20250523_0012.png,FALSE,FALSE,FALSE,NA,20250523,2025-05-23,NA,2025-05-23,Pt. Conception,Pt. Conception,filename
ptcon_20250523_0013.png,Petal_scans,ptcon_20250523_0013.png,FALSE,FALSE,FALSE,NA,20250523,2025-05-23,NA,2025-05-23,Pt. Conception,Pt. Conception,filename
ptcon_20250523_0014.png,Petal_scans,ptcon_20250523_0014.png,FALSE,FALSE,FALSE,NA,20250523,2025-05-23,NA,2025-05-23,Pt. Conception,Pt. Conception,filename
ptcon_20250523_0015.png,Petal_scans,ptcon_20250523_0015.png,FALSE,FALSE,FALSE,NA,20250523,2025-05-23,NA,2025-05-23,Pt. Conception,Pt. Conception,filename
shrinkage_20250606_0001.png,Petal_scans,shrinkage_20250606_0001.png,FALSE,FALSE,FALSE,NA,20250606,2025-06-06,NA,2025-06-06,NA,NA,unresolved
shrinkage_20250606_0002.png,Petal_scans,shrinkage_20250606_0002.png,FALSE,FALSE,FALSE,NA,20250606,2025-06-06,NA,2025-06-06,NA,NA,unresolved
shrinkage_20250606_0003.png,Petal_scans,shrinkage_20250606_0003.png,FALSE,FALSE,FALSE,NA,20250606,2025-06-06,NA,2025-06-06,NA,NA,unresolved
shrinkage_20250606_0004.png,Petal_scans,shrinkage_20250606_0004.png,FALSE,FALSE,FALSE,NA,20250606,2025-06-06,NA,2025-06-06,NA,NA,unresolved
shrinkage_20250606_0005.png,Petal_scans,shrinkage_20250606_0005.png,FALSE,FALSE,FALSE,NA,20250606,2025-06-06,NA,2025-06-06,NA,NA,unresolved
shrinkage_20250606_0006.png,Petal_scans,shrinkage_20250606_0006.png,FALSE,FALSE,FALSE,NA,20250606,2025-06-06,NA,2025-06-06,NA,NA,unresolved
shrinkage_20250606_0007.png,Petal_scans,shrinkage_20250606_0007.png,FALSE,FALSE,FALSE,NA,20250606,2025-06-06,NA,2025-06-06,NA,NA,unresolved
shrinkage_20250606_0008.png,Petal_scans,shrinkage_20250606_0008.png,FALSE,FALSE,FALSE,NA,20250606,2025-06-06,NA,2025-06-06,NA,NA,unresolved
shrinkage_20250606_0009.png,Petal_scans,shrinkage_20250606_0009.png,FALSE,FALSE,FALSE,NA,20250606,2025-06-06,NA,2025-06-06,NA,NA,unresolved
