check_id,category,image_path,date,population,question,plant_number_observed,legible,notes
1,PLANT_ID_ONLY,2025_03_26/IMG_20250326_0001.png,3/26/25,Percos,Read the handwritten plant number on the card in this scan. Population is already known from the filename/date.,1,NA,NA
2,PLANT_ID_ONLY,2025_03_26/IMG_20250326_0002.png,3/26/25,Percos,Read the handwritten plant number on the card in this scan. Population is already known from the filename/date.,2,NA,NA
3,PLANT_ID_ONLY,2025_03_26/IMG_20250326_0003.png,3/26/25,Percos,Read the handwritten plant number on the card in this scan. Population is already known from the filename/date.,3,NA,NA
4,PLANT_ID_ONLY,2025_03_26/IMG_20250326_0004.png,3/26/25,Percos,Read the handwritten plant number on the card in this scan. Population is already known from the filename/date.,4,NA,NA
5,PLANT_ID_ONLY,2025_03_26/IMG_20250326_0005.png,3/26/25,Percos,Read the handwritten plant number on the card in this scan. Population is already known from the filename/date.,5,NA,NA
6,PLANT_ID_ONLY,2025_03_26/IMG_20250326_0006.png,3/26/25,Percos,Read the handwritten plant number on the card in this scan. Population is already known from the filename/date.,6,NA,NA
7,PLANT_ID_ONLY,2025_03_26/IMG_20250326_0007.png,3/26/25,Percos,Read the handwritten plant number on the card in this scan. Population is already known from the filename/date.,7,NA,NA
8,PLANT_ID_ONLY,2025_03_26/IMG_20250326_0008.png,3/26/25,Percos,Read the handwritten plant number on the card in this scan. Population is already known from the filename/date.,8,NA,NA
9,PLANT_ID_ONLY,2025_03_26/IMG_20250326_0009.png,3/26/25,Percos,Read the handwritten plant number on the card in this scan. Population is already known from the filename/date.,9,NA,NA
10,PLANT_ID_ONLY,2025_03_26/IMG_20250326_0010.png,3/26/25,Percos,Read the handwritten plant number on the card in this scan. Population is already known from the filename/date.,10,NA,NA
11,PLANT_ID_ONLY,2025_03_26/IMG_20250326_0011.png,3/26/25,Percos,Read the handwritten plant number on the card in this scan. Population is already known from the filename/date.,11,NA,NA
12,PLANT_ID_ONLY,2025_03_26/IMG_20250326_0012.png,3/26/25,Percos,Read the handwritten plant number on the card in this scan. Population is already known from the filename/date.,12,NA,NA
13,PLANT_ID_ONLY,2025_03_26/IMG_20250326_0013.png,3/26/25,Percos,Read the handwritten plant number on the card in this scan. Population is already known from the filename/date.,13,NA,NA
14,PLANT_ID_ONLY,2025_03_26/IMG_20250326_0014.png,3/26/25,Percos,Read the handwritten plant number on the card in this scan. Population is already known from the filename/date.,14,NA,NA
15,PLANT_ID_ONLY,2025_03_26/IMG_20250326_0015.png,3/26/25,Percos,Read the handwritten plant number on the card in this scan. Population is already known from the filename/date.,15,NA,NA
16,PLANT_ID_ONLY,IMG_20250417_0001.png,4/17/25,Cojo,Read the handwritten plant number on the card in this scan. Population is already known from the filename/date.,1,NA,NA
17,PLANT_ID_ONLY,IMG_20250417_0002.png,4/17/25,Cojo,Read the handwritten plant number on the card in this scan. Population is already known from the filename/date.,2,NA,NA
18,PLANT_ID_ONLY,IMG_20250417_0003.png,4/17/25,Cojo,Read the handwritten plant number on the card in this scan. Population is already known from the filename/date.,3,NA,NA
19,PLANT_ID_ONLY,IMG_20250417_0004.png,4/17/25,Cojo,Read the handwritten plant number on the card in this scan. Population is already known from the filename/date.,4,NA,NA
20,PLANT_ID_ONLY,IMG_20250417_0005.png,4/17/25,Cojo,Read the handwritten plant number on the card in this scan. Population is already known from the filename/date.,5,NA,NA
21,PLANT_ID_ONLY,IMG_20250417_0006.png,4/17/25,Cojo,Read the handwritten plant number on the card in this scan. Population is already known from the filename/date.,6,NA,NA
22,PLANT_ID_ONLY,IMG_20250417_0007.png,4/17/25,Cojo,Read the handwritten plant number on the card in this scan. Population is already known from the filename/date.,7,NA,NA
23,PLANT_ID_ONLY,IMG_20250417_0008.png,4/17/25,Cojo,Read the handwritten plant number on the card in this scan. Population is already known from the filename/date.,8,NA,NA
24,PLANT_ID_ONLY,IMG_20250417_0009.png,4/17/25,Cojo,Read the handwritten plant number on the card in this scan. Population is already known from the filename/date.,9,NA,NA
25,PLANT_ID_ONLY,IMG_20250417_0010.png,4/17/25,Cojo,Read the handwritten plant number on the card in this scan. Population is already known from the filename/date.,10,NA,NA
26,PLANT_ID_ONLY,IMG_20250417_0011.png,4/17/25,Cojo,Read the handwritten plant number on the card in this scan. Population is already known from the filename/date.,11,NA,NA
27,PLANT_ID_ONLY,IMG_20250417_0012.png,4/17/25,Cojo,Read the handwritten plant number on the card in this scan. Population is already known from the filename/date.,12,NA,NA
28,PLANT_ID_ONLY,IMG_20250417_0013.png,4/17/25,Cojo,Read the handwritten plant number on the card in this scan. Population is already known from the filename/date.,13,NA,NA
29,PLANT_ID_ONLY,IMG_20250417_0014.png,4/17/25,Cojo,Read the handwritten plant number on the card in this scan. Population is already known from the filename/date.,14,NA,NA
30,PLANT_ID_ONLY,IMG_20250417_0015.png,4/17/25,Cojo,Read the handwritten plant number on the card in this scan. Population is already known from the filename/date.,15,NA,NA
31,PLANT_ID_ONLY,IMG_20250520_perry_0001.png,5/20/25,Perry,Read the handwritten plant number on the card in this scan. Population is already known from the filename/date.,1,NA,4 petals per image
32,PLANT_ID_ONLY,IMG_20250520_perry_0002.png,5/20/25,Perry,Read the handwritten plant number on the card in this scan. Population is already known from the filename/date.,2,NA,4 petals per image
33,PLANT_ID_ONLY,IMG_20250520_perry_0003.png,5/20/25,Perry,Read the handwritten plant number on the card in this scan. Population is already known from the filename/date.,3,NA,4 petals per image
34,PLANT_ID_ONLY,IMG_20250520_perry_0004.png,5/20/25,Perry,Read the handwritten plant number on the card in this scan. Population is already known from the filename/date.,4,NA,4 petals per image
35,PLANT_ID_ONLY,IMG_20250520_perry_0005.png,5/20/25,Perry,Read the handwritten plant number on the card in this scan. Population is already known from the filename/date.,5,NA,4 petals per image
36,PLANT_ID_ONLY,IMG_20250520_perry_0006.png,5/20/25,Perry,Read the handwritten plant number on the card in this scan. Population is already known from the filename/date.,6,NA,4 petals per image
37,PLANT_ID_ONLY,IMG_20250520_perry_0007.png,5/20/25,Perry,Read the handwritten plant number on the card in this scan. Population is already known from the filename/date.,7,NA,4 petals per image
38,PLANT_ID_ONLY,IMG_20250520_perry_0008.png,5/20/25,Perry,Read the handwritten plant number on the card in this scan. Population is already known from the filename/date.,8,NA,4 petals per image
39,PLANT_ID_ONLY,IMG_20250520_perry_0009.png,5/20/25,Perry,Read the handwritten plant number on the card in this scan. Population is already known from the filename/date.,9,NA,4 petals per image
40,PLANT_ID_ONLY,IMG_20250520_perry_0010.png,5/20/25,Perry,Read the handwritten plant number on the card in this scan. Population is already known from the filename/date.,10,NA,4 petals per image
41,PLANT_ID_ONLY,IMG_20250520_perry_0011.png,5/20/25,Perry,Read the handwritten plant number on the card in this scan. Population is already known from the filename/date.,11,NA,4 petals per image
42,PLANT_ID_ONLY,IMG_20250520_perry_0012.png,5/20/25,Perry,Read the handwritten plant number on the card in this scan. Population is already known from the filename/date.,12,NA,4 petals per image
43,PLANT_ID_ONLY,IMG_20250520_perry_0013.png,5/20/25,Perry,Read the handwritten plant number on the card in this scan. Population is already known from the filename/date.,13,NA,4 petals per image
44,PLANT_ID_ONLY,IMG_20250520_perry_0014.png,5/20/25,Perry,Read the handwritten plant number on the card in this scan. Population is already known from the filename/date.,14,NA,4 petals per image
45,PLANT_ID_ONLY,IMG_20250520_perry_0015.png,5/20/25,Perry,Read the handwritten plant number on the card in this scan. Population is already known from the filename/date.,15,NA,4 petals per image
46,PLANT_ID_ONLY,IMG_20250522_cojo_0001.png,5/22/25,Cojo,Read the handwritten plant number on the card in this scan. Population is already known from the filename/date.,1,NA,4 petals per image
47,PLANT_ID_ONLY,IMG_20250522_cojo_0002.png,5/22/25,Cojo,Read the handwritten plant number on the card in this scan. Population is already known from the filename/date.,2,NA,4 petals per image
48,PLANT_ID_ONLY,IMG_20250522_cojo_0003.png,5/22/25,Cojo,Read the handwritten plant number on the card in this scan. Population is already known from the filename/date.,3,NA,4 petals per image
49,PLANT_ID_ONLY,IMG_20250522_cojo_0004.png,5/22/25,Cojo,Read the handwritten plant number on the card in this scan. Population is already known from the filename/date.,4,NA,4 petals per image
50,PLANT_ID_ONLY,IMG_20250522_cojo_0005.png,5/22/25,Cojo,Read the handwritten plant number on the card in this scan. Population is already known from the filename/date.,5,NA,4 petals per image
51,PLANT_ID_ONLY,IMG_20250522_cojo_0006.png,5/22/25,Cojo,Read the handwritten plant number on the card in this scan. Population is already known from the filename/date.,6,NA,4 petals per image
52,PLANT_ID_ONLY,IMG_20250522_cojo_0007.png,5/22/25,Cojo,Read the handwritten plant number on the card in this scan. Population is already known from the filename/date.,7,NA,4 petals per image
53,PLANT_ID_ONLY,IMG_20250522_cojo_0008.png,5/22/25,Cojo,Read the handwritten plant number on the card in this scan. Population is already known from the filename/date.,8,NA,4 petals per image
54,PLANT_ID_ONLY,IMG_20250522_cojo_0009.png,5/22/25,Cojo,Read the handwritten plant number on the card in this scan. Population is already known from the filename/date.,9,NA,4 petals per image
55,PLANT_ID_ONLY,IMG_20250522_cojo_0010.png,5/22/25,Cojo,Read the handwritten plant number on the card in this scan. Population is already known from the filename/date.,10,NA,4 petals per image
56,PLANT_ID_ONLY,IMG_20250522_cojo_0011.png,5/22/25,Cojo,Read the handwritten plant number on the card in this scan. Population is already known from the filename/date.,11,NA,4 petals per image
57,PLANT_ID_ONLY,IMG_20250522_cojo_0012.png,5/22/25,Cojo,Read the handwritten plant number on the card in this scan. Population is already known from the filename/date.,12,NA,4 petals per image
58,PLANT_ID_ONLY,IMG_20250522_cojo_0013.png,5/22/25,Cojo,Read the handwritten plant number on the card in this scan. Population is already known from the filename/date.,13,NA,4 petals per image
59,PLANT_ID_ONLY,IMG_20250522_cojo_0014.png,5/22/25,Cojo,Read the handwritten plant number on the card in this scan. Population is already known from the filename/date.,14,NA,4 petals per image
60,PLANT_ID_ONLY,IMG_20250522_cojo_0015.png,5/22/25,Cojo,Read the handwritten plant number on the card in this scan. Population is already known from the filename/date.,15,NA,4 petals per image
61,PLANT_ID_ONLY,percos_20250523_0001.png,5/23/25,Percos,Read the handwritten plant number on the card in this scan. Population is already known from the filename/date.,1,NA,4 petals per image
62,PLANT_ID_ONLY,percos_20250523_0002.png,5/23/25,Percos,Read the handwritten plant number on the card in this scan. Population is already known from the filename/date.,2,NA,4 petals per image
63,PLANT_ID_ONLY,percos_20250523_0003.png,5/23/25,Percos,Read the handwritten plant number on the card in this scan. Population is already known from the filename/date.,3,NA,4 petals per image
64,PLANT_ID_ONLY,percos_20250523_0004.png,5/23/25,Percos,Read the handwritten plant number on the card in this scan. Population is already known from the filename/date.,4,NA,4 petals per image
65,PLANT_ID_ONLY,percos_20250523_0005.png,5/23/25,Percos,Read the handwritten plant number on the card in this scan. Population is already known from the filename/date.,5,NA,4 petals per image
66,PLANT_ID_ONLY,percos_20250523_0006.png,5/23/25,Percos,Read the handwritten plant number on the card in this scan. Population is already known from the filename/date.,6,NA,4 petals per image
67,PLANT_ID_ONLY,percos_20250523_0007.png,5/23/25,Percos,Read the handwritten plant number on the card in this scan. Population is already known from the filename/date.,7,NA,4 petals per image
68,PLANT_ID_ONLY,percos_20250523_0008.png,5/23/25,Percos,Read the handwritten plant number on the card in this scan. Population is already known from the filename/date.,8,NA,4 petals per image
69,PLANT_ID_ONLY,percos_20250523_0009.png,5/23/25,Percos,Read the handwritten plant number on the card in this scan. Population is already known from the filename/date.,9,NA,4 petals per image
70,PLANT_ID_ONLY,percos_20250523_0010.png,5/23/25,Percos,Read the handwritten plant number on the card in this scan. Population is already known from the filename/date.,10,NA,4 petals per image
71,PLANT_ID_ONLY,percos_20250523_0011.png,5/23/25,Percos,Read the handwritten plant number on the card in this scan. Population is already known from the filename/date.,11,NA,4 petals per image
72,PLANT_ID_ONLY,percos_20250523_0012.png,5/23/25,Percos,Read the handwritten plant number on the card in this scan. Population is already known from the filename/date.,12,NA,4 petals per image
73,PLANT_ID_ONLY,percos_20250523_0013.png,5/23/25,Percos,Read the handwritten plant number on the card in this scan. Population is already known from the filename/date.,13,NA,4 petals per image
74,PLANT_ID_ONLY,percos_20250523_0014.png,5/23/25,Percos,Read the handwritten plant number on the card in this scan. Population is already known from the filename/date.,14,NA,4 petals per image
75,PLANT_ID_ONLY,ptcon_20250523_0001.png,5/23/25,Pt. Conception,Read the handwritten plant number on the card in this scan. Population is already known from the filename/date.,1,NA,4 petals per image
76,PLANT_ID_ONLY,ptcon_20250523_0002.png,5/23/25,Pt. Conception,Read the handwritten plant number on the card in this scan. Population is already known from the filename/date.,2,NA,4 petals per image
77,PLANT_ID_ONLY,ptcon_20250523_0003.png,5/23/25,Pt. Conception,Read the handwritten plant number on the card in this scan. Population is already known from the filename/date.,3,NA,4 petals per image
78,PLANT_ID_ONLY,ptcon_20250523_0004.png,5/23/25,Pt. Conception,Read the handwritten plant number on the card in this scan. Population is already known from the filename/date.,4,NA,4 petals per image
79,PLANT_ID_ONLY,ptcon_20250523_0005.png,5/23/25,Pt. Conception,Read the handwritten plant number on the card in this scan. Population is already known from the filename/date.,5,NA,4 petals per image
80,PLANT_ID_ONLY,ptcon_20250523_0006.png,5/23/25,Pt. Conception,Read the handwritten plant number on the card in this scan. Population is already known from the filename/date.,6,NA,4 petals per image
81,PLANT_ID_ONLY,ptcon_20250523_0007.png,5/23/25,Pt. Conception,Read the handwritten plant number on the card in this scan. Population is already known from the filename/date.,7,NA,4 petals per image
82,PLANT_ID_ONLY,ptcon_20250523_0008.png,5/23/25,Pt. Conception,Read the handwritten plant number on the card in this scan. Population is already known from the filename/date.,8,NA,4 petals per image
83,PLANT_ID_ONLY,ptcon_20250523_0009.png,5/23/25,Pt. Conception,Read the handwritten plant number on the card in this scan. Population is already known from the filename/date.,9,NA,4 petals per image
84,PLANT_ID_ONLY,ptcon_20250523_0010.png,5/23/25,Pt. Conception,Read the handwritten plant number on the card in this scan. Population is already known from the filename/date.,10,NA,4 petals per image
85,PLANT_ID_ONLY,ptcon_20250523_0011.png,5/23/25,Pt. Conception,Read the handwritten plant number on the card in this scan. Population is already known from the filename/date.,11,NA,4 petals per image
86,PLANT_ID_ONLY,ptcon_20250523_0012.png,5/23/25,Pt. Conception,Read the handwritten plant number on the card in this scan. Population is already known from the filename/date.,12,NA,4 petals per image
87,PLANT_ID_ONLY,ptcon_20250523_0013.png,5/23/25,Pt. Conception,Read the handwritten plant number on the card in this scan. Population is already known from the filename/date.,13,NA,4 petals per image
88,PLANT_ID_ONLY,ptcon_20250523_0014.png,5/23/25,Pt. Conception,Read the handwritten plant number on the card in this scan. Population is already known from the filename/date.,14,NA,4 petals per image
89,PLANT_ID_ONLY,ptcon_20250523_0015.png,5/23/25,Pt. Conception,Read the handwritten plant number on the card in this scan. Population is already known from the filename/date.,15,NA,4 petals per image
90,PLANT_ID_ONLY,2025_07_02/Percos_0001.png,7/2/25,Percos,Read the handwritten plant number on the card in this scan. Population is already known from the filename/date.,1,NA,NA
91,PLANT_ID_ONLY,2025_07_02/Percos_0002.png,7/2/25,Percos,Read the handwritten plant number on the card in this scan. Population is already known from the filename/date.,2,NA,NA
92,PLANT_ID_ONLY,2025_07_02/Percos_0003.png,7/2/25,Percos,Read the handwritten plant number on the card in this scan. Population is already known from the filename/date.,3,NA,NA
93,PLANT_ID_ONLY,2025_07_02/Percos_0004.png,7/2/25,Percos,Read the handwritten plant number on the card in this scan. Population is already known from the filename/date.,4,NA,NA
94,PLANT_ID_ONLY,2025_07_02/Percos_0005.png,7/2/25,Percos,Read the handwritten plant number on the card in this scan. Population is already known from the filename/date.,5,NA,NA
95,PLANT_ID_ONLY,2025_07_02/Percos_0006.png,7/2/25,Percos,Read the handwritten plant number on the card in this scan. Population is already known from the filename/date.,6,NA,NA
96,PLANT_ID_ONLY,2025_07_02/Percos_0007.png,7/2/25,Percos,Read the handwritten plant number on the card in this scan. Population is already known from the filename/date.,7,NA,NA
97,PLANT_ID_ONLY,2025_07_02/Percos_0008.png,7/2/25,Percos,Read the handwritten plant number on the card in this scan. Population is already known from the filename/date.,8,NA,NA
98,PLANT_ID_ONLY,2025_07_02/Percos_0009.png,7/2/25,Percos,Read the handwritten plant number on the card in this scan. Population is already known from the filename/date.,9,NA,NA
99,PLANT_ID_ONLY,2025_07_02/Percos_0010.png,7/2/25,Percos,Read the handwritten plant number on the card in this scan. Population is already known from the filename/date.,10,NA,NA
100,PLANT_ID_ONLY,2025_07_02/Percos_0011.png,7/2/25,Percos,Read the handwritten plant number on the card in this scan. Population is already known from the filename/date.,11,NA,NA
101,PLANT_ID_ONLY,2025_07_02/Percos_0012.png,7/2/25,Percos,Read the handwritten plant number on the card in this scan. Population is already known from the filename/date.,12,NA,NA
102,PLANT_ID_ONLY,2025_07_02/Percos_0013.png,7/2/25,Percos,Read the handwritten plant number on the card in this scan. Population is already known from the filename/date.,13,NA,NA
103,PLANT_ID_ONLY,2025_07_02/Percos_0014.png,7/2/25,Percos,Read the handwritten plant number on the card in this scan. Population is already known from the filename/date.,14,NA,NA
104,PLANT_ID_ONLY,2025_07_02/Percos_0015.png,7/2/25,Percos,Read the handwritten plant number on the card in this scan. Population is already known from the filename/date.,15,NA,NA
105,PLANT_ID_ONLY,2025_07_02/Pt_Con_0001.png,7/2/25,Pt. Conception,Read the handwritten plant number on the card in this scan. Population is already known from the filename/date.,1,NA,NA
106,PLANT_ID_ONLY,2025_07_02/Pt_Con_0002.png,7/2/25,Pt. Conception,Read the handwritten plant number on the card in this scan. Population is already known from the filename/date.,2,NA,NA
107,PLANT_ID_ONLY,2025_07_02/Pt_Con_0003.png,7/2/25,Pt. Conception,Read the handwritten plant number on the card in this scan. Population is already known from the filename/date.,3,NA,NA
108,PLANT_ID_ONLY,2025_07_02/Pt_Con_0004.png,7/2/25,Pt. Conception,Read the handwritten plant number on the card in this scan. Population is already known from the filename/date.,4,NA,NA
109,PLANT_ID_ONLY,2025_07_02/Pt_Con_0005.png,7/2/25,Pt. Conception,Read the handwritten plant number on the card in this scan. Population is already known from the filename/date.,5,NA,NA
110,PLANT_ID_ONLY,2025_07_02/Pt_Con_0006.png,7/2/25,Pt. Conception,Read the handwritten plant number on the card in this scan. Population is already known from the filename/date.,6,NA,NA
111,PLANT_ID_ONLY,2025_07_02/Pt_Con_0007.png,7/2/25,Pt. Conception,Read the handwritten plant number on the card in this scan. Population is already known from the filename/date.,7,NA,NA
112,PLANT_ID_ONLY,2025_07_02/Pt_Con_0008.png,7/2/25,Pt. Conception,Read the handwritten plant number on the card in this scan. Population is already known from the filename/date.,8,NA,NA
113,PLANT_ID_ONLY,2025_07_02/Pt_Con_0009.png,7/2/25,Pt. Conception,Read the handwritten plant number on the card in this scan. Population is already known from the filename/date.,9,NA,NA
114,PLANT_ID_ONLY,2025_07_02/Pt_Con_0010.png,7/2/25,Pt. Conception,Read the handwritten plant number on the card in this scan. Population is already known from the filename/date.,10,NA,NA
115,PLANT_ID_ONLY,2025_07_02/Pt_Con_0011.png,7/2/25,Pt. Conception,Read the handwritten plant number on the card in this scan. Population is already known from the filename/date.,11,NA,NA
116,PLANT_ID_ONLY,2025_07_02/Pt_Con_0012.png,7/2/25,Pt. Conception,Read the handwritten plant number on the card in this scan. Population is already known from the filename/date.,12,NA,NA
117,PLANT_ID_ONLY,2025_07_02/Pt_Con_0013.png,7/2/25,Pt. Conception,Read the handwritten plant number on the card in this scan. Population is already known from the filename/date.,13,NA,NA
118,PLANT_ID_ONLY,2025_07_02/Pt_Con_0014.png,7/2/25,Pt. Conception,Read the handwritten plant number on the card in this scan. Population is already known from the filename/date.,14,NA,NA
119,PLANT_ID_ONLY,2025_07_02/Pt_Con_0015.png,7/2/25,Pt. Conception,Read the handwritten plant number on the card in this scan. Population is already known from the filename/date.,15,NA,NA
120,PLANT_ID_ONLY,2025_09_15/Pt_Con_13_sep_25_0001.png,9/13/25,Pt. Conception,Read the handwritten plant number on the card in this scan. Population is already known from the filename/date.,1,NA,NA
121,PLANT_ID_ONLY,2025_09_15/Pt_Con_13_sep_25_0002.png,9/13/25,Pt. Conception,Read the handwritten plant number on the card in this scan. Population is already known from the filename/date.,2,NA,NA
122,PLANT_ID_ONLY,2025_09_15/Pt_Con_13_sep_25_0003.png,9/13/25,Pt. Conception,Read the handwritten plant number on the card in this scan. Population is already known from the filename/date.,3,NA,NA
123,PLANT_ID_ONLY,2025_09_15/Pt_Con_13_sep_25_0004.png,9/13/25,Pt. Conception,Read the handwritten plant number on the card in this scan. Population is already known from the filename/date.,4,NA,NA
124,PLANT_ID_ONLY,2025_09_15/Pt_Con_13_sep_25_0005.png,9/13/25,Pt. Conception,Read the handwritten plant number on the card in this scan. Population is already known from the filename/date.,5,NA,NA
125,PLANT_ID_ONLY,2025_09_15/Pt_Con_13_sep_25_0006.png,9/13/25,Pt. Conception,Read the handwritten plant number on the card in this scan. Population is already known from the filename/date.,6,NA,NA