check_id,category,image_path,question,population_observed,plant_number_observed,n_petals_observed,legible,notes,
1,PETAL_COUNT,IMG_20250522_cojo_0001.png,Open this scan and count the distinct petals visible. How many are there?,NA,NA,4,NA,NA,
2,PETAL_COUNT,IMG_20250522_cojo_0002.png,Open this scan and count the distinct petals visible. How many are there?,NA,NA,4,NA,NA,
3,PETAL_COUNT,IMG_20250522_cojo_0003.png,Open this scan and count the distinct petals visible. How many are there?,NA,NA,4,NA,NA,
4,PETAL_COUNT,IMG_20250522_cojo_0004.png,Open this scan and count the distinct petals visible. How many are there?,NA,NA,4,NA,NA,
5,PETAL_COUNT,IMG_20250522_cojo_0005.png,Open this scan and count the distinct petals visible. How many are there?,NA,NA,4,NA,NA,
6,PETAL_COUNT,IMG_20250522_cojo_0006.png,Open this scan and count the distinct petals visible. How many are there?,NA,NA,4,NA,NA,
7,PETAL_COUNT,IMG_20250522_cojo_0007.png,Open this scan and count the distinct petals visible. How many are there?,NA,NA,4,NA,NA,
8,PETAL_COUNT,IMG_20250522_cojo_0008.png,Open this scan and count the distinct petals visible. How many are there?,NA,NA,4,NA,NA,
9,PETAL_COUNT,IMG_20250522_cojo_0009.png,Open this scan and count the distinct petals visible. How many are there?,NA,NA,4,NA,NA,
10,PETAL_COUNT,IMG_20250522_cojo_0010.png,Open this scan and count the distinct petals visible. How many are there?,NA,NA,4,NA,NA,
11,PETAL_COUNT,IMG_20250522_cojo_0011.png,Open this scan and count the distinct petals visible. How many are there?,NA,NA,4,NA,NA,
12,PETAL_COUNT,IMG_20250522_cojo_0012.png,Open this scan and count the distinct petals visible. How many are there?,NA,NA,4,NA,NA,
13,PETAL_COUNT,IMG_20250522_cojo_0013.png,Open this scan and count the distinct petals visible. How many are there?,NA,NA,4,NA,NA,
14,PETAL_COUNT,IMG_20250522_cojo_0014.png,Open this scan and count the distinct petals visible. How many are there?,NA,NA,4,NA,NA,
15,PETAL_COUNT,IMG_20250522_cojo_0015.png,Open this scan and count the distinct petals visible. How many are there?,NA,NA,4,NA,NA,
16,PETAL_COUNT,IMG_20250522_petal_failure_end_0016.png,Open this scan and count the distinct petals visible. How many are there?,NA,NA,1,NA,NA,
17,PETAL_COUNT,IMG_20250522_petal_failure_start_0016.png,Open this scan and count the distinct petals visible. How many are there?,NA,NA,1,NA,NA,
18,PETAL_COUNT,percos_20250523_0001.png,Open this scan and count the distinct petals visible. How many are there?,NA,NA,4,NA,NA,note the insert says Pt. Conception but Perry is correct
19,PETAL_COUNT,percos_20250523_0002.png,Open this scan and count the distinct petals visible. How many are there?,NA,NA,4,NA,NA,note the insert says Pt. Conception but Perry is correct
20,PETAL_COUNT,percos_20250523_0003.png,Open this scan and count the distinct petals visible. How many are there?,NA,NA,4,NA,NA,note the insert says Pt. Conception but Perry is correct
21,PETAL_COUNT,percos_20250523_0004.png,Open this scan and count the distinct petals visible. How many are there?,NA,NA,4,NA,NA,note the insert says Pt. Conception but Perry is correct
22,PETAL_COUNT,percos_20250523_0005.png,Open this scan and count the distinct petals visible. How many are there?,NA,NA,4,NA,NA,note the insert says Pt. Conception but Perry is correct
23,PETAL_COUNT,percos_20250523_0006.png,Open this scan and count the distinct petals visible. How many are there?,NA,NA,4,NA,NA,note the insert says Pt. Conception but Perry is correct
24,PETAL_COUNT,percos_20250523_0007.png,Open this scan and count the distinct petals visible. How many are there?,NA,NA,4,NA,NA,note the insert says Pt. Conception but Perry is correct
25,PETAL_COUNT,percos_20250523_0008.png,Open this scan and count the distinct petals visible. How many are there?,NA,NA,4,NA,NA,note the insert says Pt. Conception but Perry is correct
26,PETAL_COUNT,percos_20250523_0009.png,Open this scan and count the distinct petals visible. How many are there?,NA,NA,4,NA,NA,note the insert says Pt. Conception but Perry is correct
27,PETAL_COUNT,percos_20250523_0010.png,Open this scan and count the distinct petals visible. How many are there?,NA,NA,4,NA,NA,note the insert says Pt. Conception but Perry is correct
28,PETAL_COUNT,percos_20250523_0011.png,Open this scan and count the distinct petals visible. How many are there?,NA,NA,4,NA,NA,note the insert says Pt. Conception but Perry is correct
29,PETAL_COUNT,percos_20250523_0012.png,Open this scan and count the distinct petals visible. How many are there?,NA,NA,4,NA,NA,note the insert says Pt. Conception but Perry is correct
30,PETAL_COUNT,percos_20250523_0013.png,Open this scan and count the distinct petals visible. How many are there?,NA,NA,4,NA,NA,note the insert says Pt. Conception but Perry is correct
31,PETAL_COUNT,percos_20250523_0014.png,Open this scan and count the distinct petals visible. How many are there?,NA,NA,4,NA,NA,note the insert says Pt. Conception but Perry is correct
32,PETAL_COUNT,ptcon_20250523_0001.png,Open this scan and count the distinct petals visible. How many are there?,NA,NA,4,NA,NA,
33,PETAL_COUNT,ptcon_20250523_0002.png,Open this scan and count the distinct petals visible. How many are there?,NA,NA,4,NA,NA,
34,PETAL_COUNT,ptcon_20250523_0003.png,Open this scan and count the distinct petals visible. How many are there?,NA,NA,4,NA,NA,
35,PETAL_COUNT,ptcon_20250523_0004.png,Open this scan and count the distinct petals visible. How many are there?,NA,NA,4,NA,NA,
36,PETAL_COUNT,ptcon_20250523_0005.png,Open this scan and count the distinct petals visible. How many are there?,NA,NA,4,NA,NA,
37,PETAL_COUNT,ptcon_20250523_0006.png,Open this scan and count the distinct petals visible. How many are there?,NA,NA,4,NA,NA,
38,PETAL_COUNT,ptcon_20250523_0007.png,Open this scan and count the distinct petals visible. How many are there?,NA,NA,4,NA,NA,
39,PETAL_COUNT,ptcon_20250523_0008.png,Open this scan and count the distinct petals visible. How many are there?,NA,NA,2,NA,NA,
40,PETAL_COUNT,ptcon_20250523_0009.png,Open this scan and count the distinct petals visible. How many are there?,NA,NA,4,NA,NA,
41,PETAL_COUNT,ptcon_20250523_0010.png,Open this scan and count the distinct petals visible. How many are there?,NA,NA,4,NA,NA,
42,PETAL_COUNT,ptcon_20250523_0011.png,Open this scan and count the distinct petals visible. How many are there?,NA,NA,4,NA,NA,
43,PETAL_COUNT,ptcon_20250523_0012.png,Open this scan and count the distinct petals visible. How many are there?,NA,NA,4,NA,NA,
44,PETAL_COUNT,ptcon_20250523_0013.png,Open this scan and count the distinct petals visible. How many are there?,NA,NA,4,NA,NA,
45,PETAL_COUNT,ptcon_20250523_0014.png,Open this scan and count the distinct petals visible. How many are there?,NA,NA,4,NA,NA,
46,PETAL_COUNT,ptcon_20250523_0015.png,Open this scan and count the distinct petals visible. How many are there?,NA,NA,4,NA,NA,
47,POPULATION_AND_PLANT_ID,2025_03_28/IMG_20250328_0001.png,Read the handwritten label/card in this scan. Which population (Perry or Pt. Conception) and which plant number does it show?,Perry,1,NA,NA,NA,
48,POPULATION_AND_PLANT_ID,2025_03_28/IMG_20250328_0002.png,Read the handwritten label/card in this scan. Which population (Perry or Pt. Conception) and which plant number does it show?,Perry,2,NA,NA,NA,
49,POPULATION_AND_PLANT_ID,2025_03_28/IMG_20250328_0003.png,Read the handwritten label/card in this scan. Which population (Perry or Pt. Conception) and which plant number does it show?,Perry,3,NA,NA,NA,
50,POPULATION_AND_PLANT_ID,2025_03_28/IMG_20250328_0004.png,Read the handwritten label/card in this scan. Which population (Perry or Pt. Conception) and which plant number does it show?,Perry,4,NA,NA,NA,
51,POPULATION_AND_PLANT_ID,2025_03_28/IMG_20250328_0005.png,Read the handwritten label/card in this scan. Which population (Perry or Pt. Conception) and which plant number does it show?,Perry,5,NA,NA,NA,
52,POPULATION_AND_PLANT_ID,2025_03_28/IMG_20250328_0006.png,Read the handwritten label/card in this scan. Which population (Perry or Pt. Conception) and which plant number does it show?,Perry,6,NA,NA,NA,
53,POPULATION_AND_PLANT_ID,2025_03_28/IMG_20250328_0007.png,Read the handwritten label/card in this scan. Which population (Perry or Pt. Conception) and which plant number does it show?,Perry,7,NA,NA,NA,
54,POPULATION_AND_PLANT_ID,2025_03_28/IMG_20250328_0008.png,Read the handwritten label/card in this scan. Which population (Perry or Pt. Conception) and which plant number does it show?,Perry,8,NA,NA,NA,
55,POPULATION_AND_PLANT_ID,2025_03_28/IMG_20250328_0009.png,Read the handwritten label/card in this scan. Which population (Perry or Pt. Conception) and which plant number does it show?,Perry,9,NA,NA,NA,
56,POPULATION_AND_PLANT_ID,2025_03_28/IMG_20250328_0010.png,Read the handwritten label/card in this scan. Which population (Perry or Pt. Conception) and which plant number does it show?,Perry,10,NA,NA,NA,
57,POPULATION_AND_PLANT_ID,2025_03_28/IMG_20250328_0011.png,Read the handwritten label/card in this scan. Which population (Perry or Pt. Conception) and which plant number does it show?,Perry,11,NA,NA,NA,
58,POPULATION_AND_PLANT_ID,2025_03_28/IMG_20250328_0012.png,Read the handwritten label/card in this scan. Which population (Perry or Pt. Conception) and which plant number does it show?,Perry,12,NA,NA,NA,
59,POPULATION_AND_PLANT_ID,2025_03_28/IMG_20250328_0013.png,Read the handwritten label/card in this scan. Which population (Perry or Pt. Conception) and which plant number does it show?,Perry,13,NA,NA,NA,
60,POPULATION_AND_PLANT_ID,2025_03_28/IMG_20250328_0014.png,Read the handwritten label/card in this scan. Which population (Perry or Pt. Conception) and which plant number does it show?,Perry,14,NA,NA,NA,
61,POPULATION_AND_PLANT_ID,2025_03_28/IMG_20250328_0015.png,Read the handwritten label/card in this scan. Which population (Perry or Pt. Conception) and which plant number does it show?,Perry,15,NA,NA,NA,
62,POPULATION_AND_PLANT_ID,2025_03_28/IMG_20250328_0016.png,Read the handwritten label/card in this scan. Which population (Perry or Pt. Conception) and which plant number does it show?,Pt. Conception,1,NA,NA,NA,
63,POPULATION_AND_PLANT_ID,2025_03_28/IMG_20250328_0017.png,Read the handwritten label/card in this scan. Which population (Perry or Pt. Conception) and which plant number does it show?,Pt. Conception,1,NA,NA,NA,
64,POPULATION_AND_PLANT_ID,2025_03_28/IMG_20250328_0018.png,Read the handwritten label/card in this scan. Which population (Perry or Pt. Conception) and which plant number does it show?,Pt. Conception,2,NA,NA,NA,
65,POPULATION_AND_PLANT_ID,2025_03_28/IMG_20250328_0019.png,Read the handwritten label/card in this scan. Which population (Perry or Pt. Conception) and which plant number does it show?,Pt. Conception,3,NA,NA,NA,
66,POPULATION_AND_PLANT_ID,2025_03_28/IMG_20250328_0020.png,Read the handwritten label/card in this scan. Which population (Perry or Pt. Conception) and which plant number does it show?,Pt. Conception,4,NA,NA,NA,
67,POPULATION_AND_PLANT_ID,2025_03_28/IMG_20250328_0021.png,Read the handwritten label/card in this scan. Which population (Perry or Pt. Conception) and which plant number does it show?,Pt. Conception,5,NA,NA,NA,
68,POPULATION_AND_PLANT_ID,2025_03_28/IMG_20250328_0022.png,Read the handwritten label/card in this scan. Which population (Perry or Pt. Conception) and which plant number does it show?,Pt. Conception,6,NA,NA,NA,
69,POPULATION_AND_PLANT_ID,2025_03_28/IMG_20250328_0023.png,Read the handwritten label/card in this scan. Which population (Perry or Pt. Conception) and which plant number does it show?,Pt. Conception,7,NA,NA,NA,
70,POPULATION_AND_PLANT_ID,2025_03_28/IMG_20250328_0024.png,Read the handwritten label/card in this scan. Which population (Perry or Pt. Conception) and which plant number does it show?,Pt. Conception,8,NA,NA,NA,
71,POPULATION_AND_PLANT_ID,2025_03_28/IMG_20250328_0025.png,Read the handwritten label/card in this scan. Which population (Perry or Pt. Conception) and which plant number does it show?,Pt. Conception,9,NA,NA,NA,
72,POPULATION_AND_PLANT_ID,2025_03_28/IMG_20250328_0026.png,Read the handwritten label/card in this scan. Which population (Perry or Pt. Conception) and which plant number does it show?,Pt. Conception,10,NA,NA,NA,
73,POPULATION_AND_PLANT_ID,2025_03_28/IMG_20250328_0027.png,Read the handwritten label/card in this scan. Which population (Perry or Pt. Conception) and which plant number does it show?,Pt. Conception,11,NA,NA,NA,
74,POPULATION_AND_PLANT_ID,2025_03_28/IMG_20250328_0028.png,Read the handwritten label/card in this scan. Which population (Perry or Pt. Conception) and which plant number does it show?,Pt. Conception,12,NA,NA,NA,
75,POPULATION_AND_PLANT_ID,2025_03_28/IMG_20250328_0029.png,Read the handwritten label/card in this scan. Which population (Perry or Pt. Conception) and which plant number does it show?,Pt. Conception,13,NA,NA,NA,
76,POPULATION_AND_PLANT_ID,2025_03_28/IMG_20250328_0030.png,Read the handwritten label/card in this scan. Which population (Perry or Pt. Conception) and which plant number does it show?,Pt. Conception,14,NA,NA,NA,
77,POPULATION_AND_PLANT_ID,2025_03_28/IMG_20250328_0031.png,Read the handwritten label/card in this scan. Which population (Perry or Pt. Conception) and which plant number does it show?,NA,15,NA,NA,NA,