date,population,plant,petal_number,hand_area_cm2,xlsx_area,issue,wet_wgt_g,dry_wgt_g
2025-03-26,Percos,1,,14.783,35.29,hand_area_cm2 differs from xlsx 'area',,
2025-03-26,Percos,2,,12.378,28.726,hand_area_cm2 differs from xlsx 'area',,
2025-03-26,Percos,3,,18.692,31.281,hand_area_cm2 differs from xlsx 'area',,
2025-03-26,Percos,4,,15.036,29.458,hand_area_cm2 differs from xlsx 'area',,
2025-03-26,Percos,5,,19.562,31.979,hand_area_cm2 differs from xlsx 'area',,
2025-03-26,Percos,6,,15.873,,hand_area_cm2 differs from xlsx 'area',,
2025-03-26,Percos,7,,13.133,,hand_area_cm2 differs from xlsx 'area',,
2025-03-26,Percos,8,,14.617,,hand_area_cm2 differs from xlsx 'area',,
2025-03-26,Percos,9,,11.986,,hand_area_cm2 differs from xlsx 'area',,
2025-03-26,Percos,10,,16.981,,hand_area_cm2 differs from xlsx 'area',,
2025-03-26,Percos,11,,18.202,,hand_area_cm2 differs from xlsx 'area',,
2025-05-23,Pt. Conception,13,1.0,3.656,,hand_area_cm2 differs from xlsx 'area',,
2025-05-23,Pt. Conception,13,2.0,2.883,,no matching xlsx row for this weight/area value,,
2025-05-23,Pt. Conception,13,3.0,3.749,,no matching xlsx row for this weight/area value,,
2025-05-23,Pt. Conception,13,4.0,2.707,,no matching xlsx row for this weight/area value,,
