Date, PAR(µmol/m²s)
Mar 19 2025 5:55:00 PM, 165.21
Mar 19 2025 6:00:00 PM, 156.859
Mar 19 2025 6:05:00 PM, 145.764
Mar 19 2025 6:10:00 PM, 134.442
Mar 19 2025 6:15:00 PM, 126.911
Mar 19 2025 6:20:00 PM, 114.778
Mar 19 2025 6:25:00 PM, 104.431
Mar 19 2025 6:30:00 PM, 101.615
Mar 19 2025 6:35:00 PM, 103.662
Mar 19 2025 6:40:00 PM, 102.998
Mar 19 2025 6:45:00 PM, 91.831
Mar 19 2025 6:50:00 PM, 69.419
Mar 19 2025 6:55:00 PM, 49.517
Mar 19 2025 7:00:00 PM, 35.156
Mar 19 2025 7:05:00 PM, 25.139
Mar 19 2025 7:10:00 PM, 15.572
Mar 19 2025 7:15:00 PM, 8.584
Mar 19 2025 7:20:00 PM, 4.2
Mar 19 2025 7:25:00 PM, 1.637
Mar 19 2025 7:30:00 PM, 0.728
Mar 19 2025 7:35:00 PM, 0.43
Mar 19 2025 7:40:00 PM, 0.338
Mar 19 2025 7:45:00 PM, 0.227
Mar 19 2025 7:50:00 PM, 0.147
Mar 19 2025 7:55:00 PM, 0.147
Mar 19 2025 8:00:00 PM, 0.254
Mar 19 2025 8:05:00 PM, 0.209
Mar 19 2025 8:10:00 PM, 0.18
Mar 19 2025 8:15:00 PM, 0.141
Mar 19 2025 8:20:00 PM, 0.2
Mar 19 2025 8:25:00 PM, 0.2
Mar 19 2025 8:30:00 PM, 0.188
Mar 19 2025 8:35:00 PM, 0.12
Mar 19 2025 8:40:00 PM, 0.182
Mar 19 2025 8:45:00 PM, 0.206
Mar 19 2025 8:50:00 PM, 0.111
Mar 19 2025 8:55:00 PM, 0.227
Mar 19 2025 9:00:00 PM, 0.23
Mar 19 2025 9:05:00 PM, 0.23
Mar 19 2025 9:10:00 PM, 0.084
Mar 19 2025 9:15:00 PM, 0.215
Mar 19 2025 9:20:00 PM, 0.186
Mar 19 2025 9:25:00 PM, 0.26
Mar 19 2025 9:30:00 PM, 0.233
Mar 19 2025 9:35:00 PM, 0.266
Mar 19 2025 9:40:00 PM, 0.278
Mar 19 2025 9:45:00 PM, 0.135
Mar 19 2025 9:50:00 PM, 0.197
Mar 19 2025 9:55:00 PM, 0.239
Mar 19 2025 10:00:00 PM, 0.197
Mar 19 2025 10:05:00 PM, 0.111
Mar 19 2025 10:10:00 PM, 0.194
Mar 19 2025 10:15:00 PM, 0.23
Mar 19 2025 10:20:00 PM, 0.245
Mar 19 2025 10:25:00 PM, 0.23
Mar 19 2025 10:30:00 PM, 0.105
Mar 19 2025 10:35:00 PM, 0.078
Mar 19 2025 10:40:00 PM, 0.284
Mar 19 2025 10:45:00 PM, 0.18
Mar 19 2025 10:50:00 PM, 0.26
Mar 19 2025 10:55:00 PM, 0.192
Mar 19 2025 11:00:00 PM, 0.251
Mar 19 2025 11:05:00 PM, 0.221
Mar 19 2025 11:10:00 PM, 0.23
Mar 19 2025 11:15:00 PM, 0.162
Mar 19 2025 11:20:00 PM, 0.209
Mar 19 2025 11:25:00 PM, 0.025
Mar 19 2025 11:30:00 PM, 0.248
Mar 19 2025 11:35:00 PM, 0.215
Mar 19 2025 11:40:00 PM, 0.212
Mar 19 2025 11:45:00 PM, 0.177
Mar 19 2025 11:50:00 PM, 0.281
Mar 19 2025 11:55:00 PM, 0.192
Mar 20 2025 12:00:00 AM, 0.147
Mar 20 2025 12:05:00 AM, 0.242
Mar 20 2025 12:10:00 AM, 0.174
Mar 20 2025 12:15:00 AM, 0.102
Mar 20 2025 12:20:00 AM, 0.254
Mar 20 2025 12:25:00 AM, 0.177
Mar 20 2025 12:30:00 AM, 0.266
Mar 20 2025 12:35:00 AM, 0.284
Mar 20 2025 12:40:00 AM, 0.275
Mar 20 2025 12:45:00 AM, 0.239
Mar 20 2025 12:50:00 AM, 0.224
Mar 20 2025 12:55:00 AM, 0.144
Mar 20 2025 1:00:00 AM, 0.248
Mar 20 2025 1:05:00 AM, 0.224
Mar 20 2025 1:10:00 AM, 0.194
Mar 20 2025 1:15:00 AM, 0.23
Mar 20 2025 1:20:00 AM, 0.233
Mar 20 2025 1:25:00 AM, 0.135
Mar 20 2025 1:30:00 AM, 0.245
Mar 20 2025 1:35:00 AM, 0.087
Mar 20 2025 1:40:00 AM, 0.197
Mar 20 2025 1:45:00 AM, 0.197
Mar 20 2025 1:50:00 AM, 0.257
Mar 20 2025 1:55:00 AM, 0.177
Mar 20 2025 2:00:00 AM, 0.174
Mar 20 2025 2:05:00 AM, 0.177
Mar 20 2025 2:10:00 AM, 0.114
Mar 20 2025 2:15:00 AM, 0.197
Mar 20 2025 2:20:00 AM, 0.186
Mar 20 2025 2:25:00 AM, 0.245
Mar 20 2025 2:30:00 AM, 0.156
Mar 20 2025 2:35:00 AM, 0.221
Mar 20 2025 2:40:00 AM, 0.153
Mar 20 2025 2:45:00 AM, 0.254
Mar 20 2025 2:50:00 AM, 0.156
Mar 20 2025 2:55:00 AM, 0.242
Mar 20 2025 3:00:00 AM, 0.156
Mar 20 2025 3:05:00 AM, 0.051
Mar 20 2025 3:10:00 AM, 0.236
Mar 20 2025 3:15:00 AM, 0.203
Mar 20 2025 3:20:00 AM, 0.188
Mar 20 2025 3:25:00 AM, 0.147
Mar 20 2025 3:30:00 AM, 0.192
Mar 20 2025 3:35:00 AM, 0.212
Mar 20 2025 3:40:00 AM, 0.233
Mar 20 2025 3:45:00 AM, 0.188
Mar 20 2025 3:50:00 AM, 0.215
Mar 20 2025 3:55:00 AM, 0.099
Mar 20 2025 4:00:00 AM, 0.174
Mar 20 2025 4:05:00 AM, 0.171
Mar 20 2025 4:10:00 AM, 0.245
Mar 20 2025 4:15:00 AM, 0.296
Mar 20 2025 4:20:00 AM, 0.266
Mar 20 2025 4:25:00 AM, 0.182
Mar 20 2025 4:30:00 AM, 0.257
Mar 20 2025 4:35:00 AM, 0.177
Mar 20 2025 4:40:00 AM, 0.197
Mar 20 2025 4:45:00 AM, 0.093
Mar 20 2025 4:50:00 AM, 0.2
Mar 20 2025 4:55:00 AM, 0.15
Mar 20 2025 5:00:00 AM, 0.165
Mar 20 2025 5:05:00 AM, 0.182
Mar 20 2025 5:10:00 AM, 0.221
Mar 20 2025 5:15:00 AM, 0.084
Mar 20 2025 5:20:00 AM, 0.111
Mar 20 2025 5:25:00 AM, 0.218
Mar 20 2025 5:30:00 AM, 0.168
Mar 20 2025 5:35:00 AM, 0.177
Mar 20 2025 5:40:00 AM, 0.206
Mar 20 2025 5:45:00 AM, 0.287
Mar 20 2025 5:50:00 AM, 0.236
Mar 20 2025 5:55:00 AM, 0.186
Mar 20 2025 6:00:00 AM, 0.224
Mar 20 2025 6:05:00 AM, 0.156
Mar 20 2025 6:10:00 AM, 0.209
Mar 20 2025 6:15:00 AM, 0.254
Mar 20 2025 6:20:00 AM, 0.206
Mar 20 2025 6:25:00 AM, 0.254
Mar 20 2025 6:30:00 AM, 0.257
Mar 20 2025 6:35:00 AM, 0.147
Mar 20 2025 6:40:00 AM, 0.239
Mar 20 2025 6:45:00 AM, 0.263
Mar 20 2025 6:50:00 AM, 0.573
Mar 20 2025 6:55:00 AM, 1.539
Mar 20 2025 7:00:00 AM, 3.702
Mar 20 2025 7:05:00 AM, 7.746
Mar 20 2025 7:10:00 AM, 15.34
Mar 20 2025 7:15:00 AM, 28.161
Mar 20 2025 7:20:00 AM, 43.456
Mar 20 2025 7:25:00 AM, 61.006
Mar 20 2025 7:30:00 AM, 79.069
Mar 20 2025 7:35:00 AM, 100.649
Mar 20 2025 7:40:00 AM, 129.522
Mar 20 2025 7:45:00 AM, 154.278
Mar 20 2025 7:50:00 AM, 184.438
Mar 20 2025 7:55:00 AM, 215.871
Mar 20 2025 8:00:00 AM, 249.446
Mar 20 2025 8:05:00 AM, 282.53
Mar 20 2025 8:10:00 AM, 316.451
Mar 20 2025 8:15:00 AM, 351.072
Mar 20 2025 8:20:00 AM, 384.665
Mar 20 2025 8:25:00 AM, 421.686
Mar 20 2025 8:30:00 AM, 457.744
Mar 20 2025 8:35:00 AM, 494.996
Mar 20 2025 8:40:00 AM, 536.365
Mar 20 2025 8:45:00 AM, 575.504
Mar 20 2025 8:50:00 AM, 613.264
Mar 20 2025 8:55:00 AM, 650.219
Mar 20 2025 9:00:00 AM, 687.296
Mar 20 2025 9:05:00 AM, 724.874
Mar 20 2025 9:10:00 AM, 765.348
Mar 20 2025 9:15:00 AM, 804.491
Mar 20 2025 9:20:00 AM, 844.157
Mar 20 2025 9:25:00 AM, 883.309
Mar 20 2025 9:30:00 AM, 923.581
Mar 20 2025 9:35:00 AM, 961.269
Mar 20 2025 9:40:00 AM, 993.583
Mar 20 2025 9:45:00 AM, 1024.715
Mar 20 2025 9:50:00 AM, 1063.362
Mar 20 2025 9:55:00 AM, 1100.827
Mar 20 2025 10:00:00 AM, 1140.327
Mar 20 2025 10:05:00 AM, 1181.57
Mar 20 2025 10:10:00 AM, 1230.106
Mar 20 2025 10:15:00 AM, 1256.508
Mar 20 2025 10:20:00 AM, 1276.142
Mar 20 2025 10:25:00 AM, 1254.428
Mar 20 2025 10:30:00 AM, 1311.89
Mar 20 2025 10:35:00 AM, 1237.864
Mar 20 2025 10:40:00 AM, 1304.57
Mar 20 2025 10:45:00 AM, 1308.358
Mar 20 2025 10:50:00 AM, 1336.027
Mar 20 2025 10:55:00 AM, 1395.587
Mar 20 2025 11:00:00 AM, 1386.75
Mar 20 2025 11:05:00 AM, 1457.99
Mar 20 2025 11:10:00 AM, 1477.126
Mar 20 2025 11:15:00 AM, 1418.132
Mar 20 2025 11:20:00 AM, 1430.974
Mar 20 2025 11:25:00 AM, 1527.781
Mar 20 2025 11:30:00 AM, 1607.788
Mar 20 2025 11:35:00 AM, 1607.464
Mar 20 2025 11:40:00 AM, 1630.653
Mar 20 2025 11:45:00 AM, 1669.589
Mar 20 2025 11:50:00 AM, 1681.51
Mar 20 2025 11:55:00 AM, 1669.798
Mar 20 2025 12:00:00 PM, 1707.993
Mar 20 2025 12:05:00 PM, 1731.954
Mar 20 2025 12:10:00 PM, 1741.616
Mar 20 2025 12:15:00 PM, 1732.991
Mar 20 2025 12:20:00 PM, 1766.027
Mar 20 2025 12:25:00 PM, 1775.62
Mar 20 2025 12:30:00 PM, 1775.677
Mar 20 2025 12:35:00 PM, 1767.401
Mar 20 2025 12:40:00 PM, 1795.54
Mar 20 2025 12:45:00 PM, 1804.579
Mar 20 2025 12:50:00 PM, 1821.337
Mar 20 2025 12:55:00 PM, 1819.251
Mar 20 2025 1:00:00 PM, 1794.709
Mar 20 2025 1:05:00 PM, 1790.214
Mar 20 2025 1:10:00 PM, 1806.683
Mar 20 2025 1:15:00 PM, 1793.379
Mar 20 2025 1:20:00 PM, 1801.801
Mar 20 2025 1:25:00 PM, 1804.332
Mar 20 2025 1:30:00 PM, 1799.647
Mar 20 2025 1:35:00 PM, 1796.026
Mar 20 2025 1:40:00 PM, 1787.72
Mar 20 2025 1:45:00 PM, 1768
Mar 20 2025 1:50:00 PM, 1785.863
Mar 20 2025 1:55:00 PM, 1796.112
Mar 20 2025 2:00:00 PM, 1767.538
Mar 20 2025 2:05:00 PM, 1767.368
Mar 20 2025 2:10:00 PM, 1756.722
Mar 20 2025 2:15:00 PM, 1749.892
Mar 20 2025 2:20:00 PM, 1740.09
Mar 20 2025 2:25:00 PM, 1719.86
Mar 20 2025 2:30:00 PM, 1707.707
Mar 20 2025 2:35:00 PM, 1696.373
Mar 20 2025 2:40:00 PM, 1678.098
Mar 20 2025 2:45:00 PM, 1657.528
Mar 20 2025 2:50:00 PM, 1635.567
Mar 20 2025 2:55:00 PM, 1607.922
Mar 20 2025 3:00:00 PM, 1591.039
Mar 20 2025 3:05:00 PM, 1573.745
Mar 20 2025 3:10:00 PM, 1545.892
Mar 20 2025 3:15:00 PM, 1520.879
Mar 20 2025 3:20:00 PM, 1497.609
Mar 20 2025 3:25:00 PM, 1473.699
Mar 20 2025 3:30:00 PM, 1446.191
Mar 20 2025 3:35:00 PM, 1417.158
Mar 20 2025 3:40:00 PM, 1387.65
Mar 20 2025 3:45:00 PM, 1363.18
Mar 20 2025 3:50:00 PM, 1336.614
Mar 20 2025 3:55:00 PM, 1313.568
Mar 20 2025 4:00:00 PM, 1281.039
Mar 20 2025 4:05:00 PM, 1247.21
Mar 20 2025 4:10:00 PM, 1214.714
Mar 20 2025 4:15:00 PM, 1178.888
Mar 20 2025 4:20:00 PM, 1127.652
Mar 20 2025 4:25:00 PM, 1088.227
Mar 20 2025 4:30:00 PM, 1020.167
Mar 20 2025 4:35:00 PM, 809.304
Mar 20 2025 4:40:00 PM, 649.006
Mar 20 2025 4:45:00 PM, 403.822
Mar 20 2025 4:50:00 PM, 208.054
Mar 20 2025 4:55:00 PM, 175.209
Mar 20 2025 5:00:00 PM, 169.042
Mar 20 2025 5:05:00 PM, 165.448
Mar 20 2025 5:10:00 PM, 164.989
Mar 20 2025 5:15:00 PM, 163.47
Mar 20 2025 5:20:00 PM, 162.629
Mar 20 2025 5:25:00 PM, 159.959
Mar 20 2025 5:30:00 PM, 157.136
Mar 20 2025 5:35:00 PM, 154.579
Mar 20 2025 5:40:00 PM, 151.623
Mar 20 2025 5:45:00 PM, 148.44
Mar 20 2025 5:50:00 PM, 144.92
Mar 20 2025 5:55:00 PM, 140.662
Mar 20 2025 6:00:00 PM, 135.071
Mar 20 2025 6:05:00 PM, 128.976
Mar 20 2025 6:10:00 PM, 122.324
Mar 20 2025 6:15:00 PM, 115.473
Mar 20 2025 6:20:00 PM, 108.258
Mar 20 2025 6:25:00 PM, 100.283
Mar 20 2025 6:30:00 PM, 92.01
Mar 20 2025 6:35:00 PM, 83.206
Mar 20 2025 6:40:00 PM, 73.392
Mar 20 2025 6:45:00 PM, 63.399
Mar 20 2025 6:50:00 PM, 53.228
Mar 20 2025 6:55:00 PM, 42.788
Mar 20 2025 7:00:00 PM, 32.733
Mar 20 2025 7:05:00 PM, 23.41
Mar 20 2025 7:10:00 PM, 15.239
Mar 20 2025 7:15:00 PM, 8.342
Mar 20 2025 7:20:00 PM, 4.277
Mar 20 2025 7:25:00 PM, 1.786
Mar 20 2025 7:30:00 PM, 0.692
Mar 20 2025 7:35:00 PM, 0.382
Mar 20 2025 7:40:00 PM, 0.194
Mar 20 2025 7:45:00 PM, 0.287
Mar 20 2025 7:50:00 PM, 0.197
Mar 20 2025 7:55:00 PM, 0.221
Mar 20 2025 8:00:00 PM, 0.272
Mar 20 2025 8:05:00 PM, 0.269
Mar 20 2025 8:10:00 PM, 0.236
Mar 20 2025 8:15:00 PM, 0.23
Mar 20 2025 8:20:00 PM, 0.233
Mar 20 2025 8:25:00 PM, 0.182
Mar 20 2025 8:30:00 PM, 0.212
Mar 20 2025 8:35:00 PM, 0.188
Mar 20 2025 8:40:00 PM, 0.314
Mar 20 2025 8:45:00 PM, 0.209
Mar 20 2025 8:50:00 PM, 0.218
Mar 20 2025 8:55:00 PM, 0.209
Mar 20 2025 9:00:00 PM, 0.314
Mar 20 2025 9:05:00 PM, 0.182
Mar 20 2025 9:10:00 PM, 0.218
Mar 20 2025 9:15:00 PM, 0.218
Mar 20 2025 9:20:00 PM, 0.245
Mar 20 2025 9:25:00 PM, 0.26
Mar 20 2025 9:30:00 PM, 0.162
Mar 20 2025 9:35:00 PM, 0.373
Mar 20 2025 9:40:00 PM, 0.224
Mar 20 2025 9:45:00 PM, 0.218
Mar 20 2025 9:50:00 PM, 0.209
Mar 20 2025 9:55:00 PM, 0.269
Mar 20 2025 10:00:00 PM, 0.162
Mar 20 2025 10:05:00 PM, 0.144
Mar 20 2025 10:10:00 PM, 0.135
Mar 20 2025 10:15:00 PM, 0.129
Mar 20 2025 10:20:00 PM, 0.29
Mar 20 2025 10:25:00 PM, 0.215
Mar 20 2025 10:30:00 PM, 0.129
Mar 20 2025 10:35:00 PM, 0.162
Mar 20 2025 10:40:00 PM, 0.296
Mar 20 2025 10:45:00 PM, 0.23
Mar 20 2025 10:50:00 PM, 0.245
Mar 20 2025 10:55:00 PM, 0.194
Mar 20 2025 11:00:00 PM, 0.227
Mar 20 2025 11:05:00 PM, 0.2
Mar 20 2025 11:10:00 PM, 0.281
Mar 20 2025 11:15:00 PM, 0.224
Mar 20 2025 11:20:00 PM, 0.23
Mar 20 2025 11:25:00 PM, 0.218
Mar 20 2025 11:30:00 PM, 0.287
Mar 20 2025 11:35:00 PM, 0.263
Mar 20 2025 11:40:00 PM, 0.153
Mar 20 2025 11:45:00 PM, 0.15
Mar 20 2025 11:50:00 PM, 0.165
Mar 20 2025 11:55:00 PM, 0.352
Mar 21 2025 12:00:00 AM, 0.129
Mar 21 2025 12:05:00 AM, 0.215
Mar 21 2025 12:10:00 AM, 0.332
Mar 21 2025 12:15:00 AM, 0.171
Mar 21 2025 12:20:00 AM, 0.153
Mar 21 2025 12:25:00 AM, 0.156
Mar 21 2025 12:30:00 AM, 0.132
Mar 21 2025 12:35:00 AM, 0.34
Mar 21 2025 12:40:00 AM, 0.221
Mar 21 2025 12:45:00 AM, 0.153
Mar 21 2025 12:50:00 AM, 0.206
Mar 21 2025 12:55:00 AM, 0.156
Mar 21 2025 1:00:00 AM, 0.29
Mar 21 2025 1:05:00 AM, 0.188
Mar 21 2025 1:10:00 AM, 0.2
Mar 21 2025 1:15:00 AM, 0.132
Mar 21 2025 1:20:00 AM, 0.323
Mar 21 2025 1:25:00 AM, 0.314
Mar 21 2025 1:30:00 AM, 0.245
Mar 21 2025 1:35:00 AM, 0.144
Mar 21 2025 1:40:00 AM, 0.209
Mar 21 2025 1:45:00 AM, 0.141
Mar 21 2025 1:50:00 AM, 0.099
Mar 21 2025 1:55:00 AM, 0.248
Mar 21 2025 2:00:00 AM, 0.227
Mar 21 2025 2:05:00 AM, 0.156
Mar 21 2025 2:10:00 AM, 0.266
Mar 21 2025 2:15:00 AM, 0.212
Mar 21 2025 2:20:00 AM, 0.346
Mar 21 2025 2:25:00 AM, 0.287
Mar 21 2025 2:30:00 AM, 0.153
Mar 21 2025 2:35:00 AM, 0.236
Mar 21 2025 2:40:00 AM, 0.2
Mar 21 2025 2:45:00 AM, 0.409
Mar 21 2025 2:50:00 AM, 0.242
Mar 21 2025 2:55:00 AM, 0.221
Mar 21 2025 3:00:00 AM, 0.296
Mar 21 2025 3:05:00 AM, 0.194
Mar 21 2025 3:10:00 AM, 0.174
Mar 21 2025 3:15:00 AM, 0.302
Mar 21 2025 3:20:00 AM, 0.275
Mar 21 2025 3:25:00 AM, 0.352
Mar 21 2025 3:30:00 AM, 0.147
Mar 21 2025 3:35:00 AM, 0.364
Mar 21 2025 3:40:00 AM, 0.177
Mar 21 2025 3:45:00 AM, 0.18
Mar 21 2025 3:50:00 AM, 0.147
Mar 21 2025 3:55:00 AM, 0.215
Mar 21 2025 4:00:00 AM, 0.254
Mar 21 2025 4:05:00 AM, 0.272
Mar 21 2025 4:10:00 AM, 0.162
Mar 21 2025 4:15:00 AM, 0.296
Mar 21 2025 4:20:00 AM, 0.108
Mar 21 2025 4:25:00 AM, 0.215
Mar 21 2025 4:30:00 AM, 0.215
Mar 21 2025 4:35:00 AM, 0.174
Mar 21 2025 4:40:00 AM, 0.197
Mar 21 2025 4:45:00 AM, 0.236
Mar 21 2025 4:50:00 AM, 0.239
Mar 21 2025 4:55:00 AM, 0.236
Mar 21 2025 5:00:00 AM, 0.186
Mar 21 2025 5:05:00 AM, 0.182
Mar 21 2025 5:10:00 AM, 0.15
Mar 21 2025 5:15:00 AM, 0.236
Mar 21 2025 5:20:00 AM, 0.218
Mar 21 2025 5:25:00 AM, 0.182
Mar 21 2025 5:30:00 AM, 0.182
Mar 21 2025 5:35:00 AM, 0.174
Mar 21 2025 5:40:00 AM, 0.305
Mar 21 2025 5:45:00 AM, 0.159
Mar 21 2025 5:50:00 AM, 0.254
Mar 21 2025 5:55:00 AM, 0.165
Mar 21 2025 6:00:00 AM, 0.138
Mar 21 2025 6:05:00 AM, 0.263
Mar 21 2025 6:10:00 AM, 0.227
Mar 21 2025 6:15:00 AM, 0.34
Mar 21 2025 6:20:00 AM, 0.188
Mar 21 2025 6:25:00 AM, 0.29
Mar 21 2025 6:30:00 AM, 0.361
Mar 21 2025 6:35:00 AM, 0.215
Mar 21 2025 6:40:00 AM, 0.344
Mar 21 2025 6:45:00 AM, 0.376
Mar 21 2025 6:50:00 AM, 0.85
Mar 21 2025 6:55:00 AM, 2.066
Mar 21 2025 7:00:00 AM, 4.659
Mar 21 2025 7:05:00 AM, 8.304
Mar 21 2025 7:10:00 AM, 14.675
Mar 21 2025 7:15:00 AM, 22.674
Mar 21 2025 7:20:00 AM, 34.515
Mar 21 2025 7:25:00 AM, 48.534
Mar 21 2025 7:30:00 AM, 82.318
Mar 21 2025 7:35:00 AM, 124.759
Mar 21 2025 7:40:00 AM, 126.187
Mar 21 2025 7:45:00 AM, 140.978
Mar 21 2025 7:50:00 AM, 207.058
Mar 21 2025 7:55:00 AM, 190.563
Mar 21 2025 8:00:00 AM, 308.416
Mar 21 2025 8:05:00 AM, 351.242
Mar 21 2025 8:10:00 AM, 406.919
Mar 21 2025 8:15:00 AM, 402.776
Mar 21 2025 8:20:00 AM, 436.676
Mar 21 2025 8:25:00 AM, 480.989
Mar 21 2025 8:30:00 AM, 455.13
Mar 21 2025 8:35:00 AM, 476.904
Mar 21 2025 8:40:00 AM, 580.294
Mar 21 2025 8:45:00 AM, 596.488
Mar 21 2025 8:50:00 AM, 523.768
Mar 21 2025 8:55:00 AM, 668.473
Mar 21 2025 9:00:00 AM, 671.167
Mar 21 2025 9:05:00 AM, 605.945
Mar 21 2025 9:10:00 AM, 636.581
Mar 21 2025 9:15:00 AM, 735.486
Mar 21 2025 9:20:00 AM, 865.72
Mar 21 2025 9:25:00 AM, 910.363
Mar 21 2025 9:30:00 AM, 897.417
Mar 21 2025 9:35:00 AM, 783.948
Mar 21 2025 9:40:00 AM, 726.325
Mar 21 2025 9:45:00 AM, 1098.3
Mar 21 2025 9:50:00 AM, 1090.757
Mar 21 2025 9:55:00 AM, 1120.24
Mar 21 2025 10:00:00 AM, 1062.516
Mar 21 2025 10:05:00 AM, 964.18
Mar 21 2025 10:10:00 AM, 1136.214
Mar 21 2025 10:15:00 AM, 941.584
Mar 21 2025 10:20:00 AM, 1192.827
Mar 21 2025 10:25:00 AM, 1122.085
Mar 21 2025 10:30:00 AM, 1287.172
Mar 21 2025 10:35:00 AM, 1414.836
Mar 21 2025 10:40:00 AM, 1344.425
Mar 21 2025 10:45:00 AM, 1415.528
Mar 21 2025 10:50:00 AM, 1455.677
Mar 21 2025 10:55:00 AM, 1462.153
Mar 21 2025 11:00:00 AM, 1514.188
Mar 21 2025 11:05:00 AM, 1500.112
Mar 21 2025 11:10:00 AM, 1540.179
Mar 21 2025 11:15:00 AM, 1590.452
Mar 21 2025 11:20:00 AM, 1613.603
Mar 21 2025 11:25:00 AM, 1632.161
Mar 21 2025 11:30:00 AM, 1655.248
Mar 21 2025 11:35:00 AM, 1670.412
Mar 21 2025 11:40:00 AM, 1697.97
Mar 21 2025 11:45:00 AM, 1720.924
Mar 21 2025 11:50:00 AM, 1712.502
Mar 21 2025 11:55:00 AM, 1730.294
Mar 21 2025 12:00:00 PM, 1750.577
Mar 21 2025 12:05:00 PM, 1765.926
Mar 21 2025 12:10:00 PM, 1776.052
Mar 21 2025 12:15:00 PM, 1790.107
Mar 21 2025 12:20:00 PM, 1802.156
Mar 21 2025 12:25:00 PM, 1812.518
Mar 21 2025 12:30:00 PM, 1820.899
Mar 21 2025 12:35:00 PM, 1831.517
Mar 21 2025 12:40:00 PM, 1836.265
Mar 21 2025 12:45:00 PM, 1842.857
Mar 21 2025 12:50:00 PM, 1847.652
Mar 21 2025 12:55:00 PM, 1851.646
Mar 21 2025 1:00:00 PM, 1854.28
Mar 21 2025 1:05:00 PM, 1857.022
Mar 21 2025 1:10:00 PM, 1858.876
Mar 21 2025 1:15:00 PM, 1859.028
Mar 21 2025 1:20:00 PM, 1856.596
Mar 21 2025 1:25:00 PM, 1855.076
Mar 21 2025 1:30:00 PM, 1851.366
Mar 21 2025 1:35:00 PM, 1846.934
Mar 21 2025 1:40:00 PM, 1841.367
Mar 21 2025 1:45:00 PM, 1837.18
Mar 21 2025 1:50:00 PM, 1828.856
Mar 21 2025 1:55:00 PM, 1819.418
Mar 21 2025 2:00:00 PM, 1810.933
Mar 21 2025 2:05:00 PM, 1803.062
Mar 21 2025 2:10:00 PM, 1790.715
Mar 21 2025 2:15:00 PM, 1778.904
Mar 21 2025 2:20:00 PM, 1767.767
Mar 21 2025 2:25:00 PM, 1754.562
Mar 21 2025 2:30:00 PM, 1740.34
Mar 21 2025 2:35:00 PM, 1723.105
Mar 21 2025 2:40:00 PM, 1706.452
Mar 21 2025 2:45:00 PM, 1688.174
Mar 21 2025 2:50:00 PM, 1668.806
Mar 21 2025 2:55:00 PM, 1648.03
Mar 21 2025 3:00:00 PM, 1629.13
Mar 21 2025 3:05:00 PM, 1608.682
Mar 21 2025 3:10:00 PM, 1585.547
Mar 21 2025 3:15:00 PM, 1561.902
Mar 21 2025 3:20:00 PM, 1538.644
Mar 21 2025 3:25:00 PM, 1516.331
Mar 21 2025 3:30:00 PM, 1489.306
Mar 21 2025 3:35:00 PM, 1462.136
Mar 21 2025 3:40:00 PM, 1427.32
Mar 21 2025 3:45:00 PM, 1398.099
Mar 21 2025 3:50:00 PM, 1356.719
Mar 21 2025 3:55:00 PM, 1330.919
Mar 21 2025 4:00:00 PM, 1302.604
Mar 21 2025 4:05:00 PM, 1273.123
Mar 21 2025 4:10:00 PM, 1237.837
Mar 21 2025 4:15:00 PM, 1208.172
Mar 21 2025 4:20:00 PM, 1181.627
Mar 21 2025 4:25:00 PM, 1123.432
Mar 21 2025 4:30:00 PM, 1100.776
Mar 21 2025 4:35:00 PM, 1006.011
Mar 21 2025 4:40:00 PM, 787.742
Mar 21 2025 4:45:00 PM, 663.141
Mar 21 2025 4:50:00 PM, 314.609
Mar 21 2025 4:55:00 PM, 218.181
Mar 21 2025 5:00:00 PM, 156.528
Mar 21 2025 5:05:00 PM, 152.291
Mar 21 2025 5:10:00 PM, 149.045
Mar 21 2025 5:15:00 PM, 148.112
Mar 21 2025 5:20:00 PM, 146.05
Mar 21 2025 5:25:00 PM, 142.912
Mar 21 2025 5:30:00 PM, 138.456
Mar 21 2025 5:35:00 PM, 137.428
Mar 21 2025 5:40:00 PM, 133.762
Mar 21 2025 5:45:00 PM, 127.498
Mar 21 2025 5:50:00 PM, 124.318
Mar 21 2025 5:55:00 PM, 119.565
Mar 21 2025 6:00:00 PM, 112.49
Mar 21 2025 6:05:00 PM, 107.405
Mar 21 2025 6:10:00 PM, 101.701
Mar 21 2025 6:15:00 PM, 95.231
Mar 21 2025 6:20:00 PM, 89.908
Mar 21 2025 6:25:00 PM, 84.586
Mar 21 2025 6:30:00 PM, 77.901
Mar 21 2025 6:35:00 PM, 65.962
Mar 21 2025 6:40:00 PM, 58.333
Mar 21 2025 6:45:00 PM, 52.214
Mar 21 2025 6:50:00 PM, 45.244
Mar 21 2025 6:55:00 PM, 38.657
Mar 21 2025 7:00:00 PM, 31.013
Mar 21 2025 7:05:00 PM, 22.481
Mar 21 2025 7:10:00 PM, 14.371
Mar 21 2025 7:15:00 PM, 8.354
Mar 21 2025 7:20:00 PM, 4.418
Mar 21 2025 7:25:00 PM, 2.302
Mar 21 2025 7:30:00 PM, 0.937
Mar 21 2025 7:35:00 PM, 0.415
Mar 21 2025 7:40:00 PM, 0.281
Mar 21 2025 7:45:00 PM, 0.188
Mar 21 2025 7:50:00 PM, 0.29
Mar 21 2025 7:55:00 PM, 0.162
Mar 21 2025 8:00:00 PM, 0.269
Mar 21 2025 8:05:00 PM, 0.209
Mar 21 2025 8:10:00 PM, 0.242
Mar 21 2025 8:15:00 PM, 0.269
Mar 21 2025 8:20:00 PM, 0.302
Mar 21 2025 8:25:00 PM, 0.209
Mar 21 2025 8:30:00 PM, 0.361
Mar 21 2025 8:35:00 PM, 0.26
Mar 21 2025 8:40:00 PM, 0.34
Mar 21 2025 8:45:00 PM, 0.236
Mar 21 2025 8:50:00 PM, 0.218
Mar 21 2025 8:55:00 PM, 0.114
Mar 21 2025 9:00:00 PM, 0.2
Mar 21 2025 9:05:00 PM, 0.215
Mar 21 2025 9:10:00 PM, 0.188
Mar 21 2025 9:15:00 PM, 0.284
Mar 21 2025 9:20:00 PM, 0.174
Mar 21 2025 9:25:00 PM, 0.224
Mar 21 2025 9:30:00 PM, 0.182
Mar 21 2025 9:35:00 PM, 0.311
Mar 21 2025 9:40:00 PM, 0.251
Mar 21 2025 9:45:00 PM, 0.338
Mar 21 2025 9:50:00 PM, 0.162
Mar 21 2025 9:55:00 PM, 0.129
Mar 21 2025 10:00:00 PM, 0.156
Mar 21 2025 10:05:00 PM, 0.29
Mar 21 2025 10:10:00 PM, 0.194
Mar 21 2025 10:15:00 PM, 0.269
Mar 21 2025 10:20:00 PM, 0.245
Mar 21 2025 10:25:00 PM, 0.284
Mar 21 2025 10:30:00 PM, 0.212
Mar 21 2025 10:35:00 PM, 0.188
Mar 21 2025 10:40:00 PM, 0.242
Mar 21 2025 10:45:00 PM, 0.251
Mar 21 2025 10:50:00 PM, 0.32
Mar 21 2025 10:55:00 PM, 0.245
Mar 21 2025 11:00:00 PM, 0.093
Mar 21 2025 11:05:00 PM, 0.174
Mar 21 2025 11:10:00 PM, 0.245
Mar 21 2025 11:15:00 PM, 0.269
Mar 21 2025 11:20:00 PM, 0.162
Mar 21 2025 11:25:00 PM, 0.165
Mar 21 2025 11:30:00 PM, 0.334
Mar 21 2025 11:35:00 PM, 0.23
Mar 21 2025 11:40:00 PM, 0.174
Mar 21 2025 11:45:00 PM, 0.15
Mar 21 2025 11:50:00 PM, 0.257
Mar 21 2025 11:55:00 PM, 0.239
Mar 22 2025 12:00:00 AM, 0.221
Mar 22 2025 12:05:00 AM, 0.281
Mar 22 2025 12:10:00 AM, 0.162
Mar 22 2025 12:15:00 AM, 0.236
Mar 22 2025 12:20:00 AM, 0.227
Mar 22 2025 12:25:00 AM, 0.227
Mar 22 2025 12:30:00 AM, 0.126
Mar 22 2025 12:35:00 AM, 0.334
Mar 22 2025 12:40:00 AM, 0.346
Mar 22 2025 12:45:00 AM, 0.182
Mar 22 2025 12:50:00 AM, 0.168
Mar 22 2025 12:55:00 AM, 0.263
Mar 22 2025 1:00:00 AM, 0.287
Mar 22 2025 1:05:00 AM, 0.212
Mar 22 2025 1:10:00 AM, 0.26
Mar 22 2025 1:15:00 AM, 0.129
Mar 22 2025 1:20:00 AM, 0.111
Mar 22 2025 1:25:00 AM, 0.218
Mar 22 2025 1:30:00 AM, 0.251
Mar 22 2025 1:35:00 AM, 0.2
Mar 22 2025 1:40:00 AM, 0.251
Mar 22 2025 1:45:00 AM, 0.227
Mar 22 2025 1:50:00 AM, 0.108
Mar 22 2025 1:55:00 AM, 0.236
Mar 22 2025 2:00:00 AM, 0.248
Mar 22 2025 2:05:00 AM, 0.2
Mar 22 2025 2:10:00 AM, 0.236
Mar 22 2025 2:15:00 AM, 0.29
Mar 22 2025 2:20:00 AM, 0.26
Mar 22 2025 2:25:00 AM, 0.132
Mar 22 2025 2:30:00 AM, 0.334
Mar 22 2025 2:35:00 AM, 0.18
Mar 22 2025 2:40:00 AM, 0.177
Mar 22 2025 2:45:00 AM, 0.215
Mar 22 2025 2:50:00 AM, 0.263
Mar 22 2025 2:55:00 AM, 0.18
Mar 22 2025 3:00:00 AM, 0.197
Mar 22 2025 3:05:00 AM, 0.165
Mar 22 2025 3:10:00 AM, 0.182
Mar 22 2025 3:15:00 AM, 0.299
Mar 22 2025 3:20:00 AM, 0.117
Mar 22 2025 3:25:00 AM, 0.162
Mar 22 2025 3:30:00 AM, 0.218
Mar 22 2025 3:35:00 AM, 0.284
Mar 22 2025 3:40:00 AM, 0.171
Mar 22 2025 3:45:00 AM, 0.177
Mar 22 2025 3:50:00 AM, 0.239
Mar 22 2025 3:55:00 AM, 0.165
Mar 22 2025 4:00:00 AM, 0.153
Mar 22 2025 4:05:00 AM, 0.165
Mar 22 2025 4:10:00 AM, 0.197
Mar 22 2025 4:15:00 AM, 0.293
Mar 22 2025 4:20:00 AM, 0.177
Mar 22 2025 4:25:00 AM, 0.221
Mar 22 2025 4:30:00 AM, 0.239
Mar 22 2025 4:35:00 AM, 0.275
Mar 22 2025 4:40:00 AM, 0.251
Mar 22 2025 4:45:00 AM, 0.221
Mar 22 2025 4:50:00 AM, 0.209
Mar 22 2025 4:55:00 AM, 0.281
Mar 22 2025 5:00:00 AM, 0.159
Mar 22 2025 5:05:00 AM, 0.194
Mar 22 2025 5:10:00 AM, 0.188
Mar 22 2025 5:15:00 AM, 0.263
Mar 22 2025 5:20:00 AM, 0.323
Mar 22 2025 5:25:00 AM, 0.242
Mar 22 2025 5:30:00 AM, 0.317
Mar 22 2025 5:35:00 AM, 0.177
Mar 22 2025 5:40:00 AM, 0.147
Mar 22 2025 5:45:00 AM, 0.224
Mar 22 2025 5:50:00 AM, 0.344
Mar 22 2025 5:55:00 AM, 0.275
Mar 22 2025 6:00:00 AM, 0.141
Mar 22 2025 6:05:00 AM, 0.212
Mar 22 2025 6:10:00 AM, 0.275
Mar 22 2025 6:15:00 AM, 0.218
Mar 22 2025 6:20:00 AM, 0.197
Mar 22 2025 6:25:00 AM, 0.373
Mar 22 2025 6:30:00 AM, 0.29
Mar 22 2025 6:35:00 AM, 0.299
Mar 22 2025 6:40:00 AM, 0.227
Mar 22 2025 6:45:00 AM, 0.463
Mar 22 2025 6:50:00 AM, 1.056
Mar 22 2025 6:55:00 AM, 2.266
Mar 22 2025 7:00:00 AM, 5.073
Mar 22 2025 7:05:00 AM, 9.263
Mar 22 2025 7:10:00 AM, 17.647
Mar 22 2025 7:15:00 AM, 27.115
Mar 22 2025 7:20:00 AM, 44.177
Mar 22 2025 7:25:00 AM, 75.034
Mar 22 2025 7:30:00 AM, 104.282
Mar 22 2025 7:35:00 AM, 126.735
Mar 22 2025 7:40:00 AM, 156.475
Mar 22 2025 7:45:00 AM, 191.743
Mar 22 2025 7:50:00 AM, 225.291
Mar 22 2025 7:55:00 AM, 257.99
Mar 22 2025 8:00:00 AM, 295.228
Mar 22 2025 8:05:00 AM, 322.131
Mar 22 2025 8:10:00 AM, 352.962
Mar 22 2025 8:15:00 AM, 408.993
Mar 22 2025 8:20:00 AM, 435.627
Mar 22 2025 8:25:00 AM, 451.369
Mar 22 2025 8:30:00 AM, 479.854
Mar 22 2025 8:35:00 AM, 528.977
Mar 22 2025 8:40:00 AM, 570.2
Mar 22 2025 8:45:00 AM, 587.858
Mar 22 2025 8:50:00 AM, 623.811
Mar 22 2025 8:55:00 AM, 656.981
Mar 22 2025 9:00:00 AM, 602.753
Mar 22 2025 9:05:00 AM, 697.268
Mar 22 2025 9:10:00 AM, 697.974
Mar 22 2025 9:15:00 AM, 678.936
Mar 22 2025 9:20:00 AM, 781.695
Mar 22 2025 9:25:00 AM, 876.436
Mar 22 2025 9:30:00 AM, 933.162
Mar 22 2025 9:35:00 AM, 983.752
Mar 22 2025 9:40:00 AM, 1042.432
Mar 22 2025 9:45:00 AM, 1047.251
Mar 22 2025 9:50:00 AM, 1066.596
Mar 22 2025 9:55:00 AM, 1123.647
Mar 22 2025 10:00:00 AM, 1098.136
Mar 22 2025 10:05:00 AM, 1190.687
Mar 22 2025 10:10:00 AM, 1212.902
Mar 22 2025 10:15:00 AM, 1269.067
Mar 22 2025 10:20:00 AM, 1315.213
Mar 22 2025 10:25:00 AM, 1333.964
Mar 22 2025 10:30:00 AM, 1376.126
Mar 22 2025 10:35:00 AM, 1405.559
Mar 22 2025 10:40:00 AM, 1428.095
Mar 22 2025 10:45:00 AM, 1438.598
Mar 22 2025 10:50:00 AM, 1478.056
Mar 22 2025 10:55:00 AM, 1515.088
Mar 22 2025 11:00:00 AM, 1543.478
Mar 22 2025 11:05:00 AM, 1552.603
Mar 22 2025 11:10:00 AM, 1585.049
Mar 22 2025 11:15:00 AM, 1624.269
Mar 22 2025 11:20:00 AM, 1657.853
Mar 22 2025 11:25:00 AM, 1679.043
Mar 22 2025 11:30:00 AM, 1663.146
Mar 22 2025 11:35:00 AM, 1608.116
Mar 22 2025 11:40:00 AM, 1538.158
Mar 22 2025 11:45:00 AM, 1613.794
Mar 22 2025 11:50:00 AM, 1766.831
Mar 22 2025 11:55:00 AM, 1725.43
Mar 22 2025 12:00:00 PM, 1665.909
Mar 22 2025 12:05:00 PM, 1715.917
Mar 22 2025 12:10:00 PM, 1761.702
Mar 22 2025 12:15:00 PM, 1771.546
Mar 22 2025 12:20:00 PM, 1689.02
Mar 22 2025 12:25:00 PM, 1579.25
Mar 22 2025 12:30:00 PM, 1660.157
Mar 22 2025 12:35:00 PM, 1851.449
Mar 22 2025 12:40:00 PM, 1618.288
Mar 22 2025 12:45:00 PM, 1369.099
Mar 22 2025 12:50:00 PM, 1340.217
Mar 22 2025 12:55:00 PM, 1365.63
Mar 22 2025 1:00:00 PM, 1362.295
Mar 22 2025 1:05:00 PM, 1534.686
Mar 22 2025 1:10:00 PM, 1488.791
Mar 22 2025 1:15:00 PM, 1625.941
Mar 22 2025 1:20:00 PM, 1742.498
Mar 22 2025 1:25:00 PM, 1681.492
Mar 22 2025 1:30:00 PM, 1818.822
Mar 22 2025 1:35:00 PM, 1852.358
Mar 22 2025 1:40:00 PM, 1847.914
Mar 22 2025 1:45:00 PM, 1848.528
Mar 22 2025 1:50:00 PM, 1851.849
Mar 22 2025 1:55:00 PM, 1850.853
Mar 22 2025 2:00:00 PM, 1856.119
Mar 22 2025 2:05:00 PM, 1712.591
Mar 22 2025 2:10:00 PM, 1637.483
Mar 22 2025 2:15:00 PM, 1487.152
Mar 22 2025 2:20:00 PM, 1217.649
Mar 22 2025 2:25:00 PM, 1214.97
Mar 22 2025 2:30:00 PM, 1175.521
Mar 22 2025 2:35:00 PM, 1464.922
Mar 22 2025 2:40:00 PM, 1575.802
Mar 22 2025 2:45:00 PM, 1620.314
Mar 22 2025 2:50:00 PM, 1641.933
Mar 22 2025 2:55:00 PM, 1497.842
Mar 22 2025 3:00:00 PM, 1593.009
Mar 22 2025 3:05:00 PM, 1460.297
Mar 22 2025 3:10:00 PM, 1302.458
Mar 22 2025 3:15:00 PM, 1195.378
Mar 22 2025 3:20:00 PM, 1375.688
Mar 22 2025 3:25:00 PM, 1419.494
Mar 22 2025 3:30:00 PM, 1142.89
Mar 22 2025 3:35:00 PM, 1223.368
Mar 22 2025 3:40:00 PM, 1407.225
Mar 22 2025 3:45:00 PM, 1309.786
Mar 22 2025 3:50:00 PM, 1339.463
Mar 22 2025 3:55:00 PM, 1128.686
Mar 22 2025 4:00:00 PM, 1170.931
Mar 22 2025 4:05:00 PM, 1292.459
Mar 22 2025 4:10:00 PM, 1186.378
Mar 22 2025 4:15:00 PM, 801.421
Mar 22 2025 4:20:00 PM, 689.626
Mar 22 2025 4:25:00 PM, 765.703
Mar 22 2025 4:30:00 PM, 1088.137
Mar 22 2025 4:35:00 PM, 1056.302
Mar 22 2025 4:40:00 PM, 989.021
Mar 22 2025 4:45:00 PM, 808.299
Mar 22 2025 4:50:00 PM, 494.296
Mar 22 2025 4:55:00 PM, 333.82
Mar 22 2025 5:00:00 PM, 311.486
Mar 22 2025 5:05:00 PM, 295.968
Mar 22 2025 5:10:00 PM, 228.954
Mar 22 2025 5:15:00 PM, 162.116
Mar 22 2025 5:20:00 PM, 141.049
Mar 22 2025 5:25:00 PM, 134.391
Mar 22 2025 5:30:00 PM, 128.04
Mar 22 2025 5:35:00 PM, 124.801
Mar 22 2025 5:40:00 PM, 121.228
Mar 22 2025 5:45:00 PM, 118.08
Mar 22 2025 5:50:00 PM, 114.871
Mar 22 2025 5:55:00 PM, 111.178
Mar 22 2025 6:00:00 PM, 107.459
Mar 22 2025 6:05:00 PM, 103.606
Mar 22 2025 6:10:00 PM, 99.332
Mar 22 2025 6:15:00 PM, 94.498
Mar 22 2025 6:20:00 PM, 89.557
Mar 22 2025 6:25:00 PM, 84.344
Mar 22 2025 6:30:00 PM, 78.56
Mar 22 2025 6:35:00 PM, 72.23
Mar 22 2025 6:40:00 PM, 65.405
Mar 22 2025 6:45:00 PM, 58.324
Mar 22 2025 6:50:00 PM, 50.671
Mar 22 2025 6:55:00 PM, 41.992
Mar 22 2025 7:00:00 PM, 34.831
Mar 22 2025 7:05:00 PM, 26.885
Mar 22 2025 7:10:00 PM, 19.128
Mar 22 2025 7:15:00 PM, 11.758
Mar 22 2025 7:20:00 PM, 6.203
Mar 22 2025 7:25:00 PM, 2.713
Mar 22 2025 7:30:00 PM, 1.166
Mar 22 2025 7:35:00 PM, 0.397
Mar 22 2025 7:40:00 PM, 0.352
Mar 22 2025 7:45:00 PM, 0.287
Mar 22 2025 7:50:00 PM, 0.275
Mar 22 2025 7:55:00 PM, 0.117
Mar 22 2025 8:00:00 PM, 0.278
Mar 22 2025 8:05:00 PM, 0.245
Mar 22 2025 8:10:00 PM, 0.102
Mar 22 2025 8:15:00 PM, 0.212
Mar 22 2025 8:20:00 PM, 0.123
Mar 22 2025 8:25:00 PM, 0.257
Mar 22 2025 8:30:00 PM, 0.197
Mar 22 2025 8:35:00 PM, 0.182
Mar 22 2025 8:40:00 PM, 0.12
Mar 22 2025 8:45:00 PM, 0.141
Mar 22 2025 8:50:00 PM, 0.117
Mar 22 2025 8:55:00 PM, 0.299
Mar 22 2025 9:00:00 PM, 0.174
Mar 22 2025 9:05:00 PM, 0.206
Mar 22 2025 9:10:00 PM, 0.281
Mar 22 2025 9:15:00 PM, 0.188
Mar 22 2025 9:20:00 PM, 0.248
Mar 22 2025 9:25:00 PM, 0.165
Mar 22 2025 9:30:00 PM, 0.266
Mar 22 2025 9:35:00 PM, 0.251
Mar 22 2025 9:40:00 PM, 0.308
Mar 22 2025 9:45:00 PM, 0.278
Mar 22 2025 9:50:00 PM, 0.275
Mar 22 2025 9:55:00 PM, 0.263
Mar 22 2025 10:00:00 PM, 0.278
Mar 22 2025 10:05:00 PM, 0.218
Mar 22 2025 10:10:00 PM, 0.174
Mar 22 2025 10:15:00 PM, 0.332
Mar 22 2025 10:20:00 PM, 0.284
Mar 22 2025 10:25:00 PM, 0.254
Mar 22 2025 10:30:00 PM, 0.23
Mar 22 2025 10:35:00 PM, 0.275
Mar 22 2025 10:40:00 PM, 0.165
Mar 22 2025 10:45:00 PM, 0.209
Mar 22 2025 10:50:00 PM, 0.194
Mar 22 2025 10:55:00 PM, 0.221
Mar 22 2025 11:00:00 PM, 0.221
Mar 22 2025 11:05:00 PM, 0.18
Mar 22 2025 11:10:00 PM, 0.206
Mar 22 2025 11:15:00 PM, 0.352
Mar 22 2025 11:20:00 PM, 0.305
Mar 22 2025 11:25:00 PM, 0.197
Mar 22 2025 11:30:00 PM, 0.23
Mar 22 2025 11:35:00 PM, 0.209
Mar 22 2025 11:40:00 PM, 0.194
Mar 22 2025 11:45:00 PM, 0.278
Mar 22 2025 11:50:00 PM, 0.29
Mar 22 2025 11:55:00 PM, 0.221
Mar 23 2025 12:00:00 AM, 0.18
Mar 23 2025 12:05:00 AM, 0.186
Mar 23 2025 12:10:00 AM, 0.203
Mar 23 2025 12:15:00 AM, 0.233
Mar 23 2025 12:20:00 AM, 0.326
Mar 23 2025 12:25:00 AM, 0.215
Mar 23 2025 12:30:00 AM, 0.308
Mar 23 2025 12:35:00 AM, 0.168
Mar 23 2025 12:40:00 AM, 0.174
Mar 23 2025 12:45:00 AM, 0.192
Mar 23 2025 12:50:00 AM, 0.281
Mar 23 2025 12:55:00 AM, 0.314
Mar 23 2025 1:00:00 AM, 0.182
Mar 23 2025 1:05:00 AM, 0.242
Mar 23 2025 1:10:00 AM, 0.236
Mar 23 2025 1:15:00 AM, 0.263
Mar 23 2025 1:20:00 AM, 0.23
Mar 23 2025 1:25:00 AM, 0.227
Mar 23 2025 1:30:00 AM, 0.281
Mar 23 2025 1:35:00 AM, 0.272
Mar 23 2025 1:40:00 AM, 0.278
Mar 23 2025 1:45:00 AM, 0.126
Mar 23 2025 1:50:00 AM, 0.215
Mar 23 2025 1:55:00 AM, 0.239
Mar 23 2025 2:00:00 AM, 0.203
Mar 23 2025 2:05:00 AM, 0.23
Mar 23 2025 2:10:00 AM, 0.248
Mar 23 2025 2:15:00 AM, 0.105
Mar 23 2025 2:20:00 AM, 0.212
Mar 23 2025 2:25:00 AM, 0.186
Mar 23 2025 2:30:00 AM, 0.278
Mar 23 2025 2:35:00 AM, 0.138
Mar 23 2025 2:40:00 AM, 0.197
Mar 23 2025 2:45:00 AM, 0.192
Mar 23 2025 2:50:00 AM, 0.287
Mar 23 2025 2:55:00 AM, 0.248
Mar 23 2025 3:00:00 AM, 0.218
Mar 23 2025 3:05:00 AM, 0.18
Mar 23 2025 3:10:00 AM, 0.326
Mar 23 2025 3:15:00 AM, 0.165
Mar 23 2025 3:20:00 AM, 0.296
Mar 23 2025 3:25:00 AM, 0.278
Mar 23 2025 3:30:00 AM, 0.239
Mar 23 2025 3:35:00 AM, 0.138
Mar 23 2025 3:40:00 AM, 0.248
Mar 23 2025 3:45:00 AM, 0.215
Mar 23 2025 3:50:00 AM, 0.242
Mar 23 2025 3:55:00 AM, 0.224
Mar 23 2025 4:00:00 AM, 0.174
Mar 23 2025 4:05:00 AM, 0.212
Mar 23 2025 4:10:00 AM, 0.2
Mar 23 2025 4:15:00 AM, 0.326
Mar 23 2025 4:20:00 AM, 0.245
Mar 23 2025 4:25:00 AM, 0.284
Mar 23 2025 4:30:00 AM, 0.376
Mar 23 2025 4:35:00 AM, 0.177
Mar 23 2025 4:40:00 AM, 0.266
Mar 23 2025 4:45:00 AM, 0.281
Mar 23 2025 4:50:00 AM, 0.182
Mar 23 2025 4:55:00 AM, 0.215
Mar 23 2025 5:00:00 AM, 0.257
Mar 23 2025 5:05:00 AM, 0.209
Mar 23 2025 5:10:00 AM, 0.23
Mar 23 2025 5:15:00 AM, 0.224
Mar 23 2025 5:20:00 AM, 0.284
Mar 23 2025 5:25:00 AM, 0.165
Mar 23 2025 5:30:00 AM, 0.192
Mar 23 2025 5:35:00 AM, 0.248
Mar 23 2025 5:40:00 AM, 0.323
Mar 23 2025 5:45:00 AM, 0.188
Mar 23 2025 5:50:00 AM, 0.254
Mar 23 2025 5:55:00 AM, 0.26
Mar 23 2025 6:00:00 AM, 0.245
Mar 23 2025 6:05:00 AM, 0.224
Mar 23 2025 6:10:00 AM, 0.182
Mar 23 2025 6:15:00 AM, 0.266
Mar 23 2025 6:20:00 AM, 0.153
Mar 23 2025 6:25:00 AM, 0.329
Mar 23 2025 6:30:00 AM, 0.227
Mar 23 2025 6:35:00 AM, 0.251
Mar 23 2025 6:40:00 AM, 0.281
Mar 23 2025 6:45:00 AM, 0.624
Mar 23 2025 6:50:00 AM, 1.485
Mar 23 2025 6:55:00 AM, 3.777
Mar 23 2025 7:00:00 AM, 7.901
Mar 23 2025 7:05:00 AM, 14.103
Mar 23 2025 7:10:00 AM, 26.674
Mar 23 2025 7:15:00 AM, 44.567
Mar 23 2025 7:20:00 AM, 65.312
Mar 23 2025 7:25:00 AM, 88.323
Mar 23 2025 7:30:00 AM, 113.834
Mar 23 2025 7:35:00 AM, 140.966
Mar 23 2025 7:40:00 AM, 169.996
Mar 23 2025 7:45:00 AM, 199.352
Mar 23 2025 7:50:00 AM, 230.513
Mar 23 2025 7:55:00 AM, 262.893
Mar 23 2025 8:00:00 AM, 297.05
Mar 23 2025 8:05:00 AM, 332.946
Mar 23 2025 8:10:00 AM, 369.269
Mar 23 2025 8:15:00 AM, 405.807
Mar 23 2025 8:20:00 AM, 442.997
Mar 23 2025 8:25:00 AM, 480.638
Mar 23 2025 8:30:00 AM, 518.96
Mar 23 2025 8:35:00 AM, 557.161
Mar 23 2025 8:40:00 AM, 596.017
Mar 23 2025 8:45:00 AM, 634.495
Mar 23 2025 8:50:00 AM, 673.572
Mar 23 2025 8:55:00 AM, 711.931
Mar 23 2025 9:00:00 AM, 750.06
Mar 23 2025 9:05:00 AM, 788.117
Mar 23 2025 9:10:00 AM, 826.526
Mar 23 2025 9:15:00 AM, 866.494
Mar 23 2025 9:20:00 AM, 903.029
Mar 23 2025 9:25:00 AM, 939.394
Mar 23 2025 9:30:00 AM, 977.341
Mar 23 2025 9:35:00 AM, 1013.396
Mar 23 2025 9:40:00 AM, 1048.545
Mar 23 2025 9:45:00 AM, 1084.612
Mar 23 2025 9:50:00 AM, 1119.486
Mar 23 2025 9:55:00 AM, 1155.058
Mar 23 2025 10:00:00 AM, 1189.477
Mar 23 2025 10:05:00 AM, 1223.821
Mar 23 2025 10:10:00 AM, 1255.436
Mar 23 2025 10:15:00 AM, 1287.148
Mar 23 2025 10:20:00 AM, 1319.829
Mar 23 2025 10:25:00 AM, 1351.727
Mar 23 2025 10:30:00 AM, 1380.564
Mar 23 2025 10:35:00 AM, 1412.035
Mar 23 2025 10:40:00 AM, 1437.203
Mar 23 2025 10:45:00 AM, 1465.953
Mar 23 2025 10:50:00 AM, 1494.963
Mar 23 2025 10:55:00 AM, 1518.846
Mar 23 2025 11:00:00 AM, 1542.545
Mar 23 2025 11:05:00 AM, 1569.242
Mar 23 2025 11:10:00 AM, 1593.018
Mar 23 2025 11:15:00 AM, 1612.482
Mar 23 2025 11:20:00 AM, 1634.989
Mar 23 2025 11:25:00 AM, 1656.017
Mar 23 2025 11:30:00 AM, 1677.144
Mar 23 2025 11:35:00 AM, 1696.629
Mar 23 2025 11:40:00 AM, 1717.425
Mar 23 2025 11:45:00 AM, 1735.968
Mar 23 2025 11:50:00 AM, 1750.309
Mar 23 2025 11:55:00 AM, 1766.274
Mar 23 2025 12:00:00 PM, 1782.099
Mar 23 2025 12:05:00 PM, 1796.571
Mar 23 2025 12:10:00 PM, 1807.154
Mar 23 2025 12:15:00 PM, 1818.613
Mar 23 2025 12:20:00 PM, 1831.127
Mar 23 2025 12:25:00 PM, 1841.725
Mar 23 2025 12:30:00 PM, 1851.228
Mar 23 2025 12:35:00 PM, 1859.302
Mar 23 2025 12:40:00 PM, 1864.762
Mar 23 2025 12:45:00 PM, 1871.08
Mar 23 2025 12:50:00 PM, 1875.231
Mar 23 2025 12:55:00 PM, 1878.42
Mar 23 2025 1:00:00 PM, 1882.682
Mar 23 2025 1:05:00 PM, 1884.178
Mar 23 2025 1:10:00 PM, 1883.156
Mar 23 2025 1:15:00 PM, 1884.133
Mar 23 2025 1:20:00 PM, 1884.026
Mar 23 2025 1:25:00 PM, 1883.114
Mar 23 2025 1:30:00 PM, 1880.363
Mar 23 2025 1:35:00 PM, 1873.64
Mar 23 2025 1:40:00 PM, 1868.04
Mar 23 2025 1:45:00 PM, 1862.485
Mar 23 2025 1:50:00 PM, 1855.541
Mar 23 2025 1:55:00 PM, 1848.511
Mar 23 2025 2:00:00 PM, 1837.964
Mar 23 2025 2:05:00 PM, 1827.148
Mar 23 2025 2:10:00 PM, 1817.224
Mar 23 2025 2:15:00 PM, 1805.574
Mar 23 2025 2:20:00 PM, 1791.949
Mar 23 2025 2:25:00 PM, 1777.232
Mar 23 2025 2:30:00 PM, 1762.629
Mar 23 2025 2:35:00 PM, 1744.733
Mar 23 2025 2:40:00 PM, 1728.72
Mar 23 2025 2:45:00 PM, 1703.096
Mar 23 2025 2:50:00 PM, 1678.417
Mar 23 2025 2:55:00 PM, 1662.631
Mar 23 2025 3:00:00 PM, 1648.245
Mar 23 2025 3:05:00 PM, 1627.801
Mar 23 2025 3:10:00 PM, 1604.048
Mar 23 2025 3:15:00 PM, 1582.981
Mar 23 2025 3:20:00 PM, 1556.209
Mar 23 2025 3:25:00 PM, 1529.828
Mar 23 2025 3:30:00 PM, 1503.006
Mar 23 2025 3:35:00 PM, 1473.657
Mar 23 2025 3:40:00 PM, 1448.283
Mar 23 2025 3:45:00 PM, 1420.993
Mar 23 2025 3:50:00 PM, 1388.7
Mar 23 2025 3:55:00 PM, 1358.221
Mar 23 2025 4:00:00 PM, 1327.277
Mar 23 2025 4:05:00 PM, 1282.597
Mar 23 2025 4:10:00 PM, 1250.113
Mar 23 2025 4:15:00 PM, 1230.619
Mar 23 2025 4:20:00 PM, 1187.212
Mar 23 2025 4:25:00 PM, 1132.146
Mar 23 2025 4:30:00 PM, 1105.294
Mar 23 2025 4:35:00 PM, 1056.287
Mar 23 2025 4:40:00 PM, 1015.971
Mar 23 2025 4:45:00 PM, 931.228
Mar 23 2025 4:50:00 PM, 680.525
Mar 23 2025 4:55:00 PM, 261.057
Mar 23 2025 5:00:00 PM, 167.692
Mar 23 2025 5:05:00 PM, 141.75
Mar 23 2025 5:10:00 PM, 140.271
Mar 23 2025 5:15:00 PM, 139.136
Mar 23 2025 5:20:00 PM, 135.151
Mar 23 2025 5:25:00 PM, 132.463
Mar 23 2025 5:30:00 PM, 128.517
Mar 23 2025 5:35:00 PM, 124.72
Mar 23 2025 5:40:00 PM, 122.637
Mar 23 2025 5:45:00 PM, 120.194
Mar 23 2025 5:50:00 PM, 117.994
Mar 23 2025 5:55:00 PM, 114.916
Mar 23 2025 6:00:00 PM, 111.539
Mar 23 2025 6:05:00 PM, 107.372
Mar 23 2025 6:10:00 PM, 103.546
Mar 23 2025 6:15:00 PM, 99.651
Mar 23 2025 6:20:00 PM, 94.262
Mar 23 2025 6:25:00 PM, 88.806
Mar 23 2025 6:30:00 PM, 83.623
Mar 23 2025 6:35:00 PM, 77.49
Mar 23 2025 6:40:00 PM, 71.193
Mar 23 2025 6:45:00 PM, 63.751
Mar 23 2025 6:50:00 PM, 55.71
Mar 23 2025 6:55:00 PM, 47.53
Mar 23 2025 7:00:00 PM, 39.03
Mar 23 2025 7:05:00 PM, 29.955
Mar 23 2025 7:10:00 PM, 21.643
Mar 23 2025 7:15:00 PM, 13.957
Mar 23 2025 7:20:00 PM, 7.803
Mar 23 2025 7:25:00 PM, 3.836
Mar 23 2025 7:30:00 PM, 1.696
Mar 23 2025 7:35:00 PM, 0.841
Mar 23 2025 7:40:00 PM, 0.364
Mar 23 2025 7:45:00 PM, 0.349
Mar 23 2025 7:50:00 PM, 0.224
Mar 23 2025 7:55:00 PM, 0.269
Mar 23 2025 8:00:00 PM, 0.096
Mar 23 2025 8:05:00 PM, 0.2
Mar 23 2025 8:10:00 PM, 0.314
Mar 23 2025 8:15:00 PM, 0.174
Mar 23 2025 8:20:00 PM, 0.251
Mar 23 2025 8:25:00 PM, 0.141
Mar 23 2025 8:30:00 PM, 0.18
Mar 23 2025 8:35:00 PM, 0.281
Mar 23 2025 8:40:00 PM, 0.224
Mar 23 2025 8:45:00 PM, 0.174
Mar 23 2025 8:50:00 PM, 0.18
Mar 23 2025 8:55:00 PM, 0.215
Mar 23 2025 9:00:00 PM, 0.26
Mar 23 2025 9:05:00 PM, 0.168
Mar 23 2025 9:10:00 PM, 0.254
Mar 23 2025 9:15:00 PM, 0.188
Mar 23 2025 9:20:00 PM, 0.278
Mar 23 2025 9:25:00 PM, 0.254
Mar 23 2025 9:30:00 PM, 0.266
Mar 23 2025 9:35:00 PM, 0.269
Mar 23 2025 9:40:00 PM, 0.287
Mar 23 2025 9:45:00 PM, 0.275
Mar 23 2025 9:50:00 PM, 0.311
Mar 23 2025 9:55:00 PM, 0.2
Mar 23 2025 10:00:00 PM, 0.251
Mar 23 2025 10:05:00 PM, 0.209
Mar 23 2025 10:10:00 PM, 0.29
Mar 23 2025 10:15:00 PM, 0.236
Mar 23 2025 10:20:00 PM, 0.242
Mar 23 2025 10:25:00 PM, 0.224
Mar 23 2025 10:30:00 PM, 0.206
Mar 23 2025 10:35:00 PM, 0.194
Mar 23 2025 10:40:00 PM, 0.275
Mar 23 2025 10:45:00 PM, 0.165
Mar 23 2025 10:50:00 PM, 0.257
Mar 23 2025 10:55:00 PM, 0.174
Mar 23 2025 11:00:00 PM, 0.296
Mar 23 2025 11:05:00 PM, 0.114
Mar 23 2025 11:10:00 PM, 0.215
Mar 23 2025 11:15:00 PM, 0.284
Mar 23 2025 11:20:00 PM, 0.236
Mar 23 2025 11:25:00 PM, 0.209
Mar 23 2025 11:30:00 PM, 0.194
Mar 23 2025 11:35:00 PM, 0.186
Mar 23 2025 11:40:00 PM, 0.248
Mar 23 2025 11:45:00 PM, 0.182
Mar 23 2025 11:50:00 PM, 0.186
Mar 23 2025 11:55:00 PM, 0.153
Mar 24 2025 12:00:00 AM, 0.126
Mar 24 2025 12:05:00 AM, 0.245
Mar 24 2025 12:10:00 AM, 0.314
Mar 24 2025 12:15:00 AM, 0.186
Mar 24 2025 12:20:00 AM, 0.296
Mar 24 2025 12:25:00 AM, 0.209
Mar 24 2025 12:30:00 AM, 0.206
Mar 24 2025 12:35:00 AM, 0.317
Mar 24 2025 12:40:00 AM, 0.174
Mar 24 2025 12:45:00 AM, 0.257
Mar 24 2025 12:50:00 AM, 0.126
Mar 24 2025 12:55:00 AM, 0.257
Mar 24 2025 1:00:00 AM, 0.311
Mar 24 2025 1:05:00 AM, 0.269
Mar 24 2025 1:10:00 AM, 0.275
Mar 24 2025 1:15:00 AM, 0.287
Mar 24 2025 1:20:00 AM, 0.233
Mar 24 2025 1:25:00 AM, 0.269
Mar 24 2025 1:30:00 AM, 0.227
Mar 24 2025 1:35:00 AM, 0.23
Mar 24 2025 1:40:00 AM, 0.188
Mar 24 2025 1:45:00 AM, 0.18
Mar 24 2025 1:50:00 AM, 0.236
Mar 24 2025 1:55:00 AM, 0.215
Mar 24 2025 2:00:00 AM, 0.272
Mar 24 2025 2:05:00 AM, 0.266
Mar 24 2025 2:10:00 AM, 0.305
Mar 24 2025 2:15:00 AM, 0.215
Mar 24 2025 2:20:00 AM, 0.287
Mar 24 2025 2:25:00 AM, 0.338
Mar 24 2025 2:30:00 AM, 0.278
Mar 24 2025 2:35:00 AM, 0.251
Mar 24 2025 2:40:00 AM, 0.233
Mar 24 2025 2:45:00 AM, 0.188
Mar 24 2025 2:50:00 AM, 0.266
Mar 24 2025 2:55:00 AM, 0.257
Mar 24 2025 3:00:00 AM, 0.254
Mar 24 2025 3:05:00 AM, 0.272
Mar 24 2025 3:10:00 AM, 0.126
Mar 24 2025 3:15:00 AM, 0.23
Mar 24 2025 3:20:00 AM, 0.29
Mar 24 2025 3:25:00 AM, 0.257
Mar 24 2025 3:30:00 AM, 0.221
Mar 24 2025 3:35:00 AM, 0.182
Mar 24 2025 3:40:00 AM, 0.2
Mar 24 2025 3:45:00 AM, 0.251
Mar 24 2025 3:50:00 AM, 0.248
Mar 24 2025 3:55:00 AM, 0.239
Mar 24 2025 4:00:00 AM, 0.177
Mar 24 2025 4:05:00 AM, 0.153
Mar 24 2025 4:10:00 AM, 0.192
Mar 24 2025 4:15:00 AM, 0.332
Mar 24 2025 4:20:00 AM, 0.338
Mar 24 2025 4:25:00 AM, 0.251
Mar 24 2025 4:30:00 AM, 0.239
Mar 24 2025 4:35:00 AM, 0.239
Mar 24 2025 4:40:00 AM, 0.075
Mar 24 2025 4:45:00 AM, 0.257
Mar 24 2025 4:50:00 AM, 0.2
Mar 24 2025 4:55:00 AM, 0.248
Mar 24 2025 5:00:00 AM, 0.162
Mar 24 2025 5:05:00 AM, 0.188
Mar 24 2025 5:10:00 AM, 0.248
Mar 24 2025 5:15:00 AM, 0.188
Mar 24 2025 5:20:00 AM, 0.302
Mar 24 2025 5:25:00 AM, 0.159
Mar 24 2025 5:30:00 AM, 0.206
Mar 24 2025 5:35:00 AM, 0.227
Mar 24 2025 5:40:00 AM, 0.239
Mar 24 2025 5:45:00 AM, 0.373
Mar 24 2025 5:50:00 AM, 0.272
Mar 24 2025 5:55:00 AM, 0.168
Mar 24 2025 6:00:00 AM, 0.233
Mar 24 2025 6:05:00 AM, 0.302
Mar 24 2025 6:10:00 AM, 0.18
Mar 24 2025 6:15:00 AM, 0.242
Mar 24 2025 6:20:00 AM, 0.236
Mar 24 2025 6:25:00 AM, 0.182
Mar 24 2025 6:30:00 AM, 0.248
Mar 24 2025 6:35:00 AM, 0.394
Mar 24 2025 6:40:00 AM, 0.403
Mar 24 2025 6:45:00 AM, 0.904
Mar 24 2025 6:50:00 AM, 2.23
Mar 24 2025 6:55:00 AM, 4.873
Mar 24 2025 7:00:00 AM, 9.466
Mar 24 2025 7:05:00 AM, 16.806
Mar 24 2025 7:10:00 AM, 29.466
Mar 24 2025 7:15:00 AM, 42.839
Mar 24 2025 7:20:00 AM, 36.914
Mar 24 2025 7:25:00 AM, 47.72
Mar 24 2025 7:30:00 AM, 54.077
Mar 24 2025 7:35:00 AM, 67.837
Mar 24 2025 7:40:00 AM, 85.793
Mar 24 2025 7:45:00 AM, 109.071
Mar 24 2025 7:50:00 AM, 114.656
Mar 24 2025 7:55:00 AM, 127.736
Mar 24 2025 8:00:00 AM, 155.146
Mar 24 2025 8:05:00 AM, 176.749
Mar 24 2025 8:10:00 AM, 194.372
Mar 24 2025 8:15:00 AM, 210.277
Mar 24 2025 8:20:00 AM, 204.433
Mar 24 2025 8:25:00 AM, 240.726
Mar 24 2025 8:30:00 AM, 313.772
Mar 24 2025 8:35:00 AM, 430.492
Mar 24 2025 8:40:00 AM, 492.434
Mar 24 2025 8:45:00 AM, 602.774
Mar 24 2025 8:50:00 AM, 548.858
Mar 24 2025 8:55:00 AM, 564.296
Mar 24 2025 9:00:00 AM, 573.201
Mar 24 2025 9:05:00 AM, 684.474
Mar 24 2025 9:10:00 AM, 831.93
Mar 24 2025 9:15:00 AM, 862.382
Mar 24 2025 9:20:00 AM, 897.194
Mar 24 2025 9:25:00 AM, 932.313
Mar 24 2025 9:30:00 AM, 968.186
Mar 24 2025 9:35:00 AM, 1003.031
Mar 24 2025 9:40:00 AM, 1039.601
Mar 24 2025 9:45:00 AM, 1075.471
Mar 24 2025 9:50:00 AM, 1111.848
Mar 24 2025 9:55:00 AM, 1149.581
Mar 24 2025 10:00:00 AM, 1190.15
Mar 24 2025 10:05:00 AM, 1228.506
Mar 24 2025 10:10:00 AM, 1265.118
Mar 24 2025 10:15:00 AM, 1299.468
Mar 24 2025 10:20:00 AM, 1328.791
Mar 24 2025 10:25:00 AM, 1361.544
Mar 24 2025 10:30:00 AM, 1391.644
Mar 24 2025 10:35:00 AM, 1419.813
Mar 24 2025 10:40:00 AM, 1449.532
Mar 24 2025 10:45:00 AM, 1477.269
Mar 24 2025 10:50:00 AM, 1506.297
Mar 24 2025 10:55:00 AM, 1531.751
Mar 24 2025 11:00:00 AM, 1559.905
Mar 24 2025 11:05:00 AM, 1583.428
Mar 24 2025 11:10:00 AM, 1606.033
Mar 24 2025 11:15:00 AM, 1630.93
Mar 24 2025 11:20:00 AM, 1653.246
Mar 24 2025 11:25:00 AM, 1675.16
Mar 24 2025 11:30:00 AM, 1696.868
Mar 24 2025 11:35:00 AM, 1716.394
Mar 24 2025 11:40:00 AM, 1735.912
Mar 24 2025 11:45:00 AM, 1752.201
Mar 24 2025 11:50:00 AM, 1768.828
Mar 24 2025 11:55:00 AM, 1783.288
Mar 24 2025 12:00:00 PM, 1798.026
Mar 24 2025 12:05:00 PM, 1811.103
Mar 24 2025 12:10:00 PM, 1827.145
Mar 24 2025 12:15:00 PM, 1837.171
Mar 24 2025 12:20:00 PM, 1849.113
Mar 24 2025 12:25:00 PM, 1859.236
Mar 24 2025 12:30:00 PM, 1867.855
Mar 24 2025 12:35:00 PM, 1876.745
Mar 24 2025 12:40:00 PM, 1882.089
Mar 24 2025 12:45:00 PM, 1888.091
Mar 24 2025 12:50:00 PM, 1893.223
Mar 24 2025 12:55:00 PM, 1895.658
Mar 24 2025 1:00:00 PM, 1898.477
Mar 24 2025 1:05:00 PM, 1901.878
Mar 24 2025 1:10:00 PM, 1901.511
Mar 24 2025 1:15:00 PM, 1902.405
Mar 24 2025 1:20:00 PM, 1901.162
Mar 24 2025 1:25:00 PM, 1899.771
Mar 24 2025 1:30:00 PM, 1894.561
Mar 24 2025 1:35:00 PM, 1891.509
Mar 24 2025 1:40:00 PM, 1885.15
Mar 24 2025 1:45:00 PM, 1880.498
Mar 24 2025 1:50:00 PM, 1872.048
Mar 24 2025 1:55:00 PM, 1865.418
Mar 24 2025 2:00:00 PM, 1855.16
Mar 24 2025 2:05:00 PM, 1843.414
Mar 24 2025 2:10:00 PM, 1832.942
Mar 24 2025 2:15:00 PM, 1822.323
Mar 24 2025 2:20:00 PM, 1810.024
Mar 24 2025 2:25:00 PM, 1794.285
Mar 24 2025 2:30:00 PM, 1779.19
Mar 24 2025 2:35:00 PM, 1763.565
Mar 24 2025 2:40:00 PM, 1747.35
Mar 24 2025 2:45:00 PM, 1729.17
Mar 24 2025 2:50:00 PM, 1709.715
Mar 24 2025 2:55:00 PM, 1692.57
Mar 24 2025 3:00:00 PM, 1670.603
Mar 24 2025 3:05:00 PM, 1647.986
Mar 24 2025 3:10:00 PM, 1626.826
Mar 24 2025 3:15:00 PM, 1604.835
Mar 24 2025 3:20:00 PM, 1580.594
Mar 24 2025 3:25:00 PM, 1554.394
Mar 24 2025 3:30:00 PM, 1529.346
Mar 24 2025 3:35:00 PM, 1502.419
Mar 24 2025 3:40:00 PM, 1474.688
Mar 24 2025 3:45:00 PM, 1445.023
Mar 24 2025 3:50:00 PM, 1414.839
Mar 24 2025 3:55:00 PM, 1385.362
Mar 24 2025 4:00:00 PM, 1354.597
Mar 24 2025 4:05:00 PM, 1322.69
Mar 24 2025 4:10:00 PM, 1290.185
Mar 24 2025 4:15:00 PM, 1257.373
Mar 24 2025 4:20:00 PM, 1224.611
Mar 24 2025 4:25:00 PM, 1189.593
Mar 24 2025 4:30:00 PM, 1134.301
Mar 24 2025 4:35:00 PM, 1105.726
Mar 24 2025 4:40:00 PM, 1030.336
Mar 24 2025 4:45:00 PM, 1001.013
Mar 24 2025 4:50:00 PM, 645.266
Mar 24 2025 4:55:00 PM, 291.754
Mar 24 2025 5:00:00 PM, 178.725
Mar 24 2025 5:05:00 PM, 130.359
Mar 24 2025 5:10:00 PM, 128.514
Mar 24 2025 5:15:00 PM, 126.637
Mar 24 2025 5:20:00 PM, 124.855
Mar 24 2025 5:25:00 PM, 122.995
Mar 24 2025 5:30:00 PM, 121.183
Mar 24 2025 5:35:00 PM, 119.13
Mar 24 2025 5:40:00 PM, 117.526
Mar 24 2025 5:45:00 PM, 115.759
Mar 24 2025 5:50:00 PM, 112.889
Mar 24 2025 5:55:00 PM, 110.421
Mar 24 2025 6:00:00 PM, 107.492
Mar 24 2025 6:05:00 PM, 104.556
Mar 24 2025 6:10:00 PM, 101.394
Mar 24 2025 6:15:00 PM, 98.003
Mar 24 2025 6:20:00 PM, 93.807
Mar 24 2025 6:25:00 PM, 89.333
Mar 24 2025 6:30:00 PM, 84.022
Mar 24 2025 6:35:00 PM, 78.154
Mar 24 2025 6:40:00 PM, 71.804
Mar 24 2025 6:45:00 PM, 64.588
Mar 24 2025 6:50:00 PM, 56.968
Mar 24 2025 6:55:00 PM, 48.868
Mar 24 2025 7:00:00 PM, 40.124
Mar 24 2025 7:05:00 PM, 31.353
Mar 24 2025 7:10:00 PM, 22.996
Mar 24 2025 7:15:00 PM, 15.015
Mar 24 2025 7:20:00 PM, 8.798
Mar 24 2025 7:25:00 PM, 4.239
Mar 24 2025 7:30:00 PM, 1.786
Mar 24 2025 7:35:00 PM, 0.695
Mar 24 2025 7:40:00 PM, 0.427
Mar 24 2025 7:45:00 PM, 0.284
Mar 24 2025 7:50:00 PM, 0.156
Mar 24 2025 7:55:00 PM, 0.251
Mar 24 2025 8:00:00 PM, 0.251
Mar 24 2025 8:05:00 PM, 0.209
Mar 24 2025 8:10:00 PM, 0.224
Mar 24 2025 8:15:00 PM, 0.266
Mar 24 2025 8:20:00 PM, 0.352
Mar 24 2025 8:25:00 PM, 0.197
Mar 24 2025 8:30:00 PM, 0.168
Mar 24 2025 8:35:00 PM, 0.212
Mar 24 2025 8:40:00 PM, 0.123
Mar 24 2025 8:45:00 PM, 0.182
Mar 24 2025 8:50:00 PM, 0.153
Mar 24 2025 8:55:00 PM, 0.245
Mar 24 2025 9:00:00 PM, 0.203
Mar 24 2025 9:05:00 PM, 0.132
Mar 24 2025 9:10:00 PM, 0.263
Mar 24 2025 9:15:00 PM, 0.302
Mar 24 2025 9:20:00 PM, 0.221
Mar 24 2025 9:25:00 PM, 0.177
Mar 24 2025 9:30:00 PM, 0.18
Mar 24 2025 9:35:00 PM, 0.081
Mar 24 2025 9:40:00 PM, 0.251
Mar 24 2025 9:45:00 PM, 0.352
Mar 24 2025 9:50:00 PM, 0.278
Mar 24 2025 9:55:00 PM, 0.218
Mar 24 2025 10:00:00 PM, 0.206
Mar 24 2025 10:05:00 PM, 0.26
Mar 24 2025 10:10:00 PM, 0.242
Mar 24 2025 10:15:00 PM, 0.215
Mar 24 2025 10:20:00 PM, 0.248
Mar 24 2025 10:25:00 PM, 0.168
Mar 24 2025 10:30:00 PM, 0.171
Mar 24 2025 10:35:00 PM, 0.32
Mar 24 2025 10:40:00 PM, 0.2
Mar 24 2025 10:45:00 PM, 0.245
Mar 24 2025 10:50:00 PM, 0.224
Mar 24 2025 10:55:00 PM, 0.197
Mar 24 2025 11:00:00 PM, 0.242
Mar 24 2025 11:05:00 PM, 0.266
Mar 24 2025 11:10:00 PM, 0.251
Mar 24 2025 11:15:00 PM, 0.269
Mar 24 2025 11:20:00 PM, 0.233
Mar 24 2025 11:25:00 PM, 0.305
Mar 24 2025 11:30:00 PM, 0.257
Mar 24 2025 11:35:00 PM, 0.326
Mar 24 2025 11:40:00 PM, 0.248
Mar 24 2025 11:45:00 PM, 0.269
Mar 24 2025 11:50:00 PM, 0.096
Mar 24 2025 11:55:00 PM, 0.26
Mar 25 2025 12:00:00 AM, 0.254
Mar 25 2025 12:05:00 AM, 0.105
Mar 25 2025 12:10:00 AM, 0.159
Mar 25 2025 12:15:00 AM, 0.314
Mar 25 2025 12:20:00 AM, 0.174
Mar 25 2025 12:25:00 AM, 0.138
Mar 25 2025 12:30:00 AM, 0.215
Mar 25 2025 12:35:00 AM, 0.215
Mar 25 2025 12:40:00 AM, 0.081
Mar 25 2025 12:45:00 AM, 0.233
Mar 25 2025 12:50:00 AM, 0.236
Mar 25 2025 12:55:00 AM, 0.123
Mar 25 2025 1:00:00 AM, 0.144
Mar 25 2025 1:05:00 AM, 0.233
Mar 25 2025 1:10:00 AM, 0.159
Mar 25 2025 1:15:00 AM, 0.221
Mar 25 2025 1:20:00 AM, 0.257
Mar 25 2025 1:25:00 AM, 0.236
Mar 25 2025 1:30:00 AM, 0.218
Mar 25 2025 1:35:00 AM, 0.242
Mar 25 2025 1:40:00 AM, 0.254
Mar 25 2025 1:45:00 AM, 0.221
Mar 25 2025 1:50:00 AM, 0.314
Mar 25 2025 1:55:00 AM, 0.153
Mar 25 2025 2:00:00 AM, 0.212
Mar 25 2025 2:05:00 AM, 0.197
Mar 25 2025 2:10:00 AM, 0.257
Mar 25 2025 2:15:00 AM, 0.263
Mar 25 2025 2:20:00 AM, 0.206
Mar 25 2025 2:25:00 AM, 0.2
Mar 25 2025 2:30:00 AM, 0.245
Mar 25 2025 2:35:00 AM, 0.272
Mar 25 2025 2:40:00 AM, 0.266
Mar 25 2025 2:45:00 AM, 0.156
Mar 25 2025 2:50:00 AM, 0.156
Mar 25 2025 2:55:00 AM, 0.093
Mar 25 2025 3:00:00 AM, 0.326
Mar 25 2025 3:05:00 AM, 0.278
Mar 25 2025 3:10:00 AM, 0.194
Mar 25 2025 3:15:00 AM, 0.236
Mar 25 2025 3:20:00 AM, 0.126
Mar 25 2025 3:25:00 AM, 0.135
Mar 25 2025 3:30:00 AM, 0.197
Mar 25 2025 3:35:00 AM, 0.186
Mar 25 2025 3:40:00 AM, 0.215
Mar 25 2025 3:45:00 AM, 0.188
Mar 25 2025 3:50:00 AM, 0.186
Mar 25 2025 3:55:00 AM, 0.239
Mar 25 2025 4:00:00 AM, 0.206
Mar 25 2025 4:05:00 AM, 0.349
Mar 25 2025 4:10:00 AM, 0.197
Mar 25 2025 4:15:00 AM, 0.266
Mar 25 2025 4:20:00 AM, 0.242
Mar 25 2025 4:25:00 AM, 0.254
Mar 25 2025 4:30:00 AM, 0.233
Mar 25 2025 4:35:00 AM, 0.218
Mar 25 2025 4:40:00 AM, 0.227
Mar 25 2025 4:45:00 AM, 0.182
Mar 25 2025 4:50:00 AM, 0.18
Mar 25 2025 4:55:00 AM, 0.18
Mar 25 2025 5:00:00 AM, 0.287
Mar 25 2025 5:05:00 AM, 0.263
Mar 25 2025 5:10:00 AM, 0.138
Mar 25 2025 5:15:00 AM, 0.29
Mar 25 2025 5:20:00 AM, 0.168
Mar 25 2025 5:25:00 AM, 0.174
Mar 25 2025 5:30:00 AM, 0.203
Mar 25 2025 5:35:00 AM, 0.209
Mar 25 2025 5:40:00 AM, 0.227
Mar 25 2025 5:45:00 AM, 0.138
Mar 25 2025 5:50:00 AM, 0.159
Mar 25 2025 5:55:00 AM, 0.186
Mar 25 2025 6:00:00 AM, 0.12
Mar 25 2025 6:05:00 AM, 0.171
Mar 25 2025 6:10:00 AM, 0.305
Mar 25 2025 6:15:00 AM, 0.147
Mar 25 2025 6:20:00 AM, 0.153
Mar 25 2025 6:25:00 AM, 0.188
Mar 25 2025 6:30:00 AM, 0.275
Mar 25 2025 6:35:00 AM, 0.415
Mar 25 2025 6:40:00 AM, 0.364
Mar 25 2025 6:45:00 AM, 0.859
Mar 25 2025 6:50:00 AM, 1.783
Mar 25 2025 6:55:00 AM, 4.087
Mar 25 2025 7:00:00 AM, 7.377
Mar 25 2025 7:05:00 AM, 12.929
Mar 25 2025 7:10:00 AM, 21.02
Mar 25 2025 7:15:00 AM, 29.89
Mar 25 2025 7:20:00 AM, 45.321
Mar 25 2025 7:25:00 AM, 71.872
Mar 25 2025 7:30:00 AM, 81.608
Mar 25 2025 7:35:00 AM, 96.22
Mar 25 2025 7:40:00 AM, 103.76
Mar 25 2025 7:45:00 AM, 122.554
Mar 25 2025 7:50:00 AM, 139.097
Mar 25 2025 7:55:00 AM, 149.579
Mar 25 2025 8:00:00 AM, 182.656
Mar 25 2025 8:05:00 AM, 170.676
Mar 25 2025 8:10:00 AM, 186.849
Mar 25 2025 8:15:00 AM, 198.094
Mar 25 2025 8:20:00 AM, 198.064
Mar 25 2025 8:25:00 AM, 189.734
Mar 25 2025 8:30:00 AM, 203.595
Mar 25 2025 8:35:00 AM, 203.217
Mar 25 2025 8:40:00 AM, 226.242
Mar 25 2025 8:45:00 AM, 207.863
Mar 25 2025 8:50:00 AM, 211.913
Mar 25 2025 8:55:00 AM, 228.287
Mar 25 2025 9:00:00 AM, 267.271
Mar 25 2025 9:05:00 AM, 259.665
Mar 25 2025 9:10:00 AM, 243.45
Mar 25 2025 9:15:00 AM, 211.547
Mar 25 2025 9:20:00 AM, 235.344
Mar 25 2025 9:25:00 AM, 243.98
Mar 25 2025 9:30:00 AM, 272.039
Mar 25 2025 9:35:00 AM, 274.471
Mar 25 2025 9:40:00 AM, 270.409
Mar 25 2025 9:45:00 AM, 271.539
Mar 25 2025 9:50:00 AM, 264.726
Mar 25 2025 9:55:00 AM, 268.976
Mar 25 2025 10:00:00 AM, 310.133
Mar 25 2025 10:05:00 AM, 338.934
Mar 25 2025 10:10:00 AM, 372.22
Mar 25 2025 10:15:00 AM, 355.134
Mar 25 2025 10:20:00 AM, 286.902
Mar 25 2025 10:25:00 AM, 410.501
Mar 25 2025 10:30:00 AM, 423.519
Mar 25 2025 10:35:00 AM, 432.415
Mar 25 2025 10:40:00 AM, 443.084
Mar 25 2025 10:45:00 AM, 537.995
Mar 25 2025 10:50:00 AM, 544.132
Mar 25 2025 10:55:00 AM, 487.334
Mar 25 2025 11:00:00 AM, 528.59
Mar 25 2025 11:05:00 AM, 554.84
Mar 25 2025 11:10:00 AM, 584.788
Mar 25 2025 11:15:00 AM, 531.016
Mar 25 2025 11:20:00 AM, 537.396
Mar 25 2025 11:25:00 AM, 577.102
Mar 25 2025 11:30:00 AM, 556.777
Mar 25 2025 11:35:00 AM, 582.547
Mar 25 2025 11:40:00 AM, 522.76
Mar 25 2025 11:45:00 AM, 529.606
Mar 25 2025 11:50:00 AM, 580.997
Mar 25 2025 11:55:00 AM, 603.167
Mar 25 2025 12:00:00 PM, 608.522
Mar 25 2025 12:05:00 PM, 644.84
Mar 25 2025 12:10:00 PM, 666.011
Mar 25 2025 12:15:00 PM, 652.365
Mar 25 2025 12:20:00 PM, 700.728
Mar 25 2025 12:25:00 PM, 769.082
Mar 25 2025 12:30:00 PM, 696.997
Mar 25 2025 12:35:00 PM, 642.992
Mar 25 2025 12:40:00 PM, 646.073
Mar 25 2025 12:45:00 PM, 602.398
Mar 25 2025 12:50:00 PM, 628.714
Mar 25 2025 12:55:00 PM, 650.568
Mar 25 2025 1:00:00 PM, 676.221
Mar 25 2025 1:05:00 PM, 717.93
Mar 25 2025 1:10:00 PM, 734.258
Mar 25 2025 1:15:00 PM, 727.943
Mar 25 2025 1:20:00 PM, 729.13
Mar 25 2025 1:25:00 PM, 877.801
Mar 25 2025 1:30:00 PM, 830.395
Mar 25 2025 1:35:00 PM, 881.396
Mar 25 2025 1:40:00 PM, 784.708
Mar 25 2025 1:45:00 PM, 854.597
Mar 25 2025 1:50:00 PM, 773.869
Mar 25 2025 1:55:00 PM, 814.695
Mar 25 2025 2:00:00 PM, 779.478
Mar 25 2025 2:05:00 PM, 675.235
Mar 25 2025 2:10:00 PM, 642.709
Mar 25 2025 2:15:00 PM, 619.189
Mar 25 2025 2:20:00 PM, 624.464
Mar 25 2025 2:25:00 PM, 649.37
Mar 25 2025 2:30:00 PM, 617.219
Mar 25 2025 2:35:00 PM, 566.185
Mar 25 2025 2:40:00 PM, 582.994
Mar 25 2025 2:45:00 PM, 647.528
Mar 25 2025 2:50:00 PM, 784.916
Mar 25 2025 2:55:00 PM, 752.328
Mar 25 2025 3:00:00 PM, 1012.314
Mar 25 2025 3:05:00 PM, 1050.756
Mar 25 2025 3:10:00 PM, 1035.584
Mar 25 2025 3:15:00 PM, 1087.174
Mar 25 2025 3:20:00 PM, 1670.51
Mar 25 2025 3:25:00 PM, 1583.499
Mar 25 2025 3:30:00 PM, 1536.328
Mar 25 2025 3:35:00 PM, 1511.604
Mar 25 2025 3:40:00 PM, 1487.914
Mar 25 2025 3:45:00 PM, 1468.772
Mar 25 2025 3:50:00 PM, 1448.48
Mar 25 2025 3:55:00 PM, 799.013
Mar 25 2025 4:00:00 PM, 387.336
Mar 25 2025 4:05:00 PM, 452.165
Mar 25 2025 4:10:00 PM, 428.064
Mar 25 2025 4:15:00 PM, 390.849
Mar 25 2025 4:20:00 PM, 390.468
Mar 25 2025 4:25:00 PM, 359.369
Mar 25 2025 4:30:00 PM, 346.682
Mar 25 2025 4:35:00 PM, 342.713
Mar 25 2025 4:40:00 PM, 293.911
Mar 25 2025 4:45:00 PM, 262.062
Mar 25 2025 4:50:00 PM, 262.044
Mar 25 2025 4:55:00 PM, 226.281
Mar 25 2025 5:00:00 PM, 221.799
Mar 25 2025 5:05:00 PM, 209.076
Mar 25 2025 5:10:00 PM, 198.907
Mar 25 2025 5:15:00 PM, 179.527
Mar 25 2025 5:20:00 PM, 157.685
Mar 25 2025 5:25:00 PM, 153.507
Mar 25 2025 5:30:00 PM, 136.099
Mar 25 2025 5:35:00 PM, 123.314
Mar 25 2025 5:40:00 PM, 110.618
Mar 25 2025 5:45:00 PM, 120.444
Mar 25 2025 5:50:00 PM, 109.578
Mar 25 2025 5:55:00 PM, 97.535
Mar 25 2025 6:00:00 PM, 92.519
Mar 25 2025 6:05:00 PM, 72.915
Mar 25 2025 6:10:00 PM, 59.385
Mar 25 2025 6:15:00 PM, 53.314
Mar 25 2025 6:20:00 PM, 48.882
Mar 25 2025 6:25:00 PM, 43.73
Mar 25 2025 6:30:00 PM, 40.174
Mar 25 2025 6:35:00 PM, 36.938
Mar 25 2025 6:40:00 PM, 32.092
Mar 25 2025 6:45:00 PM, 27.034
Mar 25 2025 6:50:00 PM, 26.954
Mar 25 2025 6:55:00 PM, 22.99
Mar 25 2025 7:00:00 PM, 15.868
Mar 25 2025 7:05:00 PM, 10.879
Mar 25 2025 7:10:00 PM, 7.088
Mar 25 2025 7:15:00 PM, 4.414
Mar 25 2025 7:20:00 PM, 2.635
Mar 25 2025 7:25:00 PM, 1.437
Mar 25 2025 7:30:00 PM, 0.695
Mar 25 2025 7:35:00 PM, 0.346
Mar 25 2025 7:40:00 PM, 0.373
Mar 25 2025 7:45:00 PM, 0.254
Mar 25 2025 7:50:00 PM, 0.296
Mar 25 2025 7:55:00 PM, 0.132
Mar 25 2025 8:00:00 PM, 0.281
Mar 25 2025 8:05:00 PM, 0.212
Mar 25 2025 8:10:00 PM, 0.257
Mar 25 2025 8:15:00 PM, 0.296
Mar 25 2025 8:20:00 PM, 0.233
Mar 25 2025 8:25:00 PM, 0.308
Mar 25 2025 8:30:00 PM, 0.159
Mar 25 2025 8:35:00 PM, 0.203
Mar 25 2025 8:40:00 PM, 0.215
Mar 25 2025 8:45:00 PM, 0.263
Mar 25 2025 8:50:00 PM, 0.242
Mar 25 2025 8:55:00 PM, 0.338
Mar 25 2025 9:00:00 PM, 0.23
Mar 25 2025 9:05:00 PM, 0.174
Mar 25 2025 9:10:00 PM, 0.215
Mar 25 2025 9:15:00 PM, 0.227
Mar 25 2025 9:20:00 PM, 0.311
Mar 25 2025 9:25:00 PM, 0.159
Mar 25 2025 9:30:00 PM, 0.227
Mar 25 2025 9:35:00 PM, 0.192
Mar 25 2025 9:40:00 PM, 0.168
Mar 25 2025 9:45:00 PM, 0.174
Mar 25 2025 9:50:00 PM, 0.266
Mar 25 2025 9:55:00 PM, 0.18
Mar 25 2025 10:00:00 PM, 0.218
Mar 25 2025 10:05:00 PM, 0.251
Mar 25 2025 10:10:00 PM, 0.242
Mar 25 2025 10:15:00 PM, 0.182
Mar 25 2025 10:20:00 PM, 0.266
Mar 25 2025 10:25:00 PM, 0.314
Mar 25 2025 10:30:00 PM, 0.242
Mar 25 2025 10:35:00 PM, 0.272
Mar 25 2025 10:40:00 PM, 0.233
Mar 25 2025 10:45:00 PM, 0.096
Mar 25 2025 10:50:00 PM, 0.269
Mar 25 2025 10:55:00 PM, 0.111
Mar 25 2025 11:00:00 PM, 0.248
Mar 25 2025 11:05:00 PM, 0.2
Mar 25 2025 11:10:00 PM, 0.215
Mar 25 2025 11:15:00 PM, 0.299
Mar 25 2025 11:20:00 PM, 0.18
Mar 25 2025 11:25:00 PM, 0.153
Mar 25 2025 11:30:00 PM, 0.23
Mar 25 2025 11:35:00 PM, 0.227
Mar 25 2025 11:40:00 PM, 0.218
Mar 25 2025 11:45:00 PM, 0.242
Mar 25 2025 11:50:00 PM, 0.266
Mar 25 2025 11:55:00 PM, 0.159
Mar 26 2025 12:00:00 AM, 0.206
Mar 26 2025 12:05:00 AM, 0.159
Mar 26 2025 12:10:00 AM, 0.251
Mar 26 2025 12:15:00 AM, 0.239
Mar 26 2025 12:20:00 AM, 0.227
Mar 26 2025 12:25:00 AM, 0.296
Mar 26 2025 12:30:00 AM, 0.287
Mar 26 2025 12:35:00 AM, 0.317
Mar 26 2025 12:40:00 AM, 0.2
Mar 26 2025 12:45:00 AM, 0.272
Mar 26 2025 12:50:00 AM, 0.203
Mar 26 2025 12:55:00 AM, 0.242
Mar 26 2025 1:00:00 AM, 0.266
Mar 26 2025 1:05:00 AM, 0.2
Mar 26 2025 1:10:00 AM, 0.192
Mar 26 2025 1:15:00 AM, 0.248
Mar 26 2025 1:20:00 AM, 0.162
Mar 26 2025 1:25:00 AM, 0.141
Mar 26 2025 1:30:00 AM, 0.156
Mar 26 2025 1:35:00 AM, 0.26
Mar 26 2025 1:40:00 AM, 0.245
Mar 26 2025 1:45:00 AM, 0.221
Mar 26 2025 1:50:00 AM, 0.218
Mar 26 2025 1:55:00 AM, 0.323
Mar 26 2025 2:00:00 AM, 0.224
Mar 26 2025 2:05:00 AM, 0.263
Mar 26 2025 2:10:00 AM, 0.23
Mar 26 2025 2:15:00 AM, 0.332
Mar 26 2025 2:20:00 AM, 0.203
Mar 26 2025 2:25:00 AM, 0.334
Mar 26 2025 2:30:00 AM, 0.281
Mar 26 2025 2:35:00 AM, 0.236
Mar 26 2025 2:40:00 AM, 0.323
Mar 26 2025 2:45:00 AM, 0.254
Mar 26 2025 2:50:00 AM, 0.227
Mar 26 2025 2:55:00 AM, 0.203
Mar 26 2025 3:00:00 AM, 0.203
Mar 26 2025 3:05:00 AM, 0.188
Mar 26 2025 3:10:00 AM, 0.156
Mar 26 2025 3:15:00 AM, 0.188
Mar 26 2025 3:20:00 AM, 0.203
Mar 26 2025 3:25:00 AM, 0.129
Mar 26 2025 3:30:00 AM, 0.26
Mar 26 2025 3:35:00 AM, 0.254
Mar 26 2025 3:40:00 AM, 0.212
Mar 26 2025 3:45:00 AM, 0.192
Mar 26 2025 3:50:00 AM, 0.269
Mar 26 2025 3:55:00 AM, 0.275
Mar 26 2025 4:00:00 AM, 0.188
Mar 26 2025 4:05:00 AM, 0.257
Mar 26 2025 4:10:00 AM, 0.233
Mar 26 2025 4:15:00 AM, 0.227
Mar 26 2025 4:20:00 AM, 0.135
Mar 26 2025 4:25:00 AM, 0.153
Mar 26 2025 4:30:00 AM, 0.192
Mar 26 2025 4:35:00 AM, 0.215
Mar 26 2025 4:40:00 AM, 0.311
Mar 26 2025 4:45:00 AM, 0.147
Mar 26 2025 4:50:00 AM, 0.188
Mar 26 2025 4:55:00 AM, 0.23
Mar 26 2025 5:00:00 AM, 0.245
Mar 26 2025 5:05:00 AM, 0.224
Mar 26 2025 5:10:00 AM, 0.272
Mar 26 2025 5:15:00 AM, 0.248
Mar 26 2025 5:20:00 AM, 0.123
Mar 26 2025 5:25:00 AM, 0.269
Mar 26 2025 5:30:00 AM, 0.281
Mar 26 2025 5:35:00 AM, 0.32
Mar 26 2025 5:40:00 AM, 0.299
Mar 26 2025 5:45:00 AM, 0.221
Mar 26 2025 5:50:00 AM, 0.218
Mar 26 2025 5:55:00 AM, 0.138
Mar 26 2025 6:00:00 AM, 0.224
Mar 26 2025 6:05:00 AM, 0.248
Mar 26 2025 6:10:00 AM, 0.188
Mar 26 2025 6:15:00 AM, 0.174
Mar 26 2025 6:20:00 AM, 0.263
Mar 26 2025 6:25:00 AM, 0.168
Mar 26 2025 6:30:00 AM, 0.221
Mar 26 2025 6:35:00 AM, 0.332
Mar 26 2025 6:40:00 AM, 0.334
Mar 26 2025 6:45:00 AM, 0.498
Mar 26 2025 6:50:00 AM, 0.871
Mar 26 2025 6:55:00 AM, 1.777
Mar 26 2025 7:00:00 AM, 3.511
Mar 26 2025 7:05:00 AM, 6.486
Mar 26 2025 7:10:00 AM, 8.664
Mar 26 2025 7:15:00 AM, 10.801
Mar 26 2025 7:20:00 AM, 12.825
Mar 26 2025 7:25:00 AM, 16.932
Mar 26 2025 7:30:00 AM, 22.391
Mar 26 2025 7:35:00 AM, 33.752
Mar 26 2025 7:40:00 AM, 43.11
Mar 26 2025 7:45:00 AM, 50.06
Mar 26 2025 7:50:00 AM, 51.767
Mar 26 2025 7:55:00 AM, 57.007
Mar 26 2025 8:00:00 AM, 62.13
Mar 26 2025 8:05:00 AM, 74.766
Mar 26 2025 8:10:00 AM, 77.219
Mar 26 2025 8:15:00 AM, 83.456
Mar 26 2025 8:20:00 AM, 83.099
Mar 26 2025 8:25:00 AM, 84.94
Mar 26 2025 8:30:00 AM, 91.264
Mar 26 2025 8:35:00 AM, 94.578
Mar 26 2025 8:40:00 AM, 98.837
Mar 26 2025 8:45:00 AM, 107.665
Mar 26 2025 8:50:00 AM, 119.63
Mar 26 2025 8:55:00 AM, 137.309
Mar 26 2025 9:00:00 AM, 154.982
Mar 26 2025 9:05:00 AM, 156.028
Mar 26 2025 9:10:00 AM, 149.778
Mar 26 2025 9:15:00 AM, 157.855
Mar 26 2025 9:20:00 AM, 164.518
Mar 26 2025 9:25:00 AM, 184.605
Mar 26 2025 9:30:00 AM, 182.71
Mar 26 2025 9:35:00 AM, 199.089
Mar 26 2025 9:40:00 AM, 224.019
Mar 26 2025 9:45:00 AM, 244.57
Mar 26 2025 9:50:00 AM, 277.776
Mar 26 2025 9:55:00 AM, 329.123
Mar 26 2025 10:00:00 AM, 349.159
Mar 26 2025 10:05:00 AM, 397.626
Mar 26 2025 10:10:00 AM, 374.655
Mar 26 2025 10:15:00 AM, 385.688
Mar 26 2025 10:20:00 AM, 394.783
Mar 26 2025 10:25:00 AM, 443.984
Mar 26 2025 10:30:00 AM, 531.808
Mar 26 2025 10:35:00 AM, 480.486
Mar 26 2025 10:40:00 AM, 522.915
Mar 26 2025 10:45:00 AM, 526.888
Mar 26 2025 10:50:00 AM, 534.249
Mar 26 2025 10:55:00 AM, 545.708
Mar 26 2025 11:00:00 AM, 501.377
Mar 26 2025 11:05:00 AM, 484.482
Mar 26 2025 11:10:00 AM, 554.577
Mar 26 2025 11:15:00 AM, 525.943
Mar 26 2025 11:20:00 AM, 529.862
Mar 26 2025 11:25:00 AM, 570.644
Mar 26 2025 11:30:00 AM, 622.047
Mar 26 2025 11:35:00 AM, 614.846
Mar 26 2025 11:40:00 AM, 625.286
Mar 26 2025 11:45:00 AM, 599.913
Mar 26 2025 11:50:00 AM, 612.099
Mar 26 2025 11:55:00 AM, 767.145
Mar 26 2025 12:00:00 PM, 816.733
Mar 26 2025 12:05:00 PM, 887.177
Mar 26 2025 12:10:00 PM, 942.892
Mar 26 2025 12:15:00 PM, 943.059
Mar 26 2025 12:20:00 PM, 928.069
Mar 26 2025 12:25:00 PM, 1007.635
Mar 26 2025 12:30:00 PM, 979.967
Mar 26 2025 12:35:00 PM, 944.01
Mar 26 2025 12:40:00 PM, 1070.482
Mar 26 2025 12:45:00 PM, 1049.12
Mar 26 2025 12:50:00 PM, 983.623
Mar 26 2025 12:55:00 PM, 1013.837
Mar 26 2025 1:00:00 PM, 999.788
Mar 26 2025 1:05:00 PM, 1015.381
Mar 26 2025 1:10:00 PM, 1183.248
Mar 26 2025 1:15:00 PM, 1125.253
Mar 26 2025 1:20:00 PM, 1103.214
Mar 26 2025 1:25:00 PM, 1287.092
Mar 26 2025 1:30:00 PM, 1368.637
Mar 26 2025 1:35:00 PM, 1311.565
Mar 26 2025 1:40:00 PM, 1285.902
Mar 26 2025 1:45:00 PM, 1259.17
Mar 26 2025 1:50:00 PM, 1155.61
Mar 26 2025 1:55:00 PM, 1249.406
Mar 26 2025 2:00:00 PM, 1170.612
Mar 26 2025 2:05:00 PM, 1029.09
Mar 26 2025 2:10:00 PM, 901.646
Mar 26 2025 2:15:00 PM, 812.978
Mar 26 2025 2:20:00 PM, 807.352
Mar 26 2025 2:25:00 PM, 910.149
Mar 26 2025 2:30:00 PM, 939.093
Mar 26 2025 2:35:00 PM, 934.652
Mar 26 2025 2:40:00 PM, 939.188
Mar 26 2025 2:45:00 PM, 879.646
Mar 26 2025 2:50:00 PM, 857.783
Mar 26 2025 2:55:00 PM, 849.483
Mar 26 2025 3:00:00 PM, 855.226
Mar 26 2025 3:05:00 PM, 921.503
Mar 26 2025 3:10:00 PM, 869.668
Mar 26 2025 3:15:00 PM, 915.173
Mar 26 2025 3:20:00 PM, 1025.263
Mar 26 2025 3:25:00 PM, 1100.225
Mar 26 2025 3:30:00 PM, 1019.368
Mar 26 2025 3:35:00 PM, 983.764
Mar 26 2025 3:40:00 PM, 928.28
Mar 26 2025 3:45:00 PM, 791.121
Mar 26 2025 3:50:00 PM, 739.456
Mar 26 2025 3:55:00 PM, 710.533
Mar 26 2025 4:00:00 PM, 634.796
Mar 26 2025 4:05:00 PM, 645.242
Mar 26 2025 4:10:00 PM, 693.578
Mar 26 2025 4:15:00 PM, 762.174
Mar 26 2025 4:20:00 PM, 730.918
Mar 26 2025 4:25:00 PM, 700.686
Mar 26 2025 4:30:00 PM, 673.22
Mar 26 2025 4:35:00 PM, 599.981
Mar 26 2025 4:40:00 PM, 554.205
Mar 26 2025 4:45:00 PM, 528.616
Mar 26 2025 4:50:00 PM, 522.069
Mar 26 2025 4:55:00 PM, 485.248
Mar 26 2025 5:00:00 PM, 451.938
Mar 26 2025 5:05:00 PM, 409.893
Mar 26 2025 5:10:00 PM, 368.554
Mar 26 2025 5:15:00 PM, 344.566
Mar 26 2025 5:20:00 PM, 320.51
Mar 26 2025 5:25:00 PM, 290.469
Mar 26 2025 5:30:00 PM, 274.587
Mar 26 2025 5:35:00 PM, 265.408
Mar 26 2025 5:40:00 PM, 263.09
Mar 26 2025 5:45:00 PM, 262.538
Mar 26 2025 5:50:00 PM, 241.847
Mar 26 2025 5:55:00 PM, 212.491
Mar 26 2025 6:00:00 PM, 184.069
Mar 26 2025 6:05:00 PM, 159.64
Mar 26 2025 6:10:00 PM, 149.814
Mar 26 2025 6:15:00 PM, 135.64
Mar 26 2025 6:20:00 PM, 103.012
Mar 26 2025 6:25:00 PM, 76.071
Mar 26 2025 6:30:00 PM, 60.344
Mar 26 2025 6:35:00 PM, 44.624
Mar 26 2025 6:40:00 PM, 38.032
Mar 26 2025 6:45:00 PM, 35.126
Mar 26 2025 6:50:00 PM, 30.184
Mar 26 2025 6:55:00 PM, 24.606
Mar 26 2025 7:00:00 PM, 20.514
Mar 26 2025 7:05:00 PM, 16.94
Mar 26 2025 7:10:00 PM, 14.032
Mar 26 2025 7:15:00 PM, 10.092
Mar 26 2025 7:20:00 PM, 5.833
Mar 26 2025 7:25:00 PM, 3.228
Mar 26 2025 7:30:00 PM, 1.583
Mar 26 2025 7:35:00 PM, 0.612
Mar 26 2025 7:40:00 PM, 0.361
Mar 26 2025 7:45:00 PM, 0.344
Mar 26 2025 7:50:00 PM, 0.293
Mar 26 2025 7:55:00 PM, 0.192
Mar 26 2025 8:00:00 PM, 0.174
Mar 26 2025 8:05:00 PM, 0.215
Mar 26 2025 8:10:00 PM, 0.245
Mar 26 2025 8:15:00 PM, 0.212
Mar 26 2025 8:20:00 PM, 0.263
Mar 26 2025 8:25:00 PM, 0.239
Mar 26 2025 8:30:00 PM, 0.284
Mar 26 2025 8:35:00 PM, 0.257
Mar 26 2025 8:40:00 PM, 0.174
Mar 26 2025 8:45:00 PM, 0.275
Mar 26 2025 8:50:00 PM, 0.344
Mar 26 2025 8:55:00 PM, 0.263
Mar 26 2025 9:00:00 PM, 0.245
Mar 26 2025 9:05:00 PM, 0.123
Mar 26 2025 9:10:00 PM, 0.296
Mar 26 2025 9:15:00 PM, 0.29
Mar 26 2025 9:20:00 PM, 0.192
Mar 26 2025 9:25:00 PM, 0.18
Mar 26 2025 9:30:00 PM, 0.194
Mar 26 2025 9:35:00 PM, 0.171
Mar 26 2025 9:40:00 PM, 0.287
Mar 26 2025 9:45:00 PM, 0.153
Mar 26 2025 9:50:00 PM, 0.257
Mar 26 2025 9:55:00 PM, 0.209
Mar 26 2025 10:00:00 PM, 0.192
Mar 26 2025 10:05:00 PM, 0.192
Mar 26 2025 10:10:00 PM, 0.171
Mar 26 2025 10:15:00 PM, 0.221
Mar 26 2025 10:20:00 PM, 0.188
Mar 26 2025 10:25:00 PM, 0.215
Mar 26 2025 10:30:00 PM, 0.29
Mar 26 2025 10:35:00 PM, 0.275
Mar 26 2025 10:40:00 PM, 0.326
Mar 26 2025 10:45:00 PM, 0.233
Mar 26 2025 10:50:00 PM, 0.188
Mar 26 2025 10:55:00 PM, 0.284
Mar 26 2025 11:00:00 PM, 0.2
Mar 26 2025 11:05:00 PM, 0.188
Mar 26 2025 11:10:00 PM, 0.2
Mar 26 2025 11:15:00 PM, 0.206
Mar 26 2025 11:20:00 PM, 0.239
Mar 26 2025 11:25:00 PM, 0.233
Mar 26 2025 11:30:00 PM, 0.209
Mar 26 2025 11:35:00 PM, 0.194
Mar 26 2025 11:40:00 PM, 0.192
Mar 26 2025 11:45:00 PM, 0.302
Mar 26 2025 11:50:00 PM, 0.194
Mar 26 2025 11:55:00 PM, 0.153
Mar 27 2025 12:00:00 AM, 0.192
Mar 27 2025 12:05:00 AM, 0.296
Mar 27 2025 12:10:00 AM, 0.269
Mar 27 2025 12:15:00 AM, 0.26
Mar 27 2025 12:20:00 AM, 0.218
Mar 27 2025 12:25:00 AM, 0.2
Mar 27 2025 12:30:00 AM, 0.299
Mar 27 2025 12:35:00 AM, 0.245
Mar 27 2025 12:40:00 AM, 0.159
Mar 27 2025 12:45:00 AM, 0.138
Mar 27 2025 12:50:00 AM, 0.2
Mar 27 2025 12:55:00 AM, 0.329
Mar 27 2025 1:00:00 AM, 0.355
Mar 27 2025 1:05:00 AM, 0.248
Mar 27 2025 1:10:00 AM, 0.314
Mar 27 2025 1:15:00 AM, 0.308
Mar 27 2025 1:20:00 AM, 0.215
Mar 27 2025 1:25:00 AM, 0.233
Mar 27 2025 1:30:00 AM, 0.263
Mar 27 2025 1:35:00 AM, 0.162
Mar 27 2025 1:40:00 AM, 0.233
Mar 27 2025 1:45:00 AM, 0.182
Mar 27 2025 1:50:00 AM, 0.177
Mar 27 2025 1:55:00 AM, 0.263
Mar 27 2025 2:00:00 AM, 0.29
Mar 27 2025 2:05:00 AM, 0.138
Mar 27 2025 2:10:00 AM, 0.209
Mar 27 2025 2:15:00 AM, 0.206
Mar 27 2025 2:20:00 AM, 0.2
Mar 27 2025 2:25:00 AM, 0.233
Mar 27 2025 2:30:00 AM, 0.156
Mar 27 2025 2:35:00 AM, 0.23
Mar 27 2025 2:40:00 AM, 0.2
Mar 27 2025 2:45:00 AM, 0.373
Mar 27 2025 2:50:00 AM, 0.254
Mar 27 2025 2:55:00 AM, 0.254
Mar 27 2025 3:00:00 AM, 0.352
Mar 27 2025 3:05:00 AM, 0.236
Mar 27 2025 3:10:00 AM, 0.26
Mar 27 2025 3:15:00 AM, 0.209
Mar 27 2025 3:20:00 AM, 0.186
Mar 27 2025 3:25:00 AM, 0.135
Mar 27 2025 3:30:00 AM, 0.192
Mar 27 2025 3:35:00 AM, 0.227
Mar 27 2025 3:40:00 AM, 0.174
Mar 27 2025 3:45:00 AM, 0.221
Mar 27 2025 3:50:00 AM, 0.248
Mar 27 2025 3:55:00 AM, 0.218
Mar 27 2025 4:00:00 AM, 0.081
Mar 27 2025 4:05:00 AM, 0.12
Mar 27 2025 4:10:00 AM, 0.218
Mar 27 2025 4:15:00 AM, 0.206
Mar 27 2025 4:20:00 AM, 0.18
Mar 27 2025 4:25:00 AM, 0.168
Mar 27 2025 4:30:00 AM, 0.206
Mar 27 2025 4:35:00 AM, 0.203
Mar 27 2025 4:40:00 AM, 0.108
Mar 27 2025 4:45:00 AM, 0.209
Mar 27 2025 4:50:00 AM, 0.194
Mar 27 2025 4:55:00 AM, 0.218
Mar 27 2025 5:00:00 AM, 0.224
Mar 27 2025 5:05:00 AM, 0.186
Mar 27 2025 5:10:00 AM, 0.299
Mar 27 2025 5:15:00 AM, 0.29
Mar 27 2025 5:20:00 AM, 0.26
Mar 27 2025 5:25:00 AM, 0.206
Mar 27 2025 5:30:00 AM, 0.182
Mar 27 2025 5:35:00 AM, 0.186
Mar 27 2025 5:40:00 AM, 0.245
Mar 27 2025 5:45:00 AM, 0.215
Mar 27 2025 5:50:00 AM, 0.257
Mar 27 2025 5:55:00 AM, 0.245
Mar 27 2025 6:00:00 AM, 0.18
Mar 27 2025 6:05:00 AM, 0.29
Mar 27 2025 6:10:00 AM, 0.212
Mar 27 2025 6:15:00 AM, 0.257
Mar 27 2025 6:20:00 AM, 0.272
Mar 27 2025 6:25:00 AM, 0.18
Mar 27 2025 6:30:00 AM, 0.314
Mar 27 2025 6:35:00 AM, 0.269
Mar 27 2025 6:40:00 AM, 0.618
Mar 27 2025 6:45:00 AM, 1.339
Mar 27 2025 6:50:00 AM, 2.972
Mar 27 2025 6:55:00 AM, 6.53
Mar 27 2025 7:00:00 AM, 12.622
Mar 27 2025 7:05:00 AM, 21.014
Mar 27 2025 7:10:00 AM, 31.573
Mar 27 2025 7:15:00 AM, 41.357
Mar 27 2025 7:20:00 AM, 52.283
Mar 27 2025 7:25:00 AM, 62.863
Mar 27 2025 7:30:00 AM, 90.636
Mar 27 2025 7:35:00 AM, 106.818
Mar 27 2025 7:40:00 AM, 117.47
Mar 27 2025 7:45:00 AM, 123.728
Mar 27 2025 7:50:00 AM, 147.463
Mar 27 2025 7:55:00 AM, 175.456
Mar 27 2025 8:00:00 AM, 213.141
Mar 27 2025 8:05:00 AM, 219.918
Mar 27 2025 8:10:00 AM, 250.716
Mar 27 2025 8:15:00 AM, 211.508
Mar 27 2025 8:20:00 AM, 229.354
Mar 27 2025 8:25:00 AM, 198.687
Mar 27 2025 8:30:00 AM, 233.806
Mar 27 2025 8:35:00 AM, 254.885
Mar 27 2025 8:40:00 AM, 252.79
Mar 27 2025 8:45:00 AM, 294.326
Mar 27 2025 8:50:00 AM, 308.851
Mar 27 2025 8:55:00 AM, 300.784
Mar 27 2025 9:00:00 AM, 313.664
Mar 27 2025 9:05:00 AM, 375.346
Mar 27 2025 9:10:00 AM, 425.405
Mar 27 2025 9:15:00 AM, 476.74
Mar 27 2025 9:20:00 AM, 583.104
Mar 27 2025 9:25:00 AM, 639.758
Mar 27 2025 9:30:00 AM, 677.688
Mar 27 2025 9:35:00 AM, 957.993
Mar 27 2025 9:40:00 AM, 667.191
Mar 27 2025 9:45:00 AM, 1003.409
Mar 27 2025 9:50:00 AM, 1117.349
Mar 27 2025 9:55:00 AM, 786.144
Mar 27 2025 10:00:00 AM, 825.549
Mar 27 2025 10:05:00 AM, 878.54
Mar 27 2025 10:10:00 AM, 941.343
Mar 27 2025 10:15:00 AM, 1013.053
Mar 27 2025 10:20:00 AM, 835.634
Mar 27 2025 10:25:00 AM, 726.584
Mar 27 2025 10:30:00 AM, 715.128
Mar 27 2025 10:35:00 AM, 922.877
Mar 27 2025 10:40:00 AM, 995.64
Mar 27 2025 10:45:00 AM, 1248.402
Mar 27 2025 10:50:00 AM, 1209.981
Mar 27 2025 10:55:00 AM, 1458.762
Mar 27 2025 11:00:00 AM, 1281.447
Mar 27 2025 11:05:00 AM, 1445.273
Mar 27 2025 11:10:00 AM, 1095.984
Mar 27 2025 11:15:00 AM, 1147.217
Mar 27 2025 11:20:00 AM, 1146.007
Mar 27 2025 11:25:00 AM, 1426.698
Mar 27 2025 11:30:00 AM, 1613.248
Mar 27 2025 11:35:00 AM, 1323.996
Mar 27 2025 11:40:00 AM, 1664.249
Mar 27 2025 11:45:00 AM, 1937.399
Mar 27 2025 11:50:00 AM, 1515.27
Mar 27 2025 11:55:00 AM, 1714.019
Mar 27 2025 12:00:00 PM, 1473.127
Mar 27 2025 12:05:00 PM, 1996.139
Mar 27 2025 12:10:00 PM, 1710.004
Mar 27 2025 12:15:00 PM, 1676.584
Mar 27 2025 12:20:00 PM, 1713.19
Mar 27 2025 12:25:00 PM, 1791.654
Mar 27 2025 12:30:00 PM, 1958.592
Mar 27 2025 12:35:00 PM, 1841.513
Mar 27 2025 12:40:00 PM, 1936.964
Mar 27 2025 12:45:00 PM, 1962.627
Mar 27 2025 12:50:00 PM, 1949.555
Mar 27 2025 12:55:00 PM, 1933.808
Mar 27 2025 1:00:00 PM, 1950.977
Mar 27 2025 1:05:00 PM, 1970.915
Mar 27 2025 1:10:00 PM, 1749.811
Mar 27 2025 1:15:00 PM, 1977.444
Mar 27 2025 1:20:00 PM, 1939.163
Mar 27 2025 1:25:00 PM, 1972.512
Mar 27 2025 1:30:00 PM, 1924.492
Mar 27 2025 1:35:00 PM, 1812.194
Mar 27 2025 1:40:00 PM, 1911.388
Mar 27 2025 1:45:00 PM, 1791.508
Mar 27 2025 1:50:00 PM, 1433.644
Mar 27 2025 1:55:00 PM, 1678.736
Mar 27 2025 2:00:00 PM, 1724.134
Mar 27 2025 2:05:00 PM, 1665.328
Mar 27 2025 2:10:00 PM, 1395.336
Mar 27 2025 2:15:00 PM, 1302.776
Mar 27 2025 2:20:00 PM, 1238.037
Mar 27 2025 2:25:00 PM, 1328.958
Mar 27 2025 2:30:00 PM, 1289.595
Mar 27 2025 2:35:00 PM, 1531.268
Mar 27 2025 2:40:00 PM, 1487.762
Mar 27 2025 2:45:00 PM, 1766.375
Mar 27 2025 2:50:00 PM, 1762.209
Mar 27 2025 2:55:00 PM, 1724.45
Mar 27 2025 3:00:00 PM, 1706.69
Mar 27 2025 3:05:00 PM, 1683.999
Mar 27 2025 3:10:00 PM, 1675.523
Mar 27 2025 3:15:00 PM, 1666.007
Mar 27 2025 3:20:00 PM, 1631.997
Mar 27 2025 3:25:00 PM, 1579.384
Mar 27 2025 3:30:00 PM, 1521.63
Mar 27 2025 3:35:00 PM, 1444.275
Mar 27 2025 3:40:00 PM, 1458.449
Mar 27 2025 3:45:00 PM, 1421.756
Mar 27 2025 3:50:00 PM, 1348.002
Mar 27 2025 3:55:00 PM, 1447.032
Mar 27 2025 4:00:00 PM, 1210.091
Mar 27 2025 4:05:00 PM, 1108.573
Mar 27 2025 4:10:00 PM, 1032.288
Mar 27 2025 4:15:00 PM, 649.352
Mar 27 2025 4:20:00 PM, 576.381
Mar 27 2025 4:25:00 PM, 832.35
Mar 27 2025 4:30:00 PM, 1007.221
Mar 27 2025 4:35:00 PM, 803.462
Mar 27 2025 4:40:00 PM, 805.191
Mar 27 2025 4:45:00 PM, 866.545
Mar 27 2025 4:50:00 PM, 587.947
Mar 27 2025 4:55:00 PM, 542.06
Mar 27 2025 5:00:00 PM, 374.255
Mar 27 2025 5:05:00 PM, 264.061
Mar 27 2025 5:10:00 PM, 254.62
Mar 27 2025 5:15:00 PM, 293.718
Mar 27 2025 5:20:00 PM, 281.978
Mar 27 2025 5:25:00 PM, 236.205
Mar 27 2025 5:30:00 PM, 246.415
Mar 27 2025 5:35:00 PM, 279.988
Mar 27 2025 5:40:00 PM, 277.881
Mar 27 2025 5:45:00 PM, 275.127
Mar 27 2025 5:50:00 PM, 271.825
Mar 27 2025 5:55:00 PM, 268.454
Mar 27 2025 6:00:00 PM, 250.686
Mar 27 2025 6:05:00 PM, 219.033
Mar 27 2025 6:10:00 PM, 189.225
Mar 27 2025 6:15:00 PM, 177.402
Mar 27 2025 6:20:00 PM, 155.956
Mar 27 2025 6:25:00 PM, 133.175
Mar 27 2025 6:30:00 PM, 118.948
Mar 27 2025 6:35:00 PM, 114.382
Mar 27 2025 6:40:00 PM, 98.074
Mar 27 2025 6:45:00 PM, 72.781
Mar 27 2025 6:50:00 PM, 59.018
Mar 27 2025 6:55:00 PM, 49.494
Mar 27 2025 7:00:00 PM, 38.023
Mar 27 2025 7:05:00 PM, 26.477
Mar 27 2025 7:10:00 PM, 18.034
Mar 27 2025 7:15:00 PM, 11.361
Mar 27 2025 7:20:00 PM, 6.325
Mar 27 2025 7:25:00 PM, 3.401
Mar 27 2025 7:30:00 PM, 1.685
Mar 27 2025 7:35:00 PM, 0.722
Mar 27 2025 7:40:00 PM, 0.397
Mar 27 2025 7:45:00 PM, 0.186
Mar 27 2025 7:50:00 PM, 0.227
Mar 27 2025 7:55:00 PM, 0.266
Mar 27 2025 8:00:00 PM, 0.263
Mar 27 2025 8:05:00 PM, 0.177
Mar 27 2025 8:10:00 PM, 0.334
Mar 27 2025 8:15:00 PM, 0.239
Mar 27 2025 8:20:00 PM, 0.18
Mar 27 2025 8:25:00 PM, 0.209
Mar 27 2025 8:30:00 PM, 0.194
Mar 27 2025 8:35:00 PM, 0.278
Mar 27 2025 8:40:00 PM, 0.141
Mar 27 2025 8:45:00 PM, 0.269
Mar 27 2025 8:50:00 PM, 0.2
Mar 27 2025 8:55:00 PM, 0.224
Mar 27 2025 9:00:00 PM, 0.129
Mar 27 2025 9:05:00 PM, 0.215
Mar 27 2025 9:10:00 PM, 0.296
Mar 27 2025 9:15:00 PM, 0.26
Mar 27 2025 9:20:00 PM, 0.224
Mar 27 2025 9:25:00 PM, 0.334
Mar 27 2025 9:30:00 PM, 0.233
Mar 27 2025 9:35:00 PM, 0.233
Mar 27 2025 9:40:00 PM, 0.245
Mar 27 2025 9:45:00 PM, 0.275
Mar 27 2025 9:50:00 PM, 0.206
Mar 27 2025 9:55:00 PM, 0.242
Mar 27 2025 10:00:00 PM, 0.248
Mar 27 2025 10:05:00 PM, 0.293
Mar 27 2025 10:10:00 PM, 0.212
Mar 27 2025 10:15:00 PM, 0.194
Mar 27 2025 10:20:00 PM, 0.194
Mar 27 2025 10:25:00 PM, 0.251
Mar 27 2025 10:30:00 PM, 0.269
Mar 27 2025 10:35:00 PM, 0.332
Mar 27 2025 10:40:00 PM, 0.236
Mar 27 2025 10:45:00 PM, 0.114
Mar 27 2025 10:50:00 PM, 0.215
Mar 27 2025 10:55:00 PM, 0.171
Mar 27 2025 11:00:00 PM, 0.245
Mar 27 2025 11:05:00 PM, 0.194
Mar 27 2025 11:10:00 PM, 0.242
Mar 27 2025 11:15:00 PM, 0.224
Mar 27 2025 11:20:00 PM, 0.305
Mar 27 2025 11:25:00 PM, 0.2
Mar 27 2025 11:30:00 PM, 0.18
Mar 27 2025 11:35:00 PM, 0.299
Mar 27 2025 11:40:00 PM, 0.293
Mar 27 2025 11:45:00 PM, 0.174
Mar 27 2025 11:50:00 PM, 0.2
Mar 27 2025 11:55:00 PM, 0.197
Mar 28 2025 12:00:00 AM, 0.224
Mar 28 2025 12:05:00 AM, 0.26
Mar 28 2025 12:10:00 AM, 0.215
Mar 28 2025 12:15:00 AM, 0.367
Mar 28 2025 12:20:00 AM, 0.287
Mar 28 2025 12:25:00 AM, 0.126
Mar 28 2025 12:30:00 AM, 0.29
Mar 28 2025 12:35:00 AM, 0.317
Mar 28 2025 12:40:00 AM, 0.111
Mar 28 2025 12:45:00 AM, 0.272
Mar 28 2025 12:50:00 AM, 0.215
Mar 28 2025 12:55:00 AM, 0.227
Mar 28 2025 1:00:00 AM, 0.296
Mar 28 2025 1:05:00 AM, 0.272
Mar 28 2025 1:10:00 AM, 0.144
Mar 28 2025 1:15:00 AM, 0.168
Mar 28 2025 1:20:00 AM, 0.236
Mar 28 2025 1:25:00 AM, 0.236
Mar 28 2025 1:30:00 AM, 0.233
Mar 28 2025 1:35:00 AM, 0.314
Mar 28 2025 1:40:00 AM, 0.212
Mar 28 2025 1:45:00 AM, 0.177
Mar 28 2025 1:50:00 AM, 0.221
Mar 28 2025 1:55:00 AM, 0.165
Mar 28 2025 2:00:00 AM, 0.239
Mar 28 2025 2:05:00 AM, 0.242
Mar 28 2025 2:10:00 AM, 0.236
Mar 28 2025 2:15:00 AM, 0.329
Mar 28 2025 2:20:00 AM, 0.215
Mar 28 2025 2:25:00 AM, 0.254
Mar 28 2025 2:30:00 AM, 0.221
Mar 28 2025 2:35:00 AM, 0.23
Mar 28 2025 2:40:00 AM, 0.26
Mar 28 2025 2:45:00 AM, 0.299
Mar 28 2025 2:50:00 AM, 0.15
Mar 28 2025 2:55:00 AM, 0.188
Mar 28 2025 3:00:00 AM, 0.239
Mar 28 2025 3:05:00 AM, 0.352
Mar 28 2025 3:10:00 AM, 0.233
Mar 28 2025 3:15:00 AM, 0.311
Mar 28 2025 3:20:00 AM, 0.209
Mar 28 2025 3:25:00 AM, 0.203
Mar 28 2025 3:30:00 AM, 0.233
Mar 28 2025 3:35:00 AM, 0.227
Mar 28 2025 3:40:00 AM, 0.239
Mar 28 2025 3:45:00 AM, 0.281
Mar 28 2025 3:50:00 AM, 0.266
Mar 28 2025 3:55:00 AM, 0.159
Mar 28 2025 4:00:00 AM, 0.12
Mar 28 2025 4:05:00 AM, 0.254
Mar 28 2025 4:10:00 AM, 0.293
Mar 28 2025 4:15:00 AM, 0.117
Mar 28 2025 4:20:00 AM, 0.281
Mar 28 2025 4:25:00 AM, 0.236
Mar 28 2025 4:30:00 AM, 0.212
Mar 28 2025 4:35:00 AM, 0.209
Mar 28 2025 4:40:00 AM, 0.144
Mar 28 2025 4:45:00 AM, 0.218
Mar 28 2025 4:50:00 AM, 0.15
Mar 28 2025 4:55:00 AM, 0.236
Mar 28 2025 5:00:00 AM, 0.147
Mar 28 2025 5:05:00 AM, 0.227
Mar 28 2025 5:10:00 AM, 0.224
Mar 28 2025 5:15:00 AM, 0.275
Mar 28 2025 5:20:00 AM, 0.177
Mar 28 2025 5:25:00 AM, 0.224
Mar 28 2025 5:30:00 AM, 0.224
Mar 28 2025 5:35:00 AM, 0.15
Mar 28 2025 5:40:00 AM, 0.251
Mar 28 2025 5:45:00 AM, 0.197
Mar 28 2025 5:50:00 AM, 0.338
Mar 28 2025 5:55:00 AM, 0.186
Mar 28 2025 6:00:00 AM, 0.203
Mar 28 2025 6:05:00 AM, 0.233
Mar 28 2025 6:10:00 AM, 0.284
Mar 28 2025 6:15:00 AM, 0.248
Mar 28 2025 6:20:00 AM, 0.236
Mar 28 2025 6:25:00 AM, 0.188
Mar 28 2025 6:30:00 AM, 0.334
Mar 28 2025 6:35:00 AM, 0.242
Mar 28 2025 6:40:00 AM, 0.689
Mar 28 2025 6:45:00 AM, 1.813
Mar 28 2025 6:50:00 AM, 4.179
Mar 28 2025 6:55:00 AM, 8.375
Mar 28 2025 7:00:00 AM, 15.942
Mar 28 2025 7:05:00 AM, 25.991
Mar 28 2025 7:10:00 AM, 34.416
Mar 28 2025 7:15:00 AM, 40.201
Mar 28 2025 7:20:00 AM, 52.131
Mar 28 2025 7:25:00 AM, 71.732
Mar 28 2025 7:30:00 AM, 88.642
Mar 28 2025 7:35:00 AM, 112.767
Mar 28 2025 7:40:00 AM, 140.921
Mar 28 2025 7:45:00 AM, 176.356
Mar 28 2025 7:50:00 AM, 261.853
Mar 28 2025 7:55:00 AM, 309.623
Mar 28 2025 8:00:00 AM, 357.331
Mar 28 2025 8:05:00 AM, 392.405
Mar 28 2025 8:10:00 AM, 441.421
Mar 28 2025 8:15:00 AM, 491.438
Mar 28 2025 8:20:00 AM, 539.298
Mar 28 2025 8:25:00 AM, 572.202
Mar 28 2025 8:30:00 AM, 584.678
Mar 28 2025 8:35:00 AM, 616.974
Mar 28 2025 8:40:00 AM, 624.312
Mar 28 2025 8:45:00 AM, 687.573
Mar 28 2025 8:50:00 AM, 729.246
Mar 28 2025 8:55:00 AM, 770.385
Mar 28 2025 9:00:00 AM, 807.694
Mar 28 2025 9:05:00 AM, 827.662
Mar 28 2025 9:10:00 AM, 828.154
Mar 28 2025 9:15:00 AM, 891.889
Mar 28 2025 9:20:00 AM, 931.294
Mar 28 2025 9:25:00 AM, 984.479
Mar 28 2025 9:30:00 AM, 1046.122
Mar 28 2025 9:35:00 AM, 1113.761
Mar 28 2025 9:40:00 AM, 1120.684
Mar 28 2025 9:45:00 AM, 1163.707
Mar 28 2025 9:50:00 AM, 1132.65
Mar 28 2025 9:55:00 AM, 1227.386
Mar 28 2025 10:00:00 AM, 1313.851
Mar 28 2025 10:05:00 AM, 1248.858
Mar 28 2025 10:10:00 AM, 1162.235
Mar 28 2025 10:15:00 AM, 1121.444
Mar 28 2025 10:20:00 AM, 1217.283
Mar 28 2025 10:25:00 AM, 1377.41
Mar 28 2025 10:30:00 AM, 1410.917
Mar 28 2025 10:35:00 AM, 1443.193
Mar 28 2025 10:40:00 AM, 1466.266
Mar 28 2025 10:45:00 AM, 1496.062
Mar 28 2025 10:50:00 AM, 1512.838
Mar 28 2025 10:55:00 AM, 1538.629
Mar 28 2025 11:00:00 AM, 1537.649
Mar 28 2025 11:05:00 AM, 1575.688
Mar 28 2025 11:10:00 AM, 1592.95
Mar 28 2025 11:15:00 AM, 1621.748
Mar 28 2025 11:20:00 AM, 1644.746
Mar 28 2025 11:25:00 AM, 1661.707
Mar 28 2025 11:30:00 AM, 1681.412
Mar 28 2025 11:35:00 AM, 1698.092
Mar 28 2025 11:40:00 AM, 1716.215
Mar 28 2025 11:45:00 AM, 1737.604
Mar 28 2025 11:50:00 AM, 1749.492
Mar 28 2025 11:55:00 AM, 1768.527
Mar 28 2025 12:00:00 PM, 1783.002
Mar 28 2025 12:05:00 PM, 1801.301
Mar 28 2025 12:10:00 PM, 1810.739
Mar 28 2025 12:15:00 PM, 1825.396
Mar 28 2025 12:20:00 PM, 1838.941
Mar 28 2025 12:25:00 PM, 1845.11
Mar 28 2025 12:30:00 PM, 1856.018
Mar 28 2025 12:35:00 PM, 1862.488
Mar 28 2025 12:40:00 PM, 1871.208
Mar 28 2025 12:45:00 PM, 1877.127
Mar 28 2025 12:50:00 PM, 1882.756
Mar 28 2025 12:55:00 PM, 1881.302
Mar 28 2025 1:00:00 PM, 1884.056
Mar 28 2025 1:05:00 PM, 1885.248
Mar 28 2025 1:10:00 PM, 1890.663
Mar 28 2025 1:15:00 PM, 1892.302
Mar 28 2025 1:20:00 PM, 1886.506
Mar 28 2025 1:25:00 PM, 1880.67
Mar 28 2025 1:30:00 PM, 1877.02
Mar 28 2025 1:35:00 PM, 1875.053
Mar 28 2025 1:40:00 PM, 1870.848
Mar 28 2025 1:45:00 PM, 1863.883
Mar 28 2025 1:50:00 PM, 1852.912
Mar 28 2025 1:55:00 PM, 1840.574
Mar 28 2025 2:00:00 PM, 1831.05
Mar 28 2025 2:05:00 PM, 1820.338
Mar 28 2025 2:10:00 PM, 1810.474
Mar 28 2025 2:15:00 PM, 1795.823
Mar 28 2025 2:20:00 PM, 1781.205
Mar 28 2025 2:25:00 PM, 1766.42
Mar 28 2025 2:30:00 PM, 1756.711
Mar 28 2025 2:35:00 PM, 1674.653
Mar 28 2025 2:40:00 PM, 1730.72
Mar 28 2025 2:45:00 PM, 1698.647
Mar 28 2025 2:50:00 PM, 1690.388
Mar 28 2025 2:55:00 PM, 1715.279
Mar 28 2025 3:00:00 PM, 1723.04
Mar 28 2025 3:05:00 PM, 1660.902
Mar 28 2025 3:10:00 PM, 1602.486
Mar 28 2025 3:15:00 PM, 1466.829
Mar 28 2025 3:20:00 PM, 1581.026
Mar 28 2025 3:25:00 PM, 1419.912
Mar 28 2025 3:30:00 PM, 1568.062
Mar 28 2025 3:35:00 PM, 1488.615
Mar 28 2025 3:40:00 PM, 1519.699
Mar 28 2025 3:45:00 PM, 1451.702
Mar 28 2025 3:50:00 PM, 1408.175
Mar 28 2025 3:55:00 PM, 1252.911
Mar 28 2025 4:00:00 PM, 1433.65
Mar 28 2025 4:05:00 PM, 1413.394
Mar 28 2025 4:10:00 PM, 1234.118
Mar 28 2025 4:15:00 PM, 870.789
Mar 28 2025 4:20:00 PM, 678.99
Mar 28 2025 4:25:00 PM, 854.52
Mar 28 2025 4:30:00 PM, 870.819
Mar 28 2025 4:35:00 PM, 728.42
Mar 28 2025 4:40:00 PM, 704.218
Mar 28 2025 4:45:00 PM, 799.704
Mar 28 2025 4:50:00 PM, 808.353
Mar 28 2025 4:55:00 PM, 634.188
Mar 28 2025 5:00:00 PM, 607.306
Mar 28 2025 5:05:00 PM, 458.983
Mar 28 2025 5:10:00 PM, 370.19
Mar 28 2025 5:15:00 PM, 356.726
Mar 28 2025 5:20:00 PM, 375.158
Mar 28 2025 5:25:00 PM, 335.509
Mar 28 2025 5:30:00 PM, 344.48
Mar 28 2025 5:35:00 PM, 372.968
Mar 28 2025 5:40:00 PM, 336.97
Mar 28 2025 5:45:00 PM, 283.176
Mar 28 2025 5:50:00 PM, 300.334
Mar 28 2025 5:55:00 PM, 309.087
Mar 28 2025 6:00:00 PM, 259.513
Mar 28 2025 6:05:00 PM, 178.979
Mar 28 2025 6:10:00 PM, 145.204
Mar 28 2025 6:15:00 PM, 149.325
Mar 28 2025 6:20:00 PM, 137.145
Mar 28 2025 6:25:00 PM, 124.011
Mar 28 2025 6:30:00 PM, 105.254
Mar 28 2025 6:35:00 PM, 88.534
Mar 28 2025 6:40:00 PM, 76.944
Mar 28 2025 6:45:00 PM, 66.359
Mar 28 2025 6:50:00 PM, 59.26
Mar 28 2025 6:55:00 PM, 46.522
Mar 28 2025 7:00:00 PM, 36.407
Mar 28 2025 7:05:00 PM, 28.933
Mar 28 2025 7:10:00 PM, 19.512
Mar 28 2025 7:15:00 PM, 12.75
Mar 28 2025 7:20:00 PM, 7.967
Mar 28 2025 7:25:00 PM, 4.766
Mar 28 2025 7:30:00 PM, 2.54
Mar 28 2025 7:35:00 PM, 0.916
Mar 28 2025 7:40:00 PM, 0.475
Mar 28 2025 7:45:00 PM, 0.305
Mar 28 2025 7:50:00 PM, 0.263
Mar 28 2025 7:55:00 PM, 0.212
Mar 28 2025 8:00:00 PM, 0.2
Mar 28 2025 8:05:00 PM, 0.162
Mar 28 2025 8:10:00 PM, 0.221
Mar 28 2025 8:15:00 PM, 0.215
Mar 28 2025 8:20:00 PM, 0.123
Mar 28 2025 8:25:00 PM, 0.269
Mar 28 2025 8:30:00 PM, 0.212
Mar 28 2025 8:35:00 PM, 0.221
Mar 28 2025 8:40:00 PM, 0.182
Mar 28 2025 8:45:00 PM, 0.203
Mar 28 2025 8:50:00 PM, 0.248
Mar 28 2025 8:55:00 PM, 0.224
Mar 28 2025 9:00:00 PM, 0.233
Mar 28 2025 9:05:00 PM, 0.23
Mar 28 2025 9:10:00 PM, 0.293
Mar 28 2025 9:15:00 PM, 0.174
Mar 28 2025 9:20:00 PM, 0.186
Mar 28 2025 9:25:00 PM, 0.269
Mar 28 2025 9:30:00 PM, 0.188
Mar 28 2025 9:35:00 PM, 0.287
Mar 28 2025 9:40:00 PM, 0.218
Mar 28 2025 9:45:00 PM, 0.287
Mar 28 2025 9:50:00 PM, 0.251
Mar 28 2025 9:55:00 PM, 0.209
Mar 28 2025 10:00:00 PM, 0.242
Mar 28 2025 10:05:00 PM, 0.257
Mar 28 2025 10:10:00 PM, 0.132
Mar 28 2025 10:15:00 PM, 0.15
Mar 28 2025 10:20:00 PM, 0.212
Mar 28 2025 10:25:00 PM, 0.15
Mar 28 2025 10:30:00 PM, 0.245
Mar 28 2025 10:35:00 PM, 0.162
Mar 28 2025 10:40:00 PM, 0.239
Mar 28 2025 10:45:00 PM, 0.203
Mar 28 2025 10:50:00 PM, 0.236
Mar 28 2025 10:55:00 PM, 0.409
Mar 28 2025 11:00:00 PM, 0.203
Mar 28 2025 11:05:00 PM, 0.218
Mar 28 2025 11:10:00 PM, 0.251
Mar 28 2025 11:15:00 PM, 0.251
Mar 28 2025 11:20:00 PM, 0.224
Mar 28 2025 11:25:00 PM, 0.257
Mar 28 2025 11:30:00 PM, 0.275
Mar 28 2025 11:35:00 PM, 0.332
Mar 28 2025 11:40:00 PM, 0.233
Mar 28 2025 11:45:00 PM, 0.221
Mar 28 2025 11:50:00 PM, 0.209
Mar 28 2025 11:55:00 PM, 0.272
Mar 29 2025 12:00:00 AM, 0.188
Mar 29 2025 12:05:00 AM, 0.305
Mar 29 2025 12:10:00 AM, 0.344
Mar 29 2025 12:15:00 AM, 0.278
Mar 29 2025 12:20:00 AM, 0.174
Mar 29 2025 12:25:00 AM, 0.254
Mar 29 2025 12:30:00 AM, 0.209
Mar 29 2025 12:35:00 AM, 0.156
Mar 29 2025 12:40:00 AM, 0.209
Mar 29 2025 12:45:00 AM, 0.206
Mar 29 2025 12:50:00 AM, 0.254
Mar 29 2025 12:55:00 AM, 0.215
Mar 29 2025 1:00:00 AM, 0.206
Mar 29 2025 1:05:00 AM, 0.251
Mar 29 2025 1:10:00 AM, 0.221
Mar 29 2025 1:15:00 AM, 0.263
Mar 29 2025 1:20:00 AM, 0.156
Mar 29 2025 1:25:00 AM, 0.224
Mar 29 2025 1:30:00 AM, 0.186
Mar 29 2025 1:35:00 AM, 0.194
Mar 29 2025 1:40:00 AM, 0.206
Mar 29 2025 1:45:00 AM, 0.26
Mar 29 2025 1:50:00 AM, 0.263
Mar 29 2025 1:55:00 AM, 0.186
Mar 29 2025 2:00:00 AM, 0.165
Mar 29 2025 2:05:00 AM, 0.236
Mar 29 2025 2:10:00 AM, 0.182
Mar 29 2025 2:15:00 AM, 0.177
Mar 29 2025 2:20:00 AM, 0.224
Mar 29 2025 2:25:00 AM, 0.257
Mar 29 2025 2:30:00 AM, 0.221
Mar 29 2025 2:35:00 AM, 0.206
Mar 29 2025 2:40:00 AM, 0.126
Mar 29 2025 2:45:00 AM, 0.245
Mar 29 2025 2:50:00 AM, 0.254
Mar 29 2025 2:55:00 AM, 0.245
Mar 29 2025 3:00:00 AM, 0.203
Mar 29 2025 3:05:00 AM, 0.221
Mar 29 2025 3:10:00 AM, 0.192
Mar 29 2025 3:15:00 AM, 0.192
Mar 29 2025 3:20:00 AM, 0.23
Mar 29 2025 3:25:00 AM, 0.323
Mar 29 2025 3:30:00 AM, 0.2
Mar 29 2025 3:35:00 AM, 0.215
Mar 29 2025 3:40:00 AM, 0.269
Mar 29 2025 3:45:00 AM, 0.275
Mar 29 2025 3:50:00 AM, 0.278
Mar 29 2025 3:55:00 AM, 0.203
Mar 29 2025 4:00:00 AM, 0.242
Mar 29 2025 4:05:00 AM, 0.314
Mar 29 2025 4:10:00 AM, 0.203
Mar 29 2025 4:15:00 AM, 0.218
Mar 29 2025 4:20:00 AM, 0.227
Mar 29 2025 4:25:00 AM, 0.308
Mar 29 2025 4:30:00 AM, 0.311
Mar 29 2025 4:35:00 AM, 0.197
Mar 29 2025 4:40:00 AM, 0.245
Mar 29 2025 4:45:00 AM, 0.278
Mar 29 2025 4:50:00 AM, 0.245
Mar 29 2025 4:55:00 AM, 0.186
Mar 29 2025 5:00:00 AM, 0.224
Mar 29 2025 5:05:00 AM, 0.218
Mar 29 2025 5:10:00 AM, 0.162
Mar 29 2025 5:15:00 AM, 0.254
Mar 29 2025 5:20:00 AM, 0.108
Mar 29 2025 5:25:00 AM, 0.182
Mar 29 2025 5:30:00 AM, 0.141
Mar 29 2025 5:35:00 AM, 0.275
Mar 29 2025 5:40:00 AM, 0.147
Mar 29 2025 5:45:00 AM, 0.177
Mar 29 2025 5:50:00 AM, 0.245
Mar 29 2025 5:55:00 AM, 0.242
Mar 29 2025 6:00:00 AM, 0.162
Mar 29 2025 6:05:00 AM, 0.245
Mar 29 2025 6:10:00 AM, 0.206
Mar 29 2025 6:15:00 AM, 0.269
Mar 29 2025 6:20:00 AM, 0.251
Mar 29 2025 6:25:00 AM, 0.281
Mar 29 2025 6:30:00 AM, 0.355
Mar 29 2025 6:35:00 AM, 0.457
Mar 29 2025 6:40:00 AM, 1.023
Mar 29 2025 6:45:00 AM, 2.284
Mar 29 2025 6:50:00 AM, 5.285
Mar 29 2025 6:55:00 AM, 9.832
Mar 29 2025 7:00:00 AM, 16.726
Mar 29 2025 7:05:00 AM, 25.822
Mar 29 2025 7:10:00 AM, 39.024
Mar 29 2025 7:15:00 AM, 56.953
Mar 29 2025 7:20:00 AM, 79.832
Mar 29 2025 7:25:00 AM, 102.753
Mar 29 2025 7:30:00 AM, 130.773
Mar 29 2025 7:35:00 AM, 160.078
Mar 29 2025 7:40:00 AM, 188.199
Mar 29 2025 7:45:00 AM, 214.208
Mar 29 2025 7:50:00 AM, 252.072
Mar 29 2025 7:55:00 AM, 318.918
Mar 29 2025 8:00:00 AM, 371.236
Mar 29 2025 8:05:00 AM, 348.092
Mar 29 2025 8:10:00 AM, 339.515
Mar 29 2025 8:15:00 AM, 427.125
Mar 29 2025 8:20:00 AM, 462.506
Mar 29 2025 8:25:00 AM, 498.871
Mar 29 2025 8:30:00 AM, 536.794
Mar 29 2025 8:35:00 AM, 575.57
Mar 29 2025 8:40:00 AM, 611.947
Mar 29 2025 8:45:00 AM, 654.728
Mar 29 2025 8:50:00 AM, 704.763
Mar 29 2025 8:55:00 AM, 787.351
Mar 29 2025 9:00:00 AM, 866.023
Mar 29 2025 9:05:00 AM, 673.411
Mar 29 2025 9:10:00 AM, 423.706
Mar 29 2025 9:15:00 AM, 1004.416
Mar 29 2025 9:20:00 AM, 832.088
Mar 29 2025 9:25:00 AM, 481.246
Mar 29 2025 9:30:00 AM, 672.708
Mar 29 2025 9:35:00 AM, 847.147
Mar 29 2025 9:40:00 AM, 989.801
Mar 29 2025 9:45:00 AM, 1066.06
Mar 29 2025 9:50:00 AM, 1134.262
Mar 29 2025 9:55:00 AM, 1165.206
Mar 29 2025 10:00:00 AM, 1219.899
Mar 29 2025 10:05:00 AM, 1247.019
Mar 29 2025 10:10:00 AM, 1271.615
Mar 29 2025 10:15:00 AM, 1307.986
Mar 29 2025 10:20:00 AM, 1389.924
Mar 29 2025 10:25:00 AM, 1233.155
Mar 29 2025 10:30:00 AM, 959.558
Mar 29 2025 10:35:00 AM, 1110.096
Mar 29 2025 10:40:00 AM, 1166.756
Mar 29 2025 10:45:00 AM, 1117.066
Mar 29 2025 10:50:00 AM, 900.621
Mar 29 2025 10:55:00 AM, 749.052
Mar 29 2025 11:00:00 AM, 977.669
Mar 29 2025 11:05:00 AM, 1373.989
Mar 29 2025 11:10:00 AM, 1622.055
Mar 29 2025 11:15:00 AM, 1712.251
Mar 29 2025 11:20:00 AM, 917.37
Mar 29 2025 11:25:00 AM, 1676.095
Mar 29 2025 11:30:00 AM, 1583.675
Mar 29 2025 11:35:00 AM, 1367.951
Mar 29 2025 11:40:00 AM, 1725.564
Mar 29 2025 11:45:00 AM, 1768.965
Mar 29 2025 11:50:00 AM, 1772.115
Mar 29 2025 11:55:00 AM, 1770.354
Mar 29 2025 12:00:00 PM, 1789.288
Mar 29 2025 12:05:00 PM, 1803.214
Mar 29 2025 12:10:00 PM, 1786.93
Mar 29 2025 12:15:00 PM, 1567.034
Mar 29 2025 12:20:00 PM, 1729.367
Mar 29 2025 12:25:00 PM, 1553.584
Mar 29 2025 12:30:00 PM, 1661.939
Mar 29 2025 12:35:00 PM, 1738.168
Mar 29 2025 12:40:00 PM, 1826.975
Mar 29 2025 12:45:00 PM, 1790.542
Mar 29 2025 12:50:00 PM, 1741.777
Mar 29 2025 12:55:00 PM, 1775.334
Mar 29 2025 1:00:00 PM, 1826.826
Mar 29 2025 1:05:00 PM, 1841.275
Mar 29 2025 1:10:00 PM, 1789.383
Mar 29 2025 1:15:00 PM, 1769.049
Mar 29 2025 1:20:00 PM, 1730.33
Mar 29 2025 1:25:00 PM, 1711.179
Mar 29 2025 1:30:00 PM, 1613.856
Mar 29 2025 1:35:00 PM, 1653.314
Mar 29 2025 1:40:00 PM, 1715.708
Mar 29 2025 1:45:00 PM, 1721.401
Mar 29 2025 1:50:00 PM, 1652.417
Mar 29 2025 1:55:00 PM, 1685.2
Mar 29 2025 2:00:00 PM, 1604.954
Mar 29 2025 2:05:00 PM, 1675.529
Mar 29 2025 2:10:00 PM, 1664.672
Mar 29 2025 2:15:00 PM, 1641.978
Mar 29 2025 2:20:00 PM, 1607.517
Mar 29 2025 2:25:00 PM, 1597.396
Mar 29 2025 2:30:00 PM, 1524.181
Mar 29 2025 2:35:00 PM, 1565.844
Mar 29 2025 2:40:00 PM, 1584.012
Mar 29 2025 2:45:00 PM, 1540.578
Mar 29 2025 2:50:00 PM, 1561.022
Mar 29 2025 2:55:00 PM, 1572.902
Mar 29 2025 3:00:00 PM, 1445.354
Mar 29 2025 3:05:00 PM, 1313.055
Mar 29 2025 3:10:00 PM, 1086.242
Mar 29 2025 3:15:00 PM, 1034.767
Mar 29 2025 3:20:00 PM, 1105.351
Mar 29 2025 3:25:00 PM, 815.896
Mar 29 2025 3:30:00 PM, 746.242
Mar 29 2025 3:35:00 PM, 915.212
Mar 29 2025 3:40:00 PM, 977.436
Mar 29 2025 3:45:00 PM, 929.723
Mar 29 2025 3:50:00 PM, 789.622
Mar 29 2025 3:55:00 PM, 754.634
Mar 29 2025 4:00:00 PM, 747.228
Mar 29 2025 4:05:00 PM, 804.494
Mar 29 2025 4:10:00 PM, 758.592
Mar 29 2025 4:15:00 PM, 698.421
Mar 29 2025 4:20:00 PM, 705.1
Mar 29 2025 4:25:00 PM, 600.962
Mar 29 2025 4:30:00 PM, 498.018
Mar 29 2025 4:35:00 PM, 511.185
Mar 29 2025 4:40:00 PM, 546.793
Mar 29 2025 4:45:00 PM, 526.736
Mar 29 2025 4:50:00 PM, 497.127
Mar 29 2025 4:55:00 PM, 539.754
Mar 29 2025 5:00:00 PM, 456.104
Mar 29 2025 5:05:00 PM, 413.013
Mar 29 2025 5:10:00 PM, 459.195
Mar 29 2025 5:15:00 PM, 446.475
Mar 29 2025 5:20:00 PM, 438.05
Mar 29 2025 5:25:00 PM, 412.939
Mar 29 2025 5:30:00 PM, 351.543
Mar 29 2025 5:35:00 PM, 308.303
Mar 29 2025 5:40:00 PM, 276.98
Mar 29 2025 5:45:00 PM, 256.894
Mar 29 2025 5:50:00 PM, 242.991
Mar 29 2025 5:55:00 PM, 229.991
Mar 29 2025 6:00:00 PM, 218.675
Mar 29 2025 6:05:00 PM, 210.015
Mar 29 2025 6:10:00 PM, 195.239
Mar 29 2025 6:15:00 PM, 180.764
Mar 29 2025 6:20:00 PM, 162.477
Mar 29 2025 6:25:00 PM, 141.592
Mar 29 2025 6:30:00 PM, 123.773
Mar 29 2025 6:35:00 PM, 102.923
Mar 29 2025 6:40:00 PM, 84.285
Mar 29 2025 6:45:00 PM, 74.966
Mar 29 2025 6:50:00 PM, 64.761
Mar 29 2025 6:55:00 PM, 54.432
Mar 29 2025 7:00:00 PM, 40.058
Mar 29 2025 7:05:00 PM, 24.764
Mar 29 2025 7:10:00 PM, 16.291