SYS,SYS,SYS,SYS,SYS,USERDEF,USERDEF,USERDEF,USERDEF,PORO,PORO,PORO,PORO,PORO,PORO,PORO,PORO,PORO,PORO,PORO,PORO,PORO,SENSOR,SENSOR,SENSOR,SENSOR,SENSOR,SENSOR,SENSOR,SENSOR,SENSOR,SENSOR,SENSOR,MATCH,MATCH,MATCH,MATCH,STABILITY,STABILITY,STABILITY,STABILITY,STABILITY,STABILITY,P_CONFIG,P_CONFIG,P_CONFIG,P_CONFIG,P_CONFIG,P_CONFIG,P_CONFIG,P_CONFIG,P_CONFIG,P_CONFIG,P_CONFIG,SENSOR_V,SENSOR_V,SENSOR_V,SENSOR_V,SENSOR_V,SENSOR_V,SENSOR_V,SENSOR_V,SENSOR_V,SENSOR_V,USERCAL,USERCAL,USERCAL,USERCAL,USERCAL,USERCAL,USERCAL,USERCAL,USERCAL,USERCAL,META,META,META,META,META,META,META
Obs#,Time,Date,configName,configAuthor,remark,Population,Plant,Top or bottom,gsw,gbw,gtw,E_apparent,VPcham,VPref,VPleaf,VPDleaf,H2O_r,H2O_s,H2O_leaf,leaf_area,leaf_width,rh_s,rh_r,Tref,Tmeas,Tleaf,P_atm,flow,flow_s,leak_pct,Qamb,batt,match_time,match_date,rh_adj,type,gsw1sec,gsw2sec,gsw4sec,flr1sec,flr2sec,flr4sec,auto,flow_set,gsw_limit,gsw_period,aw,Bla,Blb,Blc,Bld,Ble,chamber,v_humA,v_humB,v_flowIn,v_flowOut,v_temp,v_irt,v_pres,v_par,v_F,i_LED,b_rhr,m_rhr,span_rhr,b_rhs,m_rhs,span_rhs,z_flowIn,z_flowOut,z_quantum,z_flr,flashId,lciSerNum,lcpSerNum,lcfSerNum,lcrhSerNum,version,configUpdatedAt
,HHMMSS,YYYYMMDD,,,,,,,mol+1m-2s-1,mol+1m-2s-1,mol+1m-2s-1,mmol+1m-2s-1,kPa,kPa,kPa,kPa,mmol+1mol-1,mmol+1mol-1,mmol+1mol-1,cm+2,mm,%,%,C,C,C,kPa,umol+1sec-1,umol+1sec-1,%,umol+1m-2s-1,V,HHMMSS,YYYYMMDD,%,,,,,,,,,umol+1sec-1,(umol+1m-2s-1)s-1,s,,,,,,,,V,V,V,V,V,V,V,V,V,A,,,,,,,,,,,,,,,,,
1,13:23:30,2025-04-19,Petal_2025_low,glb and ks,,Percos,001,Top,0.040525,1.894928,0.039677,0.611742,1.240010,1.205774,2.778832,1.538822,11.842769,12.179021,27.292887,0.441786,7.500000,41.36,40.22,24.02,22.76,22.76,101.82,79.4,79.7,-0.3,1605,4.140,13:23:09,2025-04-19,-0.20,1,0.000,0.001,0.006,-0.024,-0.050,-0.099,1,75,0.001,2.000000,0.058905,0.000000,0.029230,0.000000,0.000000,-0.000068,standard,2.466937,2.506123,1.059122,0.757312,0.283636,-0.014282,0.070542,1.514221,58.793304,0.000138,2.400461,-0.000053,1.000000,2.435166,-0.000058,1.000000,0.601058,0.603298,0.107219,0.000000,,PFA-00225,PSA-00237,,RHS-00303,3.0.0,2025-04-17T20:38:22.057Z
2,13:23:55,2025-04-19,Petal_2025_low,glb and ks,,Percos,001,Bottom,0.026821,1.900599,0.026447,0.377073,1.222766,1.201744,2.646647,1.423881,11.804514,12.011014,25.997541,0.441786,7.500000,41.22,40.51,23.84,21.96,21.96,101.80,79.7,79.2,0.6,1384,4.140,13:23:09,2025-04-19,-0.20,1,0.000,0.000,-9999.000,-0.015,-0.033,-9999.000,1,75,0.001,2.000000,0.058905,0.000000,0.029230,0.000000,0.000000,-0.000068,standard,2.467399,2.505955,1.061180,0.756381,0.285655,-0.021356,0.073309,1.320568,57.828068,0.000144,2.400461,-0.000053,1.000000,2.435166,-0.000058,1.000000,0.601058,0.603298,0.107219,0.000000,,PFA-00225,PSA-00237,,RHS-00303,3.0.0,2025-04-17T20:38:22.057Z
3,13:24:15,2025-04-19,Petal_2025_low,glb and ks,,Percos,002,Top,0.060316,1.902952,0.058463,0.770905,1.238044,1.195141,2.555428,1.317384,11.739826,12.161266,25.101883,0.441786,7.500000,42.07,40.61,23.71,21.38,21.38,101.80,79.8,79.5,0.5,1494,4.139,13:23:09,2025-04-19,-0.20,1,0.001,0.001,-9999.000,-0.012,-0.029,-9999.000,1,75,0.001,2.000000,0.058905,0.000000,0.029230,0.000000,0.000000,-0.000068,standard,2.467566,2.507247,1.062035,0.756886,0.287159,-0.026325,0.075413,1.417304,57.259441,0.000143,2.400461,-0.000053,1.000000,2.435166,-0.000058,1.000000,0.601058,0.603298,0.107219,0.000000,,PFA-00225,PSA-00237,,RHS-00303,3.0.0,2025-04-17T20:38:22.057Z
4,13:24:32,2025-04-19,Petal_2025_low,glb and ks,,Percos,002,Bottom,0.003304,1.898214,0.003298,0.046606,1.195842,1.193239,2.607552,1.411710,11.720797,11.746367,25.613140,0.441786,7.500000,40.83,40.75,23.63,21.71,21.71,101.81,79.6,79.5,0.1,1340,4.139,13:23:09,2025-04-19,-0.20,1,0.000,0.001,-9999.000,-0.011,-0.024,-9999.000,1,75,0.001,2.000000,0.058905,0.000000,0.029230,0.000000,0.000000,-0.000068,standard,2.467780,2.505422,1.060313,0.757037,0.288101,-0.021633,0.077248,1.282126,56.870697,0.000142,2.400461,-0.000053,1.000000,2.435166,-0.000058,1.000000,0.601058,0.603298,0.107219,0.000000,,PFA-00225,PSA-00237,,RHS-00303,3.0.0,2025-04-17T20:38:22.057Z
5,13:24:49,2025-04-19,Petal_2025_low,glb and ks,,Percos,003,Top,0.000769,1.902796,0.000768,0.011057,1.191602,1.190986,2.629291,1.437689,11.697692,11.703740,25.824512,0.441786,7.500000,40.89,40.87,23.55,21.85,21.85,101.81,79.8,79.3,0.7,1167,4.139,13:23:09,2025-04-19,-0.20,1,0.000,0.000,-9999.000,-0.008,-0.019,-9999.000,1,75,0.001,2.000000,0.058905,0.000000,0.029230,0.000000,0.000000,-0.000068,standard,2.467969,2.505517,1.061978,0.756466,0.289026,-0.019155,0.079111,1.129981,56.516647,0.000141,2.400461,-0.000053,1.000000,2.435166,-0.000058,1.000000,0.601058,0.603298,0.107219,0.000000,,PFA-00225,PSA-00237,,RHS-00303,3.0.0,2025-04-17T20:38:22.057Z
6,13:25:06,2025-04-19,Petal_2025_low,glb and ks,,Percos,003,Bottom,0.011260,1.900930,0.011194,0.153697,1.190621,1.182051,2.562776,1.372154,11.609877,11.694055,25.171091,0.441786,7.500000,41.06,40.76,23.46,21.43,21.43,101.81,79.7,79.5,0.3,1143,4.138,13:23:09,2025-04-19,-0.20,1,0.000,0.000,-9999.000,-0.009,-0.016,-9999.000,1,75,0.001,2.000000,0.058905,0.000000,0.029230,0.000000,0.000000,-0.000068,standard,2.467838,2.505792,1.061300,0.756985,0.289988,-0.022937,0.080860,1.108861,56.218742,0.000147,2.400461,-0.000053,1.000000,2.435166,-0.000058,1.000000,0.601058,0.603298,0.107219,0.000000,,PFA-00225,PSA-00237,,RHS-00303,3.0.0,2025-04-17T20:38:22.057Z
7,13:25:34,2025-04-19,Petal_2025_low,glb and ks,,Percos,004,Top,0.001221,1.900573,0.001220,0.015530,1.178517,1.177650,2.451681,1.273164,11.566199,11.574708,24.078989,0.441786,7.500000,41.03,41.00,23.31,20.71,20.71,101.82,79.7,79.4,0.3,1274,4.138,13:23:09,2025-04-19,-0.20,1,-0.000,-0.000,-9999.000,-0.010,-0.010,-9999.000,1,75,0.001,2.000000,0.058905,0.000000,0.029230,0.000000,0.000000,-0.000068,standard,2.468215,2.505786,1.061170,0.756812,0.291833,-0.029224,0.083826,1.223626,55.768490,0.000143,2.400461,-0.000053,1.000000,2.435166,-0.000058,1.000000,0.601058,0.603298,0.107219,0.000000,,PFA-00225,PSA-00237,,RHS-00303,3.0.0,2025-04-17T20:38:22.057Z
8,13:25:48,2025-04-19,Petal_2025_low,glb and ks,,Percos,004,Bottom,0.008811,1.898136,0.008771,0.120993,1.183754,1.176993,2.562560,1.378806,11.559350,11.625748,25.167116,0.441786,7.500000,41.41,41.17,23.23,21.43,21.43,101.82,79.6,79.8,-0.3,495,4.137,13:23:09,2025-04-19,-0.20,1,0.001,0.001,-9999.000,-0.008,-0.015,-9999.000,1,75,0.001,2.000000,0.058905,0.000000,0.029230,0.000000,0.000000,-0.000068,standard,2.468478,2.506369,1.060285,0.757657,0.292750,-0.020195,0.085260,0.541578,55.573940,0.000141,2.400461,-0.000053,1.000000,2.435166,-0.000058,1.000000,0.601058,0.603298,0.107219,0.000000,,PFA-00225,PSA-00237,,RHS-00303,3.0.0,2025-04-17T20:38:22.057Z
9,13:26:05,2025-04-19,Petal_2025_low,glb and ks,,Percos,005,Top,0.002525,1.900157,0.002521,0.045071,1.179676,1.177161,2.962883,1.783207,11.560629,11.585330,29.097795,0.441786,7.500000,41.45,41.37,23.15,23.82,23.82,101.82,79.7,79.6,0.1,1734,4.137,13:23:09,2025-04-19,-0.20,1,0.000,0.000,-9999.000,-0.008,-0.013,-9999.000,1,75,0.001,2.000000,0.058905,0.000000,0.029230,0.000000,0.000000,-0.000068,standard,2.468771,2.506451,1.061019,0.757123,0.293629,0.008140,0.086959,1.627132,55.357216,0.000137,2.400461,-0.000053,1.000000,2.435166,-0.000058,1.000000,0.601058,0.603298,0.107219,0.000000,,PFA-00225,PSA-00237,,RHS-00303,3.0.0,2025-04-17T20:38:22.057Z
10,13:26:18,2025-04-19,Petal_2025_low,glb and ks,,Percos,005,Bottom,0.009933,1.895022,0.009881,0.131834,1.181700,1.174317,2.515618,1.333918,11.532413,11.604916,24.704700,0.441786,7.500000,41.67,41.41,23.09,21.13,21.13,101.83,79.4,79.7,-0.3,125,4.137,13:23:09,2025-04-19,-0.20,1,0.001,0.000,-9999.000,-0.007,-0.011,-9999.000,1,75,0.001,2.000000,0.058905,0.000000,0.029230,0.000000,0.000000,-0.000068,standard,2.468852,2.506792,1.059156,0.757302,0.294321,-0.022048,0.088324,0.216378,55.187344,0.000141,2.400461,-0.000053,1.000000,2.435166,-0.000058,1.000000,0.601058,0.603298,0.107219,0.000000,,PFA-00225,PSA-00237,,RHS-00303,3.0.0,2025-04-17T20:38:22.057Z
11,13:26:35,2025-04-19,Petal_2025_low,glb and ks,,Percos,006,Top,0.002783,1.906558,0.002779,0.040086,1.169125,1.166898,2.610774,1.441648,11.458821,11.480698,25.637543,0.441786,7.500000,41.43,41.35,23.01,21.73,21.73,101.83,80.0,79.3,0.9,1638,4.137,13:23:09,2025-04-19,-0.20,1,0.000,0.001,-9999.000,-0.005,-0.011,-9999.000,1,75,0.001,2.000000,0.058905,0.000000,0.029230,0.000000,0.000000,-0.000068,standard,2.468774,2.506440,1.063349,0.756602,0.295250,-0.014267,0.090040,1.543429,54.986359,0.000146,2.400461,-0.000053,1.000000,2.435166,-0.000058,1.000000,0.601058,0.603298,0.107219,0.000000,,PFA-00225,PSA-00237,,RHS-00303,3.0.0,2025-04-17T20:38:22.057Z
12,13:26:51,2025-04-19,Petal_2025_low,glb and ks,,Percos,006,Bottom,0.006672,1.902079,0.006649,0.088018,1.163901,1.158994,2.487912,1.324012,11.380816,11.428998,24.430216,0.441786,7.500000,41.46,41.28,22.93,20.95,20.95,101.84,79.8,79.4,0.4,112,4.136,13:23:09,2025-04-19,-0.20,1,-0.000,0.000,-9999.000,-0.005,-0.014,-9999.000,1,75,0.001,2.000000,0.058905,0.000000,0.029230,0.000000,0.000000,-0.000068,standard,2.468696,2.506502,1.061718,0.756820,0.296262,-0.022174,0.091586,0.205667,54.821491,0.000142,2.400461,-0.000053,1.000000,2.435166,-0.000058,1.000000,0.601058,0.603298,0.107219,0.000000,,PFA-00225,PSA-00237,,RHS-00303,3.0.0,2025-04-17T20:38:22.057Z
13,13:27:11,2025-04-19,Petal_2025_low,glb and ks,,Percos,007,Top,0.001784,1.905110,0.001782,0.025398,1.157042,1.155629,2.581665,1.424623,11.347745,11.361620,25.350769,0.441786,7.500000,41.48,41.43,22.82,21.55,21.55,101.84,79.9,79.7,0.3,1110,4.136,13:23:09,2025-04-19,-0.20,1,0.000,-0.000,-9999.000,-0.008,-0.012,-9999.000,1,75,0.001,2.000000,0.058905,0.000000,0.029230,0.000000,0.000000,-0.000068,standard,2.468928,2.506557,1.062821,0.757436,0.297526,-0.014121,0.093574,1.079895,54.617645,0.000141,2.400461,-0.000053,1.000000,2.435166,-0.000058,1.000000,0.601058,0.603298,0.107219,0.000000,,PFA-00225,PSA-00237,,RHS-00303,3.0.0,2025-04-17T20:38:22.057Z
14,13:27:25,2025-04-19,Petal_2025_low,glb and ks,,Percos,007,Bottom,0.007227,1.904539,0.007199,0.099826,1.158194,1.152638,2.544685,1.386491,11.317846,11.372404,24.986475,0.441786,7.500000,41.67,41.47,22.76,21.32,21.32,101.84,79.9,79.5,0.6,1128,4.136,13:23:09,2025-04-19,-0.20,1,0.000,0.000,-9999.000,-0.007,-0.008,-9999.000,1,75,0.001,2.000000,0.058905,0.000000,0.029230,0.000000,0.000000,-0.000068,standard,2.468996,2.506851,1.062613,0.756889,0.298219,-0.016115,0.095007,1.096026,54.468513,0.000141,2.400461,-0.000053,1.000000,2.435166,-0.000058,1.000000,0.601058,0.603298,0.107219,0.000000,,PFA-00225,PSA-00237,,RHS-00303,3.0.0,2025-04-17T20:38:22.057Z
15,13:27:47,2025-04-19,Petal_2025_low,glb and ks,,Percos,008,Top,0.002904,1.901477,0.002900,0.036243,1.147824,1.145803,2.398555,1.250731,11.251063,11.270914,23.552305,0.441786,7.500000,41.53,41.46,22.67,20.35,20.35,101.84,79.7,79.4,0.4,110,4.136,13:23:09,2025-04-19,-0.20,1,0.000,-0.000,-9999.000,-0.005,-0.006,-9999.000,1,75,0.001,2.000000,0.058905,0.000000,0.029230,0.000000,0.000000,-0.000068,standard,2.469005,2.506670,1.061499,0.756825,0.299355,-0.025838,0.097169,0.203747,54.277897,0.000141,2.400461,-0.000053,1.000000,2.435166,-0.000058,1.000000,0.601058,0.603298,0.107219,0.000000,,PFA-00225,PSA-00237,,RHS-00303,3.0.0,2025-04-17T20:38:22.057Z
16,13:28:05,2025-04-19,Petal_2025_low,glb and ks,,Percos,008,Bottom,0.007920,1.900315,0.007887,0.102802,1.149649,1.143910,2.453705,1.304056,11.231292,11.287642,24.091299,0.441786,7.500000,41.82,41.61,22.58,20.72,20.72,101.85,79.7,79.3,0.4,1266,4.136,13:23:09,2025-04-19,-0.20,1,0.000,0.000,-9999.000,-0.002,-0.006,-9999.000,1,75,0.001,2.000000,0.058905,0.000000,0.029230,0.000000,0.000000,-0.000068,standard,2.469248,2.507126,1.061076,0.756635,0.300425,-0.020670,0.098903,1.216850,54.117321,0.000147,2.400461,-0.000053,1.000000,2.435166,-0.000058,1.000000,0.601058,0.603298,0.107219,0.000000,,PFA-00225,PSA-00237,,RHS-00303,3.0.0,2025-04-17T20:38:22.057Z
17,13:28:21,2025-04-19,Petal_2025_low,glb and ks,,Percos,009,Top,0.007456,1.897686,0.007426,0.100077,1.149930,1.144334,2.497733,1.347803,11.236528,11.291483,24.525932,0.441786,7.500000,42.00,41.80,22.51,21.01,21.01,101.84,79.5,79.6,-0.0,1442,4.135,13:23:09,2025-04-19,-0.20,1,0.000,-0.000,-9999.000,-0.005,-0.010,-9999.000,1,75,0.001,2.000000,0.058905,0.000000,0.029230,0.000000,0.000000,-0.000068,standard,2.469529,2.507411,1.060122,0.757103,0.301235,-0.016634,0.100508,1.371553,53.953171,0.000142,2.400461,-0.000053,1.000000,2.435166,-0.000058,1.000000,0.601058,0.603298,0.107219,0.000000,,PFA-00225,PSA-00237,,RHS-00303,3.0.0,2025-04-17T20:38:22.057Z
18,13:28:36,2025-04-19,Petal_2025_low,glb and ks,,Percos,009,Bottom,0.006266,1.898565,0.006245,0.080146,1.144220,1.139740,2.428326,1.284107,11.190787,11.234774,23.843058,0.441786,7.500000,41.99,41.82,22.44,20.55,20.55,101.85,79.6,79.9,-0.4,1179,4.135,13:23:09,2025-04-19,-0.20,1,-0.000,0.000,-9999.000,-0.009,-0.007,-9999.000,1,75,0.001,2.000000,0.058905,0.000000,0.029230,0.000000,0.000000,-0.000068,standard,2.469577,2.507401,1.060441,0.757825,0.302141,-0.020922,0.101970,1.141100,53.859116,0.000137,2.400461,-0.000053,1.000000,2.435166,-0.000058,1.000000,0.601058,0.603298,0.107219,0.000000,,PFA-00225,PSA-00237,,RHS-00303,3.0.0,2025-04-17T20:38:22.057Z
19,13:28:57,2025-04-19,Petal_2025_low,glb and ks,,Percos,010,Top,0.009113,1.908474,0.009069,0.121994,1.142593,1.135819,2.488154,1.345562,11.152018,11.218524,24.429895,0.441786,7.500000,42.24,41.99,22.32,20.95,20.95,101.85,80.1,74.6,6.9,116,4.134,13:23:09,2025-04-19,-0.20,1,-0.001,-0.000,-9999.000,-0.004,-0.008,-9999.000,1,75,0.001,2.000000,0.058905,0.000000,0.029230,0.000000,0.000000,-0.000068,standard,2.469845,2.507807,1.064048,0.746681,0.303628,-0.015054,0.103978,0.208908,53.715347,0.000145,2.400461,-0.000053,1.000000,2.435166,-0.000058,1.000000,0.601058,0.603298,0.107219,0.000000,,PFA-00225,PSA-00237,,RHS-00303,3.0.0,2025-04-17T20:38:22.057Z
20,13:29:15,2025-04-19,Petal_2025_low,glb and ks,,Percos,010,Bottom,0.007263,1.898984,0.007236,0.093860,1.138781,1.133535,2.436784,1.298003,11.129540,11.181042,23.925396,0.441786,7.500000,42.33,42.13,22.23,20.61,20.61,101.85,79.6,79.3,0.4,101,4.134,13:23:09,2025-04-19,-0.20,1,0.001,0.000,-9999.000,-0.004,-0.009,-9999.000,1,75,0.001,2.000000,0.058905,0.000000,0.029230,0.000000,0.000000,-0.000068,standard,2.470072,2.507961,1.060593,0.756501,0.304721,-0.017836,0.105617,0.195462,53.578018,0.000135,2.400461,-0.000053,1.000000,2.435166,-0.000058,1.000000,0.601058,0.603298,0.107219,0.000000,,PFA-00225,PSA-00237,,RHS-00303,3.0.0,2025-04-17T20:38:22.057Z
21,13:29:32,2025-04-19,Petal_2025_low,glb and ks,,Percos,011,Top,0.004053,1.904458,0.004045,0.056950,1.134770,1.131599,2.543066,1.408296,11.109710,11.140843,24.967083,0.441786,7.500000,42.40,42.29,22.14,21.30,21.30,101.86,79.9,79.7,0.2,779,4.134,13:23:09,2025-04-19,-0.20,1,0.000,0.000,-9999.000,-0.003,-0.008,-9999.000,1,75,0.001,2.000000,0.058905,0.000000,0.029230,0.000000,0.000000,-0.000068,standard,2.470309,2.508092,1.062584,0.757443,0.305787,-0.008986,0.107220,0.790169,53.452133,0.000141,2.400461,-0.000053,1.000000,2.435166,-0.000058,1.000000,0.601058,0.603298,0.107219,0.000000,,PFA-00225,PSA-00237,,RHS-00303,3.0.0,2025-04-17T20:38:22.057Z
22,13:29:46,2025-04-19,Petal_2025_low,glb and ks,,Percos,011,Bottom,0.008300,1.899991,0.008264,0.104716,1.133148,1.127299,2.401364,1.268216,11.067577,11.124999,23.576071,0.441786,7.500000,42.50,42.28,22.08,20.37,20.37,101.86,79.7,79.2,0.6,947,4.133,13:23:09,2025-04-19,-0.20,1,-0.000,-0.001,-9999.000,-0.004,-0.008,-9999.000,1,75,0.001,2.000000,0.058905,0.000000,0.029230,0.000000,0.000000,-0.000068,standard,2.470308,2.508242,1.060959,0.756302,0.306511,-0.018816,0.108546,0.937607,53.373100,0.000143,2.400461,-0.000053,1.000000,2.435166,-0.000058,1.000000,0.601058,0.603298,0.107219,0.000000,,PFA-00225,PSA-00237,,RHS-00303,3.0.0,2025-04-17T20:38:22.057Z
23,13:30:07,2025-04-19,Petal_2025_low,glb and ks,,Percos,012,Top,0.003643,1.901027,0.003636,0.045664,1.123749,1.121200,2.380857,1.257109,11.007965,11.032990,23.375313,0.441786,7.500000,42.45,42.36,21.96,20.23,20.23,101.85,79.7,79.5,0.2,712,4.133,13:23:09,2025-04-19,-0.20,1,-0.000,-0.000,-9999.000,-0.003,-0.006,-9999.000,1,75,0.001,2.000000,0.058905,0.000000,0.029230,0.000000,0.000000,-0.000068,standard,2.470447,2.508203,1.061335,0.757039,0.307983,-0.018994,0.110506,0.731052,53.228260,0.000140,2.400461,-0.000053,1.000000,2.435166,-0.000058,1.000000,0.601058,0.603298,0.107219,0.000000,,PFA-00225,PSA-00237,,RHS-00303,3.0.0,2025-04-17T20:38:22.057Z
24,13:30:21,2025-04-19,Petal_2025_low,glb and ks,,Percos,012,Bottom,0.009572,1.904217,0.009524,0.115205,1.122169,1.115752,2.333272,1.211103,10.954533,11.017532,22.908232,0.441786,7.500000,42.61,42.36,21.88,19.91,19.91,101.85,79.9,79.3,0.7,101,4.133,13:23:09,2025-04-19,-0.20,1,0.000,0.000,-9999.000,-0.004,-0.006,-9999.000,1,75,0.001,2.000000,0.058905,0.000000,0.029230,0.000000,0.000000,-0.000068,standard,2.470474,2.508450,1.062496,0.756635,0.309001,-0.021696,0.111772,0.196183,53.122402,0.000139,2.400461,-0.000053,1.000000,2.435166,-0.000058,1.000000,0.601058,0.603298,0.107219,0.000000,,PFA-00225,PSA-00237,,RHS-00303,3.0.0,2025-04-17T20:38:22.057Z
25,13:30:43,2025-04-19,Petal_2025_low,glb and ks,,Percos,013,Top,0.016631,1.905204,0.016487,0.251261,1.129958,1.115974,2.653274,1.523316,10.957032,11.094331,26.050797,0.441786,7.500000,43.12,42.58,21.80,22.00,22.00,101.85,80.0,79.6,0.4,1275,4.132,13:23:09,2025-04-19,-0.20,1,-0.001,-0.000,-0.003,-0.002,-0.001,-0.011,1,75,0.001,2.000000,0.058905,0.000000,0.029230,0.000000,0.000000,-0.000068,standard,2.470807,2.509228,1.062855,0.757270,0.310012,0.002882,0.113751,1.224533,52.938580,0.000140,2.400461,-0.000053,1.000000,2.435166,-0.000058,1.000000,0.601058,0.603298,0.107219,0.000000,,PFA-00225,PSA-00237,,RHS-00303,3.0.0,2025-04-17T20:38:22.057Z
26,13:31:04,2025-04-19,Petal_2025_low,glb and ks,,Percos,013,Bottom,0.005991,1.898404,0.005972,0.091664,1.119218,1.114093,2.653511,1.534293,10.938859,10.989184,26.053831,0.441786,7.500000,42.90,42.70,21.72,22.00,22.00,101.85,79.6,79.7,-0.2,1282,4.132,13:23:09,2025-04-19,-0.20,1,0.000,0.000,-9999.000,-0.000,-0.007,-9999.000,1,75,0.001,2.000000,0.058905,0.000000,0.029230,0.000000,0.000000,-0.000068,standard,2.470994,2.508919,1.060382,0.757413,0.310925,0.003747,0.115614,1.230688,52.818062,0.000143,2.400461,-0.000053,1.000000,2.435166,-0.000058,1.000000,0.601058,0.603298,0.107219,0.000000,,PFA-00225,PSA-00237,,RHS-00303,3.0.0,2025-04-17T20:38:22.057Z
27,13:31:27,2025-04-19,Petal_2025_low,glb and ks,,Percos,013,Top,0.007918,1.901515,0.007885,0.106171,1.115586,1.109661,2.462817,1.347232,10.895590,10.953759,24.182014,0.441786,7.500000,42.98,42.75,21.64,20.78,20.78,101.85,79.8,79.9,-0.1,1340,4.132,13:23:09,2025-04-19,-0.20,1,0.000,-0.000,-9999.000,-0.005,-0.004,-9999.000,1,75,0.001,2.000000,0.058905,0.000000,0.029230,0.000000,0.000000,-0.000068,standard,2.471082,2.509058,1.061512,0.757720,0.311975,-0.009123,0.117709,1.281830,52.699326,0.000148,2.400461,-0.000053,1.000000,2.435166,-0.000058,1.000000,0.601058,0.603298,0.107219,0.000000,,PFA-00225,PSA-00237,,RHS-00303,3.0.0,2025-04-17T20:38:22.057Z
28,13:31:53,2025-04-19,Petal_2025_low,glb and ks,,Percos,014,Top,0.006850,1.894497,0.006825,0.086875,1.113100,1.108229,2.387268,1.274168,10.880967,10.928793,23.438997,0.441786,7.500000,43.05,42.87,21.57,20.28,20.28,101.85,79.4,79.3,0.1,124,4.132,13:23:09,2025-04-19,-0.20,1,-0.000,-0.001,-9999.000,-0.004,-0.005,-9999.000,1,75,0.001,2.000000,0.058905,0.000000,0.029230,0.000000,0.000000,-0.000068,standard,2.471261,2.509185,1.058966,0.756583,0.312788,-0.014062,0.120059,0.215685,52.536606,0.000143,2.400461,-0.000053,1.000000,2.435166,-0.000058,1.000000,0.601058,0.603298,0.107219,0.000000,,PFA-00225,PSA-00237,,RHS-00303,3.0.0,2025-04-17T20:38:22.057Z
29,13:32:13,2025-04-19,Petal_2025_low,glb and ks,,Percos,014,Bottom,0.008975,1.901715,0.008932,0.133301,1.117530,1.110093,2.609712,1.492181,10.898836,10.971858,25.622021,0.441786,7.500000,43.35,43.06,21.53,21.73,21.73,101.85,79.8,79.7,0.1,944,4.131,13:23:09,2025-04-19,-0.20,1,-0.000,-0.000,-9999.000,-0.002,-0.007,-9999.000,1,75,0.001,2.000000,0.058905,0.000000,0.029230,0.000000,0.000000,-0.000068,standard,2.471554,2.509638,1.061585,0.757411,0.313385,0.002901,0.121821,0.935164,52.415371,0.000136,2.400461,-0.000053,1.000000,2.435166,-0.000058,1.000000,0.601058,0.603298,0.107219,0.000000,,PFA-00225,PSA-00237,,RHS-00303,3.0.0,2025-04-17T20:38:22.057Z
30,13:32:36,2025-04-19,Petal_2025_low,glb and ks,,Percos,015,Top,0.006139,1.899412,0.006119,0.079156,1.113607,1.109183,2.408652,1.295044,10.887496,10.930927,23.642801,0.441786,7.500000,43.35,43.18,21.47,20.42,20.42,101.88,79.6,79.8,-0.2,497,4.131,13:23:09,2025-04-19,-0.20,1,-0.000,-0.001,-9999.000,-0.003,-0.006,-9999.000,1,75,0.001,2.000000,0.058905,0.000000,0.029230,0.000000,0.000000,-0.000068,standard,2.471734,2.509652,1.060748,0.757641,0.314111,-0.011230,0.123806,0.543222,52.275539,0.000134,2.400461,-0.000053,1.000000,2.435166,-0.000058,1.000000,0.601058,0.603298,0.107219,0.000000,,PFA-00225,PSA-00237,,RHS-00303,3.0.0,2025-04-17T20:38:22.057Z
31,13:32:51,2025-04-19,Petal_2025_low,glb and ks,,Percos,015,Bottom,0.009048,1.899012,0.009005,0.116501,1.113044,1.106530,2.408380,1.295336,10.860842,10.924782,23.638798,0.441786,7.500000,43.46,43.21,21.42,20.42,20.42,101.88,79.6,79.6,0.1,184,4.131,13:23:09,2025-04-19,-0.20,1,-0.000,0.000,-9999.000,-0.003,-0.006,-9999.000,1,75,0.001,2.000000,0.058905,0.000000,0.029230,0.000000,0.000000,-0.000068,standard,2.471786,2.509827,1.060603,0.757087,0.314739,-0.010678,0.125095,0.268723,52.195431,0.000141,2.400461,-0.000053,1.000000,2.435166,-0.000058,1.000000,0.601058,0.603298,0.107219,0.000000,,PFA-00225,PSA-00237,,RHS-00303,3.0.0,2025-04-17T20:38:22.057Z
32,13:33:33,2025-04-19,Petal_2025_low,glb and ks,,Percos,016,Top,0.001234,1.899886,0.001234,0.015175,1.106994,1.106146,2.339069,1.232076,10.856966,10.865291,22.958275,0.441786,7.500000,43.54,43.51,21.30,19.95,19.95,101.88,79.7,79.8,-0.1,978,4.129,13:33:26,2025-04-19,-0.30,1,-0.000,-0.000,-0.008,-0.003,-0.003,-0.011,1,75,0.001,2.000000,0.058905,0.000000,0.029230,0.000000,0.000000,-0.000068,standard,2.472245,2.510115,1.060920,0.757516,0.316251,-0.014604,0.128703,0.964279,51.960110,0.000136,2.400461,-0.000053,1.000000,2.435166,-0.000058,1.000000,0.601058,0.603298,0.107219,0.000000,,PFA-00225,PSA-00237,,RHS-00303,3.0.0,2025-04-17T20:38:22.057Z
33,13:33:48,2025-04-19,Petal_2025_low,glb and ks,,Percos,016,Bottom,0.006071,1.903930,0.006051,0.074424,1.104141,1.099993,2.336075,1.231934,10.796340,10.837054,22.928381,0.441786,7.500000,43.52,43.36,21.27,19.93,19.93,101.89,79.9,79.8,0.1,1354,4.130,13:33:26,2025-04-19,-0.30,1,-0.000,-0.000,-9999.000,-0.005,-0.003,-9999.000,1,75,0.001,2.000000,0.058905,0.000000,0.029230,0.000000,0.000000,-0.000068,standard,2.472033,2.510089,1.062392,0.757678,0.316679,-0.014449,0.130026,1.294566,51.885368,0.000139,2.400461,-0.000053,1.000000,2.435166,-0.000058,1.000000,0.601058,0.603298,0.107219,0.000000,,PFA-00225,PSA-00237,,RHS-00303,3.0.0,2025-04-17T20:38:22.057Z
34,13:34:10,2025-04-19,Petal_2025_low,glb and ks,,Percos,017,Top,0.002844,1.896433,0.002840,0.044702,1.106066,1.103562,2.679968,1.573902,10.831766,10.856344,26.304628,0.441786,7.500000,43.71,43.61,21.22,22.16,22.16,101.88,79.5,79.7,-0.3,1187,4.129,13:33:26,2025-04-19,-0.30,1,-0.000,-0.000,-9999.000,0.000,-0.004,-9999.000,1,75,0.001,2.000000,0.058905,0.000000,0.029230,0.000000,0.000000,-0.000068,standard,2.472410,2.510384,1.059667,0.757371,0.317228,0.011404,0.131878,1.147936,51.757694,0.000141,2.400461,-0.000053,1.000000,2.435166,-0.000058,1.000000,0.601058,0.603298,0.107219,0.000000,,PFA-00225,PSA-00237,,RHS-00303,3.0.0,2025-04-17T20:38:22.057Z
35,13:34:23,2025-04-19,Petal_2025_low,glb and ks,,Percos,017,Bottom,0.006801,1.902106,0.006777,0.088090,1.107367,1.102451,2.408852,1.301485,10.821318,10.869565,23.644535,0.441786,7.500000,43.82,43.63,21.20,20.42,20.42,101.88,79.8,79.7,0.1,363,4.129,13:33:26,2025-04-19,-0.30,1,-0.000,-0.000,-9999.000,0.004,-0.007,-9999.000,1,75,0.001,2.000000,0.058905,0.000000,0.029230,0.000000,0.000000,-0.000068,standard,2.472432,2.510548,1.061727,0.757464,0.317495,-0.008144,0.133041,0.425168,51.692245,0.000133,2.400461,-0.000053,1.000000,2.435166,-0.000058,1.000000,0.601058,0.603298,0.107219,0.000000,,PFA-00225,PSA-00237,,RHS-00303,3.0.0,2025-04-17T20:38:22.057Z
36,13:34:48,2025-04-19,Petal_2025_low,glb and ks,,Percos,018,Top,0.003384,1.900727,0.003378,0.043979,1.105553,1.103096,2.409153,1.303600,10.828180,10.852291,23.648645,0.441786,7.500000,43.86,43.76,21.16,20.43,20.43,101.87,79.7,79.7,0.0,467,4.128,13:33:26,2025-04-19,-0.30,1,-0.000,-0.000,-9999.000,-0.000,-0.004,-9999.000,1,75,0.001,2.000000,0.058905,0.000000,0.029230,0.000000,0.000000,-0.000068,standard,2.472635,2.510615,1.061226,0.757381,0.318020,-0.007649,0.135111,0.516887,51.547050,0.000138,2.400461,-0.000053,1.000000,2.435166,-0.000058,1.000000,0.601058,0.603298,0.107219,0.000000,,PFA-00225,PSA-00237,,RHS-00303,3.0.0,2025-04-17T20:38:22.057Z
37,13:35:07,2025-04-19,Petal_2025_low,glb and ks,,Percos,018,Bottom,0.009541,1.898951,0.009494,0.121577,1.103266,1.096467,2.385500,1.282234,10.763373,10.830108,23.417042,0.441786,7.500000,43.85,43.58,21.13,20.27,20.27,101.87,79.6,79.7,-0.1,1558,4.128,13:33:26,2025-04-19,-0.30,1,-0.000,-0.000,-9999.000,-0.001,0.002,-9999.000,1,75,0.001,2.000000,0.058905,0.000000,0.029230,0.000000,0.000000,-0.000068,standard,2.472378,2.510605,1.060581,0.757361,0.318397,-0.009107,0.136669,1.472735,51.471233,0.000138,2.400461,-0.000053,1.000000,2.435166,-0.000058,1.000000,0.601058,0.603298,0.107219,0.000000,,PFA-00225,PSA-00237,,RHS-00303,3.0.0,2025-04-17T20:38:22.057Z
38,13:35:29,2025-04-19,Petal_2025_low,glb and ks,,Percos,019,Top,0.004035,1.903052,0.004027,0.060678,1.103610,1.100227,2.610647,1.507037,10.799932,10.833145,25.626366,0.441786,7.500000,43.95,43.82,21.10,21.73,21.73,101.87,79.8,79.2,0.8,1397,4.128,13:33:26,2025-04-19,-0.30,1,-0.000,-0.000,-9999.000,-0.003,-0.002,-9999.000,1,75,0.001,2.000000,0.058905,0.000000,0.029230,0.000000,0.000000,-0.000068,standard,2.472728,2.510767,1.062072,0.756402,0.318826,0.007922,0.138520,1.332294,51.371456,0.000137,2.400461,-0.000053,1.000000,2.435166,-0.000058,1.000000,0.601058,0.603298,0.107219,0.000000,,PFA-00225,PSA-00237,,RHS-00303,3.0.0,2025-04-17T20:38:22.057Z
39,13:35:53,2025-04-19,Petal_2025_low,glb and ks,,Percos,019,Bottom,0.010700,1.893174,0.010640,0.144525,1.106166,1.098053,2.465656,1.359489,10.779017,10.858659,24.204060,0.441786,7.500000,44.09,43.77,21.08,20.80,20.80,101.87,79.3,79.6,-0.4,186,4.127,13:33:26,2025-04-19,-0.30,1,-0.000,0.000,-9999.000,-0.003,-0.006,-9999.000,1,75,0.001,2.000000,0.058905,0.000000,0.029230,0.000000,0.000000,-0.000068,standard,2.472656,2.510973,1.058487,0.757196,0.318989,-0.002532,0.140499,0.270690,51.240204,0.000138,2.400461,-0.000053,1.000000,2.435166,-0.000058,1.000000,0.601058,0.603298,0.107219,0.000000,,PFA-00225,PSA-00237,,RHS-00303,3.0.0,2025-04-17T20:38:22.057Z
40,13:36:18,2025-04-19,Petal_2025_low,glb and ks,,Percos,020,Top,0.004558,1.896323,0.004547,0.066362,1.100548,1.096831,2.560737,1.460189,10.766884,10.803377,25.137119,0.441786,7.500000,43.89,43.74,21.08,21.42,21.42,101.87,79.5,80.0,-0.6,1218,4.127,13:33:26,2025-04-19,-0.30,1,-0.001,-0.001,-9999.000,-0.006,-0.006,-9999.000,1,75,0.001,2.000000,0.058905,0.000000,0.029230,0.000000,0.000000,-0.000068,standard,2.472617,2.510672,1.059627,0.757961,0.319086,0.004553,0.142501,1.174567,51.097153,0.000148,2.400461,-0.000053,1.000000,2.435166,-0.000058,1.000000,0.601058,0.603298,0.107219,0.000000,,PFA-00225,PSA-00237,,RHS-00303,3.0.0,2025-04-17T20:38:22.057Z
41,13:36:38,2025-04-19,Petal_2025_low,glb and ks,,Percos,020,Bottom,0.014118,1.896518,0.014014,0.220294,1.102925,1.090586,2.674587,1.571662,10.705928,10.827050,26.255548,0.441786,7.500000,44.03,43.54,21.06,22.13,22.13,101.87,79.5,79.4,0.1,1923,4.127,13:33:26,2025-04-19,-0.30,1,0.000,-0.000,-9999.000,-0.005,-0.004,-9999.000,1,75,0.001,2.000000,0.058905,0.000000,0.029230,0.000000,0.000000,-0.000068,standard,2.472332,2.510889,1.059698,0.756768,0.319314,0.012912,0.144030,1.792965,50.980209,0.000134,2.400461,-0.000053,1.000000,2.435166,-0.000058,1.000000,0.601058,0.603298,0.107219,0.000000,,PFA-00225,PSA-00237,,RHS-00303,3.0.0,2025-04-17T20:38:22.057Z
42,13:36:58,2025-04-19,Petal_2025_low,glb and ks,,Percos,021,Top,0.006491,1.903009,0.006469,0.096669,1.098708,1.093318,2.593251,1.494543,10.733006,10.785924,25.457724,0.441786,7.500000,43.95,43.74,21.02,21.62,21.62,101.86,79.8,79.6,0.3,821,4.126,13:33:26,2025-04-19,-0.30,1,-0.000,-0.001,-9999.000,0.001,-0.002,-9999.000,1,75,0.001,2.000000,0.058905,0.000000,0.029230,0.000000,0.000000,-0.000068,standard,2.472629,2.510784,1.062056,0.757095,0.319757,0.007509,0.145553,0.826713,50.911545,0.000136,2.400461,-0.000053,1.000000,2.435166,-0.000058,1.000000,0.601058,0.603298,0.107219,0.000000,,PFA-00225,PSA-00237,,RHS-00303,3.0.0,2025-04-17T20:38:22.057Z
43,13:37:16,2025-04-19,Petal_2025_low,glb and ks,,Percos,021,Bottom,0.007053,1.900638,0.007027,0.092760,1.098735,1.093554,2.420252,1.321518,10.735377,10.786238,23.759527,0.441786,7.500000,44.03,43.82,21.00,20.50,20.50,101.86,79.7,79.5,0.3,1460,4.127,13:33:26,2025-04-19,-0.30,1,-0.000,0.000,-9999.000,-0.000,-0.000,-9999.000,1,75,0.001,2.000000,0.058905,0.000000,0.029230,0.000000,0.000000,-0.000068,standard,2.472754,2.510902,1.061194,0.756930,0.320108,-0.004937,0.146953,1.387444,50.788521,0.000136,2.400461,-0.000053,1.000000,2.435166,-0.000058,1.000000,0.601058,0.603298,0.107219,0.000000,,PFA-00225,PSA-00237,,RHS-00303,3.0.0,2025-04-17T20:38:22.057Z
44,13:37:41,2025-04-19,Petal_2025_low,glb and ks,,Percos,022,Top,0.003553,1.890388,0.003546,0.049061,1.096758,1.093998,2.481208,1.384450,10.739635,10.766725,24.357683,0.441786,7.500000,44.20,44.09,20.90,20.90,20.90,101.87,79.1,79.6,-0.6,1377,4.126,13:33:26,2025-04-19,-0.30,1,-0.001,-0.001,-9999.000,-0.002,-0.004,-9999.000,1,75,0.001,2.000000,0.058905,0.000000,0.029230,0.000000,0.000000,-0.000068,standard,2.473163,2.511184,1.057480,0.757180,0.321318,0.000709,0.148883,1.313897,50.710915,0.000137,2.400461,-0.000053,1.000000,2.435166,-0.000058,1.000000,0.601058,0.603298,0.107219,0.000000,,PFA-00225,PSA-00237,,RHS-00303,3.0.0,2025-04-17T20:38:22.057Z
45,13:38:01,2025-04-19,Petal_2025_low,glb and ks,,Percos,022,Bottom,0.012113,1.904412,0.012037,0.145052,1.096298,1.088216,2.303384,1.207086,10.682769,10.762100,22.611790,0.441786,7.500000,44.34,44.01,20.85,19.70,19.70,101.87,79.9,79.7,0.2,1270,4.126,13:33:26,2025-04-19,-0.30,1,-0.001,-0.000,-0.003,0.002,-0.001,-0.007,1,75,0.001,2.000000,0.058905,0.000000,0.029230,0.000000,0.000000,-0.000068,standard,2.473056,2.511393,1.062567,0.757412,0.322034,-0.012203,0.150467,1.220345,50.627232,0.000137,2.400461,-0.000053,1.000000,2.435166,-0.000058,1.000000,0.601058,0.603298,0.107219,0.000000,,PFA-00225,PSA-00237,,RHS-00303,3.0.0,2025-04-17T20:38:22.057Z
46,13:38:18,2025-04-19,Petal_2025_low,glb and ks,,Percos,023,Top,0.002673,1.895303,0.002669,0.031830,1.095841,1.094057,2.290577,1.194736,10.740027,10.757545,22.485907,0.441786,7.500000,44.46,44.39,20.80,19.61,19.61,101.87,79.4,79.9,-0.6,122,4.125,13:33:26,2025-04-19,-0.30,1,0.000,-0.000,-9999.000,-0.007,-0.005,-9999.000,1,75,0.001,2.000000,0.058905,0.000000,0.029230,0.000000,0.000000,-0.000068,standard,2.473611,2.511591,1.059258,0.757729,0.322716,-0.012603,0.151805,0.213750,50.549625,0.000137,2.400461,-0.000053,1.000000,2.435166,-0.000058,1.000000,0.601058,0.603298,0.107219,0.000000,,PFA-00225,PSA-00237,,RHS-00303,3.0.0,2025-04-17T20:38:22.057Z
47,13:38:33,2025-04-19,Petal_2025_low,glb and ks,,Percos,023,Bottom,0.006776,1.905881,0.006752,0.082968,1.100953,1.096335,2.331666,1.230713,10.762100,10.807429,22.888636,0.441786,7.500000,44.76,44.57,20.76,19.90,19.90,101.87,80.0,80.2,-0.3,137,4.125,13:33:26,2025-04-19,-0.30,1,0.000,-0.000,-9999.000,-0.002,-0.004,-9999.000,1,75,0.001,2.000000,0.058905,0.000000,0.029230,0.000000,0.000000,-0.000068,standard,2.473882,2.512043,1.063102,0.758440,0.323151,-0.009014,0.152830,0.226906,50.468803,0.000141,2.400461,-0.000053,1.000000,2.435166,-0.000058,1.000000,0.601058,0.603298,0.107219,0.000000,,PFA-00225,PSA-00237,,RHS-00303,3.0.0,2025-04-17T20:38:22.057Z
48,13:39:04,2025-04-19,Petal_2025_low,glb and ks,,Percos,024,Top,0.003822,1.897446,0.003814,0.050113,1.090078,1.087273,2.405664,1.315586,10.672589,10.700129,23.613823,0.441786,7.500000,44.48,44.36,20.70,20.40,20.40,101.88,79.5,79.6,-0.1,1777,4.125,13:33:26,2025-04-19,-0.30,1,-0.000,-0.001,-9999.000,-0.001,-0.001,-9999.000,1,75,0.001,2.000000,0.058905,0.000000,0.029230,0.000000,0.000000,-0.000068,standard,2.473593,2.511634,1.060034,0.757123,0.323900,-0.002676,0.155124,1.665202,50.275326,0.000145,2.400461,-0.000053,1.000000,2.435166,-0.000058,1.000000,0.601058,0.603298,0.107219,0.000000,,PFA-00225,PSA-00237,,RHS-00303,3.0.0,2025-04-17T20:38:22.057Z
49,13:39:19,2025-04-19,Petal_2025_low,glb and ks,,Percos,024,Bottom,0.011307,1.901500,0.011240,0.137786,1.094562,1.086869,2.322473,1.227911,10.668316,10.743824,22.796553,0.441786,7.500000,44.73,44.41,20.68,19.83,19.83,101.88,79.8,79.4,0.4,714,4.124,13:33:26,2025-04-19,-0.30,1,-0.001,0.000,-9999.000,-0.002,-0.005,-9999.000,1,75,0.001,2.000000,0.058905,0.000000,0.029230,0.000000,0.000000,-0.000068,standard,2.473673,2.512014,1.061507,0.756753,0.324227,-0.008780,0.156274,0.732847,50.210594,0.000135,2.400461,-0.000053,1.000000,2.435166,-0.000058,1.000000,0.601058,0.603298,0.107219,0.000000,,PFA-00225,PSA-00237,,RHS-00303,3.0.0,2025-04-17T20:38:22.057Z
50,13:39:46,2025-04-19,Petal_2025_low,glb and ks,,Percos,025,Top,0.008968,1.896803,0.008925,0.110667,1.102068,1.095870,2.343914,1.241846,10.756557,10.817393,23.006784,0.441786,7.500000,45.16,44.91,20.63,19.98,19.98,101.88,79.5,79.9,-0.6,105,4.124,13:33:26,2025-04-19,-0.30,1,-0.001,-0.001,-0.002,-0.002,-0.006,-0.010,1,75,0.001,2.000000,0.058905,0.000000,0.029230,0.000000,0.000000,-0.000068,standard,2.474385,2.512663,1.059801,0.757898,0.324810,-0.006606,0.158245,0.199345,50.078987,0.000134,2.400461,-0.000053,1.000000,2.435166,-0.000058,1.000000,0.601058,0.603298,0.107219,0.000000,,PFA-00225,PSA-00237,,RHS-00303,3.0.0,2025-04-17T20:38:22.057Z
51,13:39:59,2025-04-19,Petal_2025_low,glb and ks,,Percos,025,Bottom,0.006113,1.904664,0.006094,0.074234,1.094686,1.090550,2.315001,1.220316,10.704711,10.745305,22.723774,0.441786,7.500000,44.91,44.74,20.61,19.78,19.78,101.88,79.9,79.3,0.8,139,4.124,13:33:26,2025-04-19,-0.30,1,-0.000,-0.001,-9999.000,-0.003,-0.011,-9999.000,1,75,0.001,2.000000,0.058905,0.000000,0.029230,0.000000,0.000000,-0.000068,standard,2.474158,2.512303,1.062659,0.756453,0.325076,-0.008617,0.159197,0.229427,49.965977,0.000135,2.400461,-0.000053,1.000000,2.435166,-0.000058,1.000000,0.601058,0.603298,0.107219,0.000000,,PFA-00225,PSA-00237,,RHS-00303,3.0.0,2025-04-17T20:38:22.057Z
52,13:40:19,2025-04-19,Petal_2025_low,glb and ks,,Percos,026,Top,0.017642,1.900238,0.017480,0.207579,1.113559,1.101962,2.303143,1.189583,10.816089,10.929920,22.606035,0.441786,7.500000,45.75,45.27,20.59,19.70,19.70,101.88,79.7,79.5,0.2,131,4.124,13:33:26,2025-04-19,-0.30,1,0.000,0.001,-0.002,-0.002,-0.007,-0.006,1,75,0.001,2.000000,0.058905,0.000000,0.029230,0.000000,0.000000,-0.000068,standard,2.474916,2.513543,1.061048,0.756977,0.325354,-0.009300,0.160557,0.222056,49.851181,0.000139,2.400461,-0.000053,1.000000,2.435166,-0.000058,1.000000,0.601058,0.603298,0.107219,0.000000,,PFA-00225,PSA-00237,,RHS-00303,3.0.0,2025-04-17T20:38:22.057Z
53,13:40:40,2025-04-19,Petal_2025_low,glb and ks,,Percos,026,Bottom,0.006323,1.902540,0.006302,0.075923,1.111938,1.107702,2.318696,1.206758,10.872003,10.913572,22.757803,0.441786,7.500000,45.73,45.55,20.58,19.81,19.81,101.89,79.8,79.7,0.1,319,4.123,13:33:26,2025-04-19,-0.30,1,0.000,-0.000,-0.003,-0.001,-0.007,-0.017,1,75,0.001,2.000000,0.058905,0.000000,0.029230,0.000000,0.000000,-0.000068,standard,2.475321,2.513516,1.061885,0.757436,0.325569,-0.007897,0.161857,0.387026,49.683807,0.000142,2.400461,-0.000053,1.000000,2.435166,-0.000058,1.000000,0.601058,0.603298,0.107219,0.000000,,PFA-00225,PSA-00237,,RHS-00303,3.0.0,2025-04-17T20:38:22.057Z
54,13:41:10,2025-04-19,Petal_2025_low,glb and ks,,Percos,027,Top,0.008968,1.904220,0.008926,0.105818,1.101815,1.095918,2.289648,1.187833,10.755917,10.813795,22.471817,0.441786,7.500000,45.35,45.11,20.56,19.60,19.60,101.89,79.9,79.9,-0.0,130,4.123,13:33:26,2025-04-19,-0.30,1,-0.000,-0.000,-0.002,-0.001,-0.004,-0.008,1,75,0.001,2.000000,0.058905,0.000000,0.029230,0.000000,0.000000,-0.000068,standard,2.474687,2.512960,1.062497,0.757849,0.325746,-0.010015,0.164126,0.221478,49.540756,0.000138,2.400461,-0.000053,1.000000,2.435166,-0.000058,1.000000,0.601058,0.603298,0.107219,0.000000,,PFA-00225,PSA-00237,,RHS-00303,3.0.0,2025-04-17T20:38:22.057Z
55,13:41:28,2025-04-19,Petal_2025_low,glb and ks,,Percos,027,Bottom,0.005016,1.901060,0.005003,0.062751,1.102234,1.098729,2.358611,1.256377,10.783248,10.817643,23.148094,0.441786,7.500000,45.41,45.27,20.55,20.08,20.08,101.89,79.7,79.6,0.2,1048,4.123,13:33:26,2025-04-19,-0.30,1,-0.000,-0.000,-9999.000,0.002,-0.003,-9999.000,1,75,0.001,2.000000,0.058905,0.000000,0.029230,0.000000,0.000000,-0.000068,standard,2.474920,2.513056,1.061347,0.757079,0.325957,-0.004467,0.165561,1.026311,49.487831,0.000137,2.400461,-0.000053,1.000000,2.435166,-0.000058,1.000000,0.601058,0.603298,0.107219,0.000000,,PFA-00225,PSA-00237,,RHS-00303,3.0.0,2025-04-17T20:38:22.057Z
56,13:41:51,2025-04-19,Petal_2025_low,glb and ks,,Percos,028,Top,0.002779,1.902160,0.002775,0.045827,1.107544,1.104987,2.758531,1.650987,10.844662,10.869761,27.073023,0.441786,7.500000,45.61,45.50,20.55,22.64,22.64,101.89,79.8,80.2,-0.5,1663,4.122,13:33:26,2025-04-19,-0.30,1,-0.000,-0.001,-0.002,-0.005,-0.004,-0.010,1,75,0.001,2.000000,0.058905,0.000000,0.029230,0.000000,0.000000,-0.000068,standard,2.475255,2.513346,1.061747,0.758381,0.325858,0.024620,0.167266,1.565346,49.360157,0.000135,2.400461,-0.000053,1.000000,2.435166,-0.000058,1.000000,0.601058,0.603298,0.107219,0.000000,,PFA-00225,PSA-00237,,RHS-00303,3.0.0,2025-04-17T20:38:22.057Z
57,13:42:13,2025-04-19,Petal_2025_low,glb and ks,,Percos,028,Bottom,0.008744,1.900802,0.008704,0.126051,1.105317,1.098276,2.554413,1.449096,10.779170,10.848272,25.070614,0.441786,7.500000,45.51,45.22,20.56,21.38,21.38,101.89,79.7,79.6,0.2,1965,4.122,13:33:26,2025-04-19,-0.30,1,-0.001,-0.000,-9999.000,-0.001,-0.004,-9999.000,1,75,0.001,2.000000,0.058905,0.000000,0.029230,0.000000,0.000000,-0.000068,standard,2.474844,2.513192,1.061253,0.757111,0.325802,0.010065,0.168927,1.830109,49.275757,0.000142,2.400461,-0.000053,1.000000,2.435166,-0.000058,1.000000,0.601058,0.603298,0.107219,0.000000,,PFA-00225,PSA-00237,,RHS-00303,3.0.0,2025-04-17T20:38:22.057Z
58,13:42:31,2025-04-19,Petal_2025_low,glb and ks,,Percos,029,Top,0.004639,1.899922,0.004628,0.067607,1.103981,1.100203,2.565746,1.461764,10.798053,10.835138,25.181774,0.441786,7.500000,45.48,45.32,20.55,21.45,21.45,101.89,79.7,80.0,-0.4,2049,4.122,13:33:26,2025-04-19,-0.30,1,-0.001,-0.001,-9999.000,-0.000,-0.006,-9999.000,1,75,0.001,2.000000,0.058905,0.000000,0.029230,0.000000,0.000000,-0.000068,standard,2.474996,2.513152,1.060933,0.757960,0.325925,0.010999,0.170169,1.903795,49.187065,0.000133,2.400461,-0.000053,1.000000,2.435166,-0.000058,1.000000,0.601058,0.603298,0.107219,0.000000,,PFA-00225,PSA-00237,,RHS-00303,3.0.0,2025-04-17T20:38:22.057Z
59,13:42:46,2025-04-19,Petal_2025_low,glb and ks,,Percos,029,Bottom,0.007555,1.897611,0.007525,0.093003,1.102645,1.097439,2.340577,1.237932,10.771082,10.822179,22.972172,0.441786,7.500000,45.44,45.23,20.54,19.96,19.96,101.89,79.5,79.6,-0.1,106,4.122,13:33:26,2025-04-19,-0.30,1,0.000,-0.000,-9999.000,-0.001,-0.002,-9999.000,1,75,0.001,2.000000,0.058905,0.000000,0.029230,0.000000,0.000000,-0.000068,standard,2.474861,2.513099,1.060094,0.757234,0.326011,-0.005812,0.171187,0.199804,49.114822,0.000141,2.400461,-0.000053,1.000000,2.435166,-0.000058,1.000000,0.601058,0.603298,0.107219,0.000000,,PFA-00225,PSA-00237,,RHS-00303,3.0.0,2025-04-17T20:38:22.057Z
60,13:43:21,2025-04-19,Petal_2025_low,glb and ks,,Percos,030,Top,0.008863,1.896906,0.008821,0.113004,1.112247,1.105918,2.395134,1.282887,10.852973,10.915083,23.504749,0.441786,7.500000,45.85,45.59,20.54,20.33,20.33,101.90,79.5,79.3,0.2,1297,4.121,13:33:26,2025-04-19,-0.30,1,-0.001,-0.001,-9999.000,-0.001,-0.003,-9999.000,1,75,0.001,2.000000,0.058905,0.000000,0.029230,0.000000,0.000000,-0.000068,standard,2.475381,2.513706,1.059839,0.756593,0.326077,-0.001565,0.173849,1.243949,49.007893,0.000138,2.400461,-0.000053,1.000000,2.435166,-0.000058,1.000000,0.601058,0.603298,0.107219,0.000000,,PFA-00225,PSA-00237,,RHS-00303,3.0.0,2025-04-17T20:38:22.057Z
61,13:43:53,2025-04-19,Petal_2025_low,glb and ks,,Percos,030,Bottom,-0.084875,1.903414,-0.088837,-1.130112,1.038619,1.101678,2.313555,1.274937,10.811653,10.192804,22.704786,0.441786,7.500000,42.84,45.44,20.53,19.77,19.77,101.90,79.9,79.8,0.0,1064,4.121,13:43:44,2025-04-19,-3.15,0,-0.000,-0.000,-0.002,0.000,-0.003,-0.005,1,75,0.001,2.000000,0.058905,0.000000,0.029230,0.000000,0.000000,-0.000068,standard,2.475165,2.513467,1.062203,0.757654,0.326182,-0.007762,0.176380,1.039816,48.983215,0.000141,2.400461,-0.000053,1.000000,2.435166,-0.000058,1.000000,0.601058,0.603298,0.107219,0.000000,,PFA-00225,PSA-00237,,RHS-00303,3.0.0,2025-04-17T20:38:22.057Z
62,13:44:23,2025-04-19,Petal_2025_low,glb and ks,,Percos,031,Top,-0.072858,1.893290,-0.075774,-1.165372,1.040143,1.105616,2.579394,1.539251,10.850648,10.208093,25.314486,0.441786,7.500000,42.90,45.60,20.53,21.54,21.54,101.89,79.3,79.6,-0.4,1154,4.120,13:43:44,2025-04-19,-3.15,0,-0.000,-0.000,-9999.000,-0.001,-0.002,-9999.000,1,75,0.001,2.000000,0.058905,0.000000,0.029230,0.000000,0.000000,-0.000068,standard,2.475400,2.513564,1.058529,0.757251,0.326193,0.012225,0.178583,1.118731,48.870205,0.000142,2.400461,-0.000053,1.000000,2.435166,-0.000058,1.000000,0.601058,0.603298,0.107219,0.000000,,PFA-00225,PSA-00237,,RHS-00303,3.0.0,2025-04-17T20:38:22.057Z
63,13:44:44,2025-04-19,Petal_2025_low,glb and ks,,Percos,031,Bottom,-0.065337,1.900609,-0.067664,-1.128075,1.038618,1.101679,2.706080,1.667461,10.812537,10.193625,26.559095,0.441786,7.500000,42.80,45.40,20.54,22.32,22.32,101.89,79.7,79.3,0.5,2028,4.120,13:43:44,2025-04-19,-3.15,0,-0.001,-0.000,-9999.000,-0.001,-0.000,-9999.000,1,75,0.001,2.000000,0.058905,0.000000,0.029230,0.000000,0.000000,-0.000068,standard,2.475103,2.513406,1.061183,0.756594,0.325987,0.021077,0.180040,1.885066,48.803688,0.000137,2.400461,-0.000053,1.000000,2.435166,-0.000058,1.000000,0.601058,0.603298,0.107219,0.000000,,PFA-00225,PSA-00237,,RHS-00303,3.0.0,2025-04-17T20:38:22.057Z
64,13:45:08,2025-04-19,Petal_2025_low,glb and ks,,Percos,032,Top,-0.037546,1.902270,-0.038302,-0.480873,1.086122,1.112958,2.343712,1.257591,10.923779,10.660374,23.003731,0.441786,7.500000,44.74,45.84,20.55,19.98,19.98,101.88,79.8,79.4,0.4,1390,4.119,13:43:44,2025-04-19,-3.15,0,-0.000,-0.000,-9999.000,0.001,-0.005,-9999.000,1,75,0.001,2.000000,0.058905,0.000000,0.029230,0.000000,0.000000,-0.000068,standard,2.475741,2.516266,1.061787,0.756853,0.325914,-0.005654,0.181844,1.325468,48.725723,0.000144,2.400461,-0.000053,1.000000,2.435166,-0.000058,1.000000,0.601058,0.603298,0.107219,0.000000,,PFA-00225,PSA-00237,,RHS-00303,3.0.0,2025-04-17T20:38:22.057Z
65,13:45:27,2025-04-19,Petal_2025_low,glb and ks,,Percos,033,Bottom,-0.078422,1.898227,-0.081801,-1.118589,1.045865,1.108491,2.415459,1.369594,10.879534,10.264876,23.707060,0.441786,7.500000,43.07,45.65,20.55,20.47,20.47,101.89,79.6,79.6,-0.1,1148,4.119,13:43:44,2025-04-19,-3.15,0,0.000,-0.000,-9999.000,-0.000,-0.001,-9999.000,1,75,0.001,2.000000,0.058905,0.000000,0.029230,0.000000,0.000000,-0.000068,standard,2.475461,2.513806,1.060318,0.757253,0.325858,-0.000213,0.183314,1.114021,48.722149,0.000138,2.400461,-0.000053,1.000000,2.435166,-0.000058,1.000000,0.601058,0.603298,0.107219,0.000000,,PFA-00225,PSA-00237,,RHS-00303,3.0.0,2025-04-17T20:38:22.057Z
66,13:45:49,2025-04-19,Petal_2025_low,glb and ks,,Percos,033,Bottom,-0.082984,1.896029,-0.086783,-1.069121,1.052364,1.112302,2.286908,1.234543,10.917767,10.329452,22.447073,0.441786,7.500000,43.32,45.79,20.56,19.58,19.58,101.88,79.5,79.4,0.1,519,4.119,13:43:44,2025-04-19,-3.15,0,0.000,0.000,-9999.000,-0.001,-0.001,-9999.000,1,75,0.001,2.000000,0.058905,0.000000,0.029230,0.000000,0.000000,-0.000068,standard,2.475662,2.514180,1.059521,0.756784,0.325790,-0.010192,0.184929,0.562300,48.712849,0.000140,2.400461,-0.000053,1.000000,2.435166,-0.000058,1.000000,0.601058,0.603298,0.107219,0.000000,,PFA-00225,PSA-00237,,RHS-00303,3.0.0,2025-04-17T20:38:22.057Z
1,13:46:32,2025-04-19,Petal_2025_low,glb and ks,,Percos,033,Top,-0.090935,1.896805,-0.095514,-1.192662,1.040161,1.106999,2.291561,1.251400,10.865318,10.209288,22.491915,0.441786,7.500000,42.92,45.68,20.52,19.62,19.62,101.88,79.5,79.3,0.2,1542,4.117,13:43:44,2025-04-19,-3.15,0,0.000,0.001,-9999.000,-0.001,-0.001,-9999.000,1,75,0.001,2.000000,0.058905,0.000000,0.029230,0.000000,0.000000,-0.000068,standard,2.475508,2.513591,1.059802,0.756642,0.326275,-0.009403,0.188134,1.459396,48.646332,0.000139,2.400461,-0.000053,1.000000,2.435166,-0.000058,1.000000,0.601058,0.603298,0.107219,0.000000,,PFA-00225,PSA-00237,,RHS-00303,3.0.0,2025-04-17T20:38:22.057Z
2,13:47:16,2025-04-19,Petal_2025_low,glb and ks,,Percos,033,Bottom,-0.086689,1.898996,-0.090836,-1.145004,1.046820,1.110882,2.309812,1.262992,10.904448,10.275611,22.673170,0.441786,7.500000,43.35,46.00,20.46,19.74,19.74,101.87,79.6,79.4,0.3,119,4.117,13:43:44,2025-04-19,-3.15,0,-0.000,-0.000,-9999.000,-0.002,-0.002,-9999.000,1,75,0.001,2.000000,0.058905,0.000000,0.029230,0.000000,0.000000,-0.000068,standard,2.475983,2.514238,1.060597,0.756781,0.327036,-0.007311,0.191147,0.211243,48.546196,0.000138,2.400461,-0.000053,1.000000,2.435166,-0.000058,1.000000,0.601058,0.603298,0.107219,0.000000,,PFA-00225,PSA-00237,,RHS-00303,3.0.0,2025-04-17T20:38:22.057Z
3,13:47:40,2025-04-19,Petal_2025_low,glb and ks,,Percos,033,Top,-0.085490,1.899835,-0.089518,-1.189057,1.044074,1.110567,2.374602,1.330528,10.900900,10.248224,23.308176,0.441786,7.500000,43.27,46.02,20.45,20.19,20.19,101.88,79.7,79.5,0.2,543,4.118,13:43:44,2025-04-19,-3.15,0,0.000,-0.000,-9999.000,-0.005,-0.001,-9999.000,1,75,0.001,2.000000,0.058905,0.000000,0.029230,0.000000,0.000000,-0.000068,standard,2.476014,2.514120,1.060902,0.756987,0.327190,-0.002162,0.192732,0.582907,48.450706,0.000138,2.400461,-0.000053,1.000000,2.435166,-0.000058,1.000000,0.601058,0.603298,0.107219,0.000000,,PFA-00225,PSA-00237,,RHS-00303,3.0.0,2025-04-17T20:38:22.057Z
4,13:48:04,2025-04-19,Petal_2025_low,glb and ks,,Percos,034,Top,-0.067616,1.896311,-0.070116,-1.150398,1.045150,1.109642,2.686220,1.641070,10.890747,10.257782,26.364315,0.441786,7.500000,43.30,45.97,20.46,22.20,22.20,101.89,79.5,79.5,-0.0,1718,4.117,13:43:44,2025-04-19,-3.15,0,0.001,0.000,-9999.000,0.001,-0.003,-9999.000,1,75,0.001,2.000000,0.058905,0.000000,0.029230,0.000000,0.000000,-0.000068,standard,2.475947,2.514173,1.059623,0.756973,0.327151,0.020704,0.194382,1.613308,48.378109,0.000149,2.400461,-0.000053,1.000000,2.435166,-0.000058,1.000000,0.601058,0.603298,0.107219,0.000000,,PFA-00225,PSA-00237,,RHS-00303,3.0.0,2025-04-17T20:38:22.057Z
5,13:48:21,2025-04-19,Petal_2025_low,glb and ks,,Percos,034,Bottom,-0.072990,1.906276,-0.075896,-1.043147,1.053464,1.111519,2.429358,1.375895,10.913672,10.343641,23.853134,0.441786,7.500000,43.64,46.05,20.46,20.56,20.56,101.85,80.0,80.0,-0.0,1849,4.117,13:43:44,2025-04-19,-3.15,0,-0.000,-0.000,-9999.000,0.002,-0.001,-9999.000,1,75,0.001,2.000000,0.058905,0.000000,0.029230,0.000000,0.000000,-0.000068,standard,2.476048,2.514671,1.063246,0.758049,0.327120,0.001942,0.195506,1.727898,48.319817,0.000139,2.400461,-0.000053,1.000000,2.435166,-0.000058,1.000000,0.601058,0.603298,0.107219,0.000000,,PFA-00225,PSA-00237,,RHS-00303,3.0.0,2025-04-17T20:38:22.057Z
6,13:48:44,2025-04-19,Petal_2025_low,glb and ks,,Percos,035,Top,-0.074075,1.900621,-0.077079,-1.185587,1.049780,1.116019,2.588327,1.538546,10.957937,10.307553,25.414188,0.441786,7.500000,43.46,46.21,20.47,21.59,21.59,101.85,79.7,79.7,-0.0,1418,4.116,13:43:44,2025-04-19,-3.15,0,0.002,0.001,-9999.000,-0.000,0.002,-9999.000,1,75,0.001,2.000000,0.058905,0.000000,0.029230,0.000000,0.000000,-0.000068,standard,2.476275,2.514409,1.061187,0.757464,0.327005,0.013584,0.197024,1.350661,48.247574,0.000139,2.400461,-0.000053,1.000000,2.435166,-0.000058,1.000000,0.601058,0.603298,0.107219,0.000000,,PFA-00225,PSA-00237,,RHS-00303,3.0.0,2025-04-17T20:38:22.057Z
7,13:49:29,2025-04-19,Petal_2025_low,glb and ks,,Percos,036,Top,-0.089997,1.901747,-0.094467,-1.191466,1.043499,1.110018,2.306872,1.263373,10.899254,10.246103,22.651144,0.441786,7.500000,43.14,45.89,20.49,19.72,19.72,101.84,79.8,79.3,0.5,1513,4.115,13:43:44,2025-04-19,-3.15,0,0.000,0.000,-0.002,-0.001,-0.002,-0.004,1,75,0.001,2.000000,0.058905,0.000000,0.029230,0.000000,0.000000,-0.000068,standard,2.475814,2.513920,1.061597,0.756606,0.326672,-0.007857,0.200151,1.433948,48.181416,0.000132,2.400461,-0.000053,1.000000,2.435166,-0.000058,1.000000,0.601058,0.603298,0.107219,0.000000,,PFA-00225,PSA-00237,,RHS-00303,3.0.0,2025-04-17T20:38:22.057Z
8,13:50:11,2025-04-19,Petal_2025_low,glb and ks,,Percos,036,Bottom,-0.089742,1.905519,-0.094177,-1.165741,1.049165,1.114079,2.289163,1.239998,10.938910,10.301533,22.476816,0.441786,7.500000,43.33,46.01,20.51,19.60,19.60,101.85,80.0,79.7,0.4,1461,4.115,13:43:44,2025-04-19,-3.15,0,-0.001,-0.000,-9999.000,0.001,-0.003,-9999.000,1,75,0.001,2.000000,0.058905,0.000000,0.029230,0.000000,0.000000,-0.000068,standard,2.475982,2.514196,1.062971,0.757360,0.326453,-0.009436,0.202855,1.388037,48.094868,0.000134,2.400461,-0.000053,1.000000,2.435166,-0.000058,1.000000,0.601058,0.603298,0.107219,0.000000,,PFA-00225,PSA-00237,,RHS-00303,3.0.0,2025-04-17T20:38:22.057Z
9,13:50:58,2025-04-19,Petal_2025_low,glb and ks,,Percos,037,Top,0.001628,1.902314,0.001626,0.019675,1.115709,1.114612,2.326921,1.211212,10.944224,10.954997,22.847721,0.441786,7.500000,46.01,45.97,20.53,19.86,19.86,101.84,79.8,79.6,0.2,1820,4.114,13:50:41,2025-04-19,-0.33,1,0.000,-0.000,-0.008,-0.003,-0.006,-0.012,1,75,0.001,2.000000,0.058905,0.000000,0.029230,0.000000,0.000000,-0.000068,standard,2.475920,2.513996,1.061803,0.757182,0.326166,-0.006736,0.205773,1.702648,47.901390,0.000145,2.400461,-0.000053,1.000000,2.435166,-0.000058,1.000000,0.601058,0.603298,0.107219,0.000000,,PFA-00225,PSA-00237,,RHS-00303,3.0.0,2025-04-17T20:38:22.057Z
10,13:51:18,2025-04-19,Petal_2025_low,glb and ks,,Percos,037,Bottom,0.008389,1.896935,0.008352,0.144319,1.126994,1.118918,2.852367,1.725373,10.986665,11.065972,28.007425,0.441786,7.500000,46.42,46.09,20.55,23.19,23.19,101.84,79.5,79.7,-0.2,1878,4.114,13:50:41,2025-04-19,-0.33,1,-0.001,-0.000,-9999.000,0.001,0.000,-9999.000,1,75,0.001,2.000000,0.058905,0.000000,0.029230,0.000000,0.000000,-0.000068,standard,2.476084,2.514590,1.059849,0.757382,0.325894,0.031080,0.207025,1.753109,47.833801,0.000140,2.400461,-0.000053,1.000000,2.435166,-0.000058,1.000000,0.601058,0.603298,0.107219,0.000000,,PFA-00225,PSA-00237,,RHS-00303,3.0.0,2025-04-17T20:38:22.057Z
11,13:51:37,2025-04-19,Petal_2025_low,glb and ks,,Percos,038,Top,0.002372,1.904786,0.002369,0.029642,1.118371,1.116721,2.370756,1.252385,10.965980,10.982183,23.280365,0.441786,7.500000,46.08,46.01,20.54,20.17,20.17,101.83,79.9,79.7,0.3,1832,4.114,13:50:41,2025-04-19,-0.33,1,-0.000,-0.001,-9999.000,0.002,-0.001,-9999.000,1,75,0.001,2.000000,0.058905,0.000000,0.029230,0.000000,0.000000,-0.000068,standard,2.475981,2.514093,1.062703,0.757369,0.325976,-0.003517,0.208243,1.713581,47.772289,0.000136,2.400461,-0.000053,1.000000,2.435166,-0.000058,1.000000,0.601058,0.603298,0.107219,0.000000,,PFA-00225,PSA-00237,,RHS-00303,3.0.0,2025-04-17T20:38:22.057Z
12,13:51:56,2025-04-19,Petal_2025_low,glb and ks,,Percos,038,Bottom,0.004648,1.901741,0.004637,0.056149,1.120071,1.116939,2.332273,1.212201,10.968232,10.998989,22.902689,0.441786,7.500000,46.17,46.04,20.54,19.90,19.90,101.83,79.8,79.8,-0.1,154,4.113,13:50:41,2025-04-19,-0.33,1,-0.000,-0.000,-9999.000,-0.002,-0.001,-9999.000,1,75,0.001,2.000000,0.058905,0.000000,0.029230,0.000000,0.000000,-0.000068,standard,2.476024,2.514228,1.061595,0.757652,0.326068,-0.006406,0.209482,0.242528,47.756912,0.000144,2.400461,-0.000053,1.000000,2.435166,-0.000058,1.000000,0.601058,0.603298,0.107219,0.000000,,PFA-00225,PSA-00237,,RHS-00303,3.0.0,2025-04-17T20:38:22.057Z
13,13:52:13,2025-04-19,Petal_2025_low,glb and ks,,Percos,039,Top,0.001108,1.899083,0.001108,0.014527,1.117795,1.116983,2.430065,1.312270,10.967456,10.975428,23.860369,0.441786,7.500000,46.11,46.07,20.53,20.57,20.57,101.85,79.6,79.7,-0.1,954,4.113,13:50:41,2025-04-19,-0.33,1,-0.000,-0.001,-9999.000,-0.001,-0.003,-9999.000,1,75,0.001,2.000000,0.058905,0.000000,0.029230,0.000000,0.000000,-0.000068,standard,2.476069,2.514133,1.060629,0.757354,0.326199,0.001190,0.210578,0.943799,47.744751,0.000138,2.400461,-0.000053,1.000000,2.435166,-0.000058,1.000000,0.601058,0.603298,0.107219,0.000000,,PFA-00225,PSA-00237,,RHS-00303,3.0.0,2025-04-17T20:38:22.057Z
14,13:52:31,2025-04-19,Petal_2025_low,glb and ks,,Percos,039,Bottom,0.010807,1.906636,0.010746,0.122797,1.120136,1.113308,2.264586,1.144450,10.931851,10.998894,22.236542,0.441786,7.500000,46.23,45.95,20.52,19.43,19.43,101.84,80.0,79.9,0.2,1098,4.112,13:50:41,2025-04-19,-0.33,1,-0.001,-0.000,-9999.000,-0.008,0.003,-9999.000,1,75,0.001,2.000000,0.058905,0.000000,0.029230,0.000000,0.000000,-0.000068,standard,2.475900,2.514324,1.063377,0.757786,0.326341,-0.011473,0.211719,1.069858,47.715782,0.000137,2.400461,-0.000053,1.000000,2.435166,-0.000058,1.000000,0.601058,0.603298,0.107219,0.000000,,PFA-00225,PSA-00237,,RHS-00303,3.0.0,2025-04-17T20:38:22.057Z
15,13:53:02,2025-04-19,Petal_2025_low,glb and ks,,Percos,040,Top,0.005307,1.896568,0.005292,0.063658,1.117127,1.113563,2.321667,1.204540,10.933335,10.968329,22.794910,0.441786,7.500000,46.24,46.09,20.47,19.83,19.83,101.85,79.5,80.4,-1.1,1518,4.112,13:50:41,2025-04-19,-0.33,1,-0.000,-0.000,-9999.000,0.000,-0.003,-9999.000,1,75,0.001,2.000000,0.058905,0.000000,0.029230,0.000000,0.000000,-0.000068,standard,2.476110,2.514344,1.059716,0.758762,0.326943,-0.006467,0.213721,1.438042,47.633530,0.000140,2.400461,-0.000053,1.000000,2.435166,-0.000058,1.000000,0.601058,0.603298,0.107219,0.000000,,PFA-00225,PSA-00237,,RHS-00303,3.0.0,2025-04-17T20:38:22.057Z
16,13:53:18,2025-04-19,Petal_2025_low,glb and ks,,Percos,040,Bottom,0.006078,1.895906,0.006059,0.074448,1.120600,1.116430,2.350654,1.230054,10.962266,11.003208,23.081152,0.441786,7.500000,46.42,46.25,20.46,20.03,20.03,101.84,79.4,80.2,-0.9,1182,4.112,13:50:41,2025-04-19,-0.33,1,-0.000,-0.000,-9999.000,0.001,0.003,-9999.000,1,75,0.001,2.000000,0.058905,0.000000,0.029230,0.000000,0.000000,-0.000068,standard,2.476340,2.514620,1.059476,0.758445,0.327130,-0.004057,0.214717,1.143422,47.594189,0.000146,2.400461,-0.000053,1.000000,2.435166,-0.000058,1.000000,0.601058,0.603298,0.107219,0.000000,,PFA-00225,PSA-00237,,RHS-00303,3.0.0,2025-04-17T20:38:22.057Z
17,13:53:36,2025-04-19,Petal_2025_low,glb and ks,,Percos,041,Top,0.002588,1.899112,0.002585,0.035243,1.118708,1.116738,2.483015,1.364307,10.964295,10.983636,24.378597,0.441786,7.500000,46.38,46.30,20.45,20.92,20.92,101.85,79.6,79.7,-0.1,1626,4.112,13:50:41,2025-04-19,-0.33,1,-0.000,-0.000,-9999.000,-0.005,-0.005,-9999.000,1,75,0.001,2.000000,0.058905,0.000000,0.029230,0.000000,0.000000,-0.000068,standard,2.476407,2.514555,1.060639,0.757448,0.327280,0.006102,0.215834,1.532670,47.555565,0.000139,2.400461,-0.000053,1.000000,2.435166,-0.000058,1.000000,0.601058,0.603298,0.107219,0.000000,,PFA-00225,PSA-00237,,RHS-00303,3.0.0,2025-04-17T20:38:22.057Z
18,13:53:51,2025-04-19,Petal_2025_low,glb and ks,,Percos,041,Bottom,0.004431,1.901626,0.004420,0.050958,1.120553,1.117710,2.275159,1.154606,10.973724,11.001640,22.337616,0.441786,7.500000,46.45,46.33,20.45,19.50,19.50,101.85,79.8,79.6,0.2,1245,4.111,13:50:41,2025-04-19,-0.33,1,0.000,0.001,-9999.000,-0.001,-0.002,-9999.000,1,75,0.001,2.000000,0.058905,0.000000,0.029230,0.000000,0.000000,-0.000068,standard,2.476458,2.514661,1.061553,0.757158,0.327261,-0.009837,0.216760,1.198590,47.510506,0.000134,2.400461,-0.000053,1.000000,2.435166,-0.000058,1.000000,0.601058,0.603298,0.107219,0.000000,,PFA-00225,PSA-00237,,RHS-00303,3.0.0,2025-04-17T20:38:22.057Z
19,13:54:32,2025-04-19,Petal_2025_low,glb and ks,,Percos,042,Top,0.003054,1.897115,0.003049,0.046377,1.123414,1.120818,2.644790,1.521375,10.999922,11.025406,25.956476,0.441786,7.500000,46.52,46.41,20.47,21.95,21.95,101.89,79.5,79.9,-0.4,1048,4.111,13:50:41,2025-04-19,-0.33,1,-0.000,-0.000,-9999.000,0.000,-0.004,-9999.000,1,75,0.001,2.000000,0.058905,0.000000,0.029230,0.000000,0.000000,-0.000068,standard,2.476562,2.514754,1.059915,0.757727,0.327020,0.017650,0.219249,1.025983,47.412872,0.000136,2.400461,-0.000053,1.000000,2.435166,-0.000058,1.000000,0.601058,0.603298,0.107219,0.000000,,PFA-00225,PSA-00237,,RHS-00303,3.0.0,2025-04-17T20:38:22.057Z
20,13:54:46,2025-04-19,Petal_2025_low,glb and ks,,Percos,042,Bottom,0.005284,1.906691,0.005269,0.066162,1.123969,1.120288,2.381499,1.257530,10.994134,11.030253,23.371229,0.441786,7.500000,46.51,46.36,20.48,20.24,20.24,101.90,80.0,80.0,0.1,1628,4.110,13:50:41,2025-04-19,-0.33,1,-0.001,-0.001,-9999.000,-0.001,0.001,-9999.000,1,75,0.001,2.000000,0.058905,0.000000,0.029230,0.000000,0.000000,-0.000068,standard,2.476486,2.514741,1.063398,0.757954,0.326881,-0.001904,0.220081,1.534092,47.378540,0.000143,2.400461,-0.000053,1.000000,2.435166,-0.000058,1.000000,0.601058,0.603298,0.107219,0.000000,,PFA-00225,PSA-00237,,RHS-00303,3.0.0,2025-04-17T20:38:22.057Z
21,13:55:02,2025-04-19,Petal_2025_low,glb and ks,,Percos,043,Top,0.002928,1.896314,0.002923,0.038447,1.126146,1.123992,2.442923,1.316777,11.030454,11.051591,23.973961,0.441786,7.500000,46.54,46.45,20.50,20.65,20.65,101.90,79.5,79.7,-0.3,1830,4.110,13:50:41,2025-04-19,-0.33,1,-0.000,-0.001,-9999.000,0.000,-0.005,-9999.000,1,75,0.001,2.000000,0.058905,0.000000,0.029230,0.000000,0.000000,-0.000068,standard,2.476617,2.514783,1.059624,0.757329,0.326616,0.002523,0.221050,1.711338,47.319530,0.000130,2.400461,-0.000053,1.000000,2.435166,-0.000058,1.000000,0.601058,0.603298,0.107219,0.000000,,PFA-00225,PSA-00237,,RHS-00303,3.0.0,2025-04-17T20:38:22.057Z
22,13:55:23,2025-04-19,Petal_2025_low,glb and ks,,Percos,043,Bottom,0.005586,1.906755,0.005569,0.084505,1.126055,1.121355,2.643559,1.517503,11.004735,11.050865,25.943314,0.441786,7.500000,46.44,46.25,20.53,21.94,21.94,101.90,80.0,79.5,0.7,1364,4.111,13:50:41,2025-04-19,-0.33,1,0.000,-0.000,-9999.000,0.001,-0.002,-9999.000,1,75,0.001,2.000000,0.058905,0.000000,0.029230,0.000000,0.000000,-0.000068,standard,2.476319,2.514629,1.063421,0.756929,0.326179,0.016824,0.222348,1.302842,47.274113,0.000140,2.400461,-0.000053,1.000000,2.435166,-0.000058,1.000000,0.601058,0.603298,0.107219,0.000000,,PFA-00225,PSA-00237,,RHS-00303,3.0.0,2025-04-17T20:38:22.057Z
23,13:55:43,2025-04-19,Petal_2025_low,glb and ks,,Percos,044,Top,0.002419,1.905770,0.002416,0.035312,1.124039,1.122073,2.586409,1.462371,11.011405,11.030694,25.381590,0.441786,7.500000,46.30,46.22,20.55,21.58,21.58,101.90,80.0,79.9,0.1,828,4.110,13:50:41,2025-04-19,-0.33,1,-0.000,-0.001,-9999.000,-0.001,-0.001,-9999.000,1,75,0.001,2.000000,0.058905,0.000000,0.029230,0.000000,0.000000,-0.000068,standard,2.476280,2.514422,1.063062,0.757736,0.325931,0.012502,0.223530,0.832739,47.264816,0.000135,2.400461,-0.000053,1.000000,2.435166,-0.000058,1.000000,0.601058,0.603298,0.107219,0.000000,,PFA-00225,PSA-00237,,RHS-00303,3.0.0,2025-04-17T20:38:22.057Z
24,13:55:55,2025-04-19,Petal_2025_low,glb and ks,,Percos,044,Bottom,0.004639,1.903116,0.004628,0.064890,1.124609,1.120991,2.527846,1.403236,11.000350,11.035860,24.805904,0.441786,7.500000,46.30,46.15,20.56,21.21,21.21,101.90,79.8,79.7,0.2,1215,4.110,13:50:41,2025-04-19,-0.33,1,-0.001,-0.000,-9999.000,0.000,-0.000,-9999.000,1,75,0.001,2.000000,0.058905,0.000000,0.029230,0.000000,0.000000,-0.000068,standard,2.476173,2.514412,1.062095,0.757327,0.325797,0.008117,0.224252,1.171998,47.253727,0.000136,2.400461,-0.000053,1.000000,2.435166,-0.000058,1.000000,0.601058,0.603298,0.107219,0.000000,,PFA-00225,PSA-00237,,RHS-00303,3.0.0,2025-04-17T20:38:22.057Z
25,13:56:11,2025-04-19,Petal_2025_low,glb and ks,,Percos,045,Top,0.000981,1.906801,0.000981,0.012631,1.120526,1.119823,2.410441,1.289916,10.988649,10.995544,23.653288,0.441786,7.500000,46.18,46.15,20.54,20.43,20.43,101.91,80.0,79.9,0.2,1112,4.109,13:50:41,2025-04-19,-0.33,1,-0.001,0.000,-9999.000,-0.002,0.001,-9999.000,1,75,0.001,2.000000,0.058905,0.000000,0.029230,0.000000,0.000000,-0.000068,standard,2.476180,2.514242,1.063438,0.757733,0.326028,-0.000444,0.225237,1.081979,47.236919,0.000136,2.400461,-0.000053,1.000000,2.435166,-0.000058,1.000000,0.601058,0.603298,0.107219,0.000000,,PFA-00225,PSA-00237,,RHS-00303,3.0.0,2025-04-17T20:38:22.057Z
26,13:56:25,2025-04-19,Petal_2025_low,glb and ks,,Percos,045,Bottom,0.003663,1.903526,0.003656,0.042879,1.119848,1.117457,2.295209,1.175361,10.965188,10.988648,22.522028,0.441786,7.500000,46.21,46.11,20.52,19.64,19.64,101.91,79.9,79.5,0.4,1542,4.109,13:50:41,2025-04-19,-0.33,1,0.000,-0.000,-9999.000,-0.002,-0.001,-9999.000,1,75,0.001,2.000000,0.058905,0.000000,0.029230,0.000000,0.000000,-0.000068,standard,2.476130,2.514293,1.062244,0.757060,0.326301,-0.009094,0.226062,1.459290,47.215820,0.000139,2.400461,-0.000053,1.000000,2.435166,-0.000058,1.000000,0.601058,0.603298,0.107219,0.000000,,PFA-00225,PSA-00237,,RHS-00303,3.0.0,2025-04-17T20:38:22.057Z
27,13:56:56,2025-04-19,Petal_2025_low,glb and ks,,Percos,046,Top,0.003199,1.897681,0.003193,0.043313,1.120425,1.118000,2.478229,1.357804,10.970385,10.994176,24.317635,0.441786,7.500000,46.32,46.22,20.49,20.88,20.88,101.91,79.5,79.8,-0.3,1209,4.109,13:50:41,2025-04-19,-0.33,1,0.000,-0.000,-9999.000,-0.004,-0.003,-9999.000,1,75,0.001,2.000000,0.058905,0.000000,0.029230,0.000000,0.000000,-0.000068,standard,2.476288,2.514459,1.060120,0.757527,0.326687,0.005227,0.227805,1.167165,47.150730,0.000144,2.400461,-0.000053,1.000000,2.435166,-0.000058,1.000000,0.601058,0.603298,0.107219,0.000000,,PFA-00225,PSA-00237,,RHS-00303,3.0.0,2025-04-17T20:38:22.057Z
28,13:57:09,2025-04-19,Petal_2025_low,glb and ks,,Percos,046,Bottom,0.004368,1.902779,0.004358,0.065135,1.119647,1.116013,2.614955,1.495308,10.950913,10.986568,25.659327,0.441786,7.500000,46.32,46.17,20.48,21.76,21.76,101.91,79.8,79.9,-0.1,781,4.108,13:50:41,2025-04-19,-0.33,1,-0.000,-0.000,-9999.000,-0.002,-0.002,-9999.000,1,75,0.001,2.000000,0.058905,0.000000,0.029230,0.000000,0.000000,-0.000068,standard,2.476215,2.514457,1.061972,0.757804,0.326821,0.015341,0.228575,0.791763,47.110676,0.000143,2.400461,-0.000053,1.000000,2.435166,-0.000058,1.000000,0.601058,0.603298,0.107219,0.000000,,PFA-00225,PSA-00237,,RHS-00303,3.0.0,2025-04-17T20:38:22.057Z
29,13:57:35,2025-04-19,Petal_2025_low,glb and ks,,Percos,047,Top,0.001803,1.904497,0.001801,0.023679,1.116709,1.115389,2.432912,1.316204,10.945194,10.958141,23.873907,0.441786,7.500000,46.26,46.21,20.46,20.58,20.58,101.91,79.9,80.1,-0.2,995,4.108,13:50:41,2025-04-19,-0.33,1,-0.000,-0.000,-9999.000,0.000,0.000,-9999.000,1,75,0.001,2.000000,0.058905,0.000000,0.029230,0.000000,0.000000,-0.000068,standard,2.476280,2.514384,1.062598,0.758242,0.327135,0.002223,0.230024,0.979617,47.043442,0.000137,2.400461,-0.000053,1.000000,2.435166,-0.000058,1.000000,0.601058,0.603298,0.107219,0.000000,,PFA-00225,PSA-00237,,RHS-00303,3.0.0,2025-04-17T20:38:22.057Z
30,13:57:52,2025-04-19,Petal_2025_low,glb and ks,,Percos,047,Bottom,0.005618,1.901272,0.005602,0.068840,1.120173,1.116329,2.351167,1.230994,10.954794,10.992515,23.072540,0.441786,7.500000,46.46,46.30,20.44,20.03,20.03,101.90,79.7,79.9,-0.1,578,4.108,13:50:41,2025-04-19,-0.33,1,0.000,-0.000,-9999.000,-0.004,-0.002,-9999.000,1,75,0.001,2.000000,0.058905,0.000000,0.029230,0.000000,0.000000,-0.000068,standard,2.476408,2.514671,1.061424,0.757720,0.327359,-0.003818,0.230931,0.614155,47.005890,0.000142,2.400461,-0.000053,1.000000,2.435166,-0.000058,1.000000,0.601058,0.603298,0.107219,0.000000,,PFA-00225,PSA-00237,,RHS-00303,3.0.0,2025-04-17T20:38:22.057Z
31,13:58:23,2025-04-19,Petal_2025_low,glb and ks,,Percos,048,Top,0.002585,1.904931,0.002581,0.040972,1.122434,1.120151,2.709786,1.587352,10.990522,11.012918,26.587450,0.441786,7.500000,46.58,46.48,20.43,22.34,22.34,101.92,79.9,79.3,0.8,93,4.107,13:50:41,2025-04-19,-0.33,1,-0.000,-0.000,-0.002,-0.003,-0.005,-0.007,1,75,0.001,2.000000,0.058905,0.000000,0.029230,0.000000,0.000000,-0.000068,standard,2.476675,2.514853,1.062756,0.756481,0.327486,0.022655,0.232618,0.188587,46.892883,0.000136,2.400461,-0.000053,1.000000,2.435166,-0.000058,1.000000,0.601058,0.603298,0.107219,0.000000,,PFA-00225,PSA-00237,,RHS-00303,3.0.0,2025-04-17T20:38:22.057Z
32,13:58:47,2025-04-19,Petal_2025_low,glb and ks,,Percos,048,Bottom,0.004345,1.901251,0.004335,0.057982,1.119510,1.116272,2.458761,1.339251,10.952354,10.984126,24.124245,0.441786,7.500000,46.55,46.42,20.40,20.76,20.76,101.92,79.7,79.8,-0.1,106,4.107,13:50:41,2025-04-19,-0.33,1,-0.001,-0.001,-9999.000,-0.002,-0.005,-9999.000,1,75,0.001,2.000000,0.058905,0.000000,0.029230,0.000000,0.000000,-0.000068,standard,2.476593,2.514826,1.061417,0.757679,0.327934,0.004862,0.233844,0.200225,46.807766,0.000145,2.400461,-0.000053,1.000000,2.435166,-0.000058,1.000000,0.601058,0.603298,0.107219,0.000000,,PFA-00225,PSA-00237,,RHS-00303,3.0.0,2025-04-17T20:38:22.057Z
33,13:59:09,2025-04-19,Petal_2025_low,glb and ks,,Percos,049,Top,0.007640,1.903225,0.007609,0.113246,1.132715,1.126399,2.621655,1.488940,11.051339,11.113303,25.721600,0.441786,7.500000,47.15,46.89,20.38,21.80,21.80,101.92,79.8,79.7,0.1,1093,4.107,13:50:41,2025-04-19,-0.33,1,0.000,-0.001,-9999.000,-0.003,-0.002,-9999.000,1,75,0.001,2.000000,0.058905,0.000000,0.029230,0.000000,0.000000,-0.000068,standard,2.477262,2.515708,1.062135,0.757488,0.328150,0.016986,0.234943,1.065113,46.734093,0.000136,2.400461,-0.000053,1.000000,2.435166,-0.000058,1.000000,0.601058,0.603298,0.107219,0.000000,,PFA-00225,PSA-00237,,RHS-00303,3.0.0,2025-04-17T20:38:22.057Z
34,13:59:27,2025-04-19,Petal_2025_low,glb and ks,,Percos,049,Bottom,0.012711,1.900885,0.012626,0.191402,1.138227,1.127537,2.654508,1.516281,11.062741,11.167629,26.044506,0.441786,7.500000,47.35,46.90,20.39,22.01,22.01,101.92,79.7,79.7,-0.0,1344,4.107,13:50:41,2025-04-19,-0.33,1,-0.000,0.000,-9999.000,-0.006,-0.004,-9999.000,1,75,0.001,2.000000,0.058905,0.000000,0.029230,0.000000,0.000000,-0.000068,standard,2.477283,2.515998,1.061283,0.757453,0.328011,0.019210,0.235934,1.285130,46.662567,0.000134,2.400461,-0.000053,1.000000,2.435166,-0.000058,1.000000,0.601058,0.603298,0.107219,0.000000,,PFA-00225,PSA-00237,,RHS-00303,3.0.0,2025-04-17T20:38:22.057Z
35,13:59:52,2025-04-19,Petal_2025_low,glb and ks,,Percos,050,Top,0.001225,1.900476,0.001224,0.015829,1.125433,1.124549,2.420316,1.294883,11.032882,11.041560,23.745581,0.441786,7.500000,46.77,46.73,20.41,20.50,20.50,101.93,79.7,79.4,0.4,1218,4.106,13:50:41,2025-04-19,-0.33,1,-0.001,-0.000,-9999.000,-0.001,-0.002,-9999.000,1,75,0.001,2.000000,0.058905,0.000000,0.029230,0.000000,0.000000,-0.000068,standard,2.477037,2.515143,1.061135,0.756738,0.327801,0.001851,0.237391,1.174998,46.622513,0.000139,2.400461,-0.000053,1.000000,2.435166,-0.000058,1.000000,0.601058,0.603298,0.107219,0.000000,,PFA-00225,PSA-00237,,RHS-00303,3.0.0,2025-04-17T20:38:22.057Z
36,14:00:07,2025-04-19,Petal_2025_low,glb and ks,,Percos,050,Bottom,0.006563,1.905448,0.006540,0.082963,1.130165,1.125545,2.400713,1.270548,11.042769,11.088096,23.553490,0.441786,7.500000,46.95,46.76,20.41,20.37,20.37,101.93,80.0,79.8,0.2,997,4.106,13:50:41,2025-04-19,-0.33,1,0.000,-0.000,-9999.000,0.004,0.001,-9999.000,1,75,0.001,2.000000,0.058905,0.000000,0.029230,0.000000,0.000000,-0.000068,standard,2.477066,2.515401,1.062944,0.757586,0.327709,0.000284,0.238289,0.981078,46.606064,0.000143,2.400461,-0.000053,1.000000,2.435166,-0.000058,1.000000,0.601058,0.603298,0.107219,0.000000,,PFA-00225,PSA-00237,,RHS-00303,3.0.0,2025-04-17T20:38:22.057Z
37,14:00:29,2025-04-19,Petal_2025_low,glb and ks,,Percos,051,Top,0.007081,1.903339,0.007054,0.098221,1.136710,1.131232,2.530409,1.393699,11.097993,11.151730,24.824663,0.441786,7.500000,47.13,46.90,20.44,21.22,21.22,101.93,79.9,79.8,0.0,614,4.106,13:50:41,2025-04-19,-0.33,1,-0.000,-0.000,-9999.000,-0.003,-0.002,-9999.000,1,75,0.001,2.000000,0.058905,0.000000,0.029230,0.000000,0.000000,-0.000068,standard,2.477264,2.515659,1.062176,0.757699,0.327294,0.009616,0.239534,0.645575,46.562431,0.000137,2.400461,-0.000053,1.000000,2.435166,-0.000058,1.000000,0.601058,0.603298,0.107219,0.000000,,PFA-00225,PSA-00237,,RHS-00303,3.0.0,2025-04-17T20:38:22.057Z
38,14:01:01,2025-04-19,Petal_2025_low,glb and ks,,Percos,051,Bottom,-0.076468,1.901288,-0.079672,-1.041260,1.073987,1.132172,2.383578,1.309591,11.107046,10.536226,23.383827,0.441786,7.500000,44.40,46.80,20.49,20.25,20.25,101.93,79.7,79.7,0.0,1063,4.105,14:00:53,2025-04-19,-2.90,0,-0.000,-0.000,-9999.000,-0.002,-0.007,-9999.000,1,75,0.001,2.000000,0.058905,0.000000,0.029230,0.000000,0.000000,-0.000068,standard,2.477119,2.515419,1.061430,0.757464,0.326683,-0.001917,0.241342,1.038774,46.470524,0.000133,2.400461,-0.000053,1.000000,2.435166,-0.000058,1.000000,0.601058,0.603298,0.107219,0.000000,,PFA-00225,PSA-00237,,RHS-00303,3.0.0,2025-04-17T20:38:22.057Z
39,14:01:34,2025-04-19,Petal_2025_low,glb and ks,,Percos,052,Top,-0.068866,1.898443,-0.071458,-1.068917,1.075624,1.135470,2.573127,1.497503,11.139241,10.552135,25.243010,0.441786,7.500000,44.29,46.75,20.56,21.50,21.50,101.93,79.6,79.5,0.1,658,4.104,14:00:53,2025-04-19,-2.90,0,0.000,-0.000,-9999.000,0.000,0.000,-9999.000,1,75,0.001,2.000000,0.058905,0.000000,0.029230,0.000000,0.000000,-0.000068,standard,2.477029,2.515240,1.060396,0.757015,0.325826,0.011448,0.243198,0.684005,46.443703,0.000137,2.400461,-0.000053,1.000000,2.435166,-0.000058,1.000000,0.601058,0.603298,0.107219,0.000000,,PFA-00225,PSA-00237,,RHS-00303,3.0.0,2025-04-17T20:38:22.057Z
40,14:01:55,2025-04-19,Petal_2025_low,glb and ks,,Percos,052,Top,-0.075825,1.900876,-0.078975,-1.074398,1.075195,1.135244,2.437913,1.362717,11.138005,10.548862,23.918634,0.441786,7.500000,44.16,46.62,20.60,20.62,20.62,101.93,79.7,79.5,0.3,508,4.104,14:00:53,2025-04-19,-2.90,0,-0.000,-0.001,-9999.000,-0.001,-0.004,-9999.000,1,75,0.001,2.000000,0.058905,0.000000,0.029230,0.000000,0.000000,-0.000068,standard,2.476838,2.515039,1.061280,0.756885,0.325286,0.000981,0.244396,0.552660,46.409725,0.000134,2.400461,-0.000053,1.000000,2.435166,-0.000058,1.000000,0.601058,0.603298,0.107219,0.000000,,PFA-00225,PSA-00237,,RHS-00303,3.0.0,2025-04-17T20:38:22.057Z
41,14:02:13,2025-04-19,Petal_2025_low,glb and ks,,Percos,052,Bottom,-0.074464,1.898693,-0.077503,-1.066890,1.075651,1.135366,2.454379,1.378728,11.139638,10.553745,24.081127,0.441786,7.500000,44.13,46.58,20.61,20.73,20.73,101.92,79.6,79.8,-0.2,560,4.104,14:00:53,2025-04-19,-2.90,0,0.000,0.001,-9999.000,-0.004,-0.004,-9999.000,1,75,0.001,2.000000,0.058905,0.000000,0.029230,0.000000,0.000000,-0.000068,standard,2.476779,2.515001,1.060487,0.757592,0.325086,0.002042,0.245334,0.598014,46.372890,0.000135,2.400461,-0.000053,1.000000,2.435166,-0.000058,1.000000,0.601058,0.603298,0.107219,0.000000,,PFA-00225,PSA-00237,,RHS-00303,3.0.0,2025-04-17T20:38:22.057Z
42,14:02:43,2025-04-19,Petal_2025_low,glb and ks,,Percos,053,Top,-0.081858,1.898480,-0.085546,-1.080199,1.079716,1.140191,2.345248,1.265532,11.185364,10.592100,23.007069,0.441786,7.500000,44.26,46.74,20.63,19.99,19.99,101.94,79.6,79.7,-0.2,284,4.104,14:00:53,2025-04-19,-2.90,0,-0.000,-0.000,-9999.000,-0.004,-0.003,-9999.000,1,75,0.001,2.000000,0.058905,0.000000,0.029230,0.000000,0.000000,-0.000068,standard,2.477000,2.515188,1.060410,0.757470,0.324903,-0.006421,0.247042,0.356065,46.316383,0.000136,2.400461,-0.000053,1.000000,2.435166,-0.000058,1.000000,0.601058,0.603298,0.107219,0.000000,,PFA-00225,PSA-00237,,RHS-00303,3.0.0,2025-04-17T20:38:22.057Z
43,14:03:03,2025-04-19,Petal_2025_low,glb and ks,,Percos,053,Bottom,-0.067633,1.894413,-0.070137,-1.066002,1.077701,1.137547,2.599042,1.521341,11.159586,10.572486,25.497181,0.441786,7.500000,44.24,46.70,20.61,21.66,21.66,101.93,79.4,79.8,-0.6,1648,4.104,14:00:53,2025-04-19,-2.90,0,0.000,-0.001,-9999.000,-0.002,0.000,-9999.000,1,75,0.001,2.000000,0.058905,0.000000,0.029230,0.000000,0.000000,-0.000068,standard,2.476937,2.515156,1.058935,0.757640,0.325180,0.012753,0.248040,1.551532,46.297432,0.000139,2.400461,-0.000053,1.000000,2.435166,-0.000058,1.000000,0.601058,0.603298,0.107219,0.000000,,PFA-00225,PSA-00237,,RHS-00303,3.0.0,2025-04-17T20:38:22.057Z
44,14:03:46,2025-04-19,Petal_2025_low,glb and ks,,Percos,054,Top,-0.001387,1.896637,-0.001388,-0.018969,1.138123,1.139186,2.505926,1.367803,11.174840,11.164414,24.581879,0.441786,7.500000,46.93,46.97,20.53,21.07,21.07,101.94,79.5,79.8,-0.3,1840,4.102,14:03:27,2025-04-19,-0.52,1,-0.000,-0.000,-9999.000,0.001,-0.001,-9999.000,1,75,0.001,2.000000,0.058905,0.000000,0.029230,0.000000,0.000000,-0.000068,standard,2.477348,2.515620,1.059741,0.757508,0.326133,0.006797,0.250304,1.719874,46.203018,0.000142,2.400461,-0.000053,1.000000,2.435166,-0.000058,1.000000,0.601058,0.603298,0.107219,0.000000,,PFA-00225,PSA-00237,,RHS-00303,3.0.0,2025-04-17T20:38:22.057Z
45,14:04:01,2025-04-19,Petal_2025_low,glb and ks,,Percos,054,Bottom,-0.001519,1.896701,-0.001520,-0.022515,1.136603,1.137864,2.618544,1.481942,11.162123,11.149749,25.687178,0.441786,7.500000,46.88,46.93,20.53,21.78,21.78,101.94,79.5,79.7,-0.3,966,4.103,14:03:27,2025-04-19,-0.52,1,-0.000,0.000,-9999.000,0.002,-0.004,-9999.000,1,75,0.001,2.000000,0.058905,0.000000,0.029230,0.000000,0.000000,-0.000068,standard,2.477289,2.515546,1.059764,0.757462,0.326189,0.015044,0.251050,0.953869,46.150803,0.000140,2.400461,-0.000053,1.000000,2.435166,-0.000058,1.000000,0.601058,0.603298,0.107219,0.000000,,PFA-00225,PSA-00237,,RHS-00303,3.0.0,2025-04-17T20:38:22.057Z
46,14:04:19,2025-04-19,Petal_2025_low,glb and ks,,Percos,055,Top,-0.004501,1.897711,-0.004511,-0.055981,1.132371,1.135505,2.375644,1.243273,11.138628,11.107882,23.303646,0.441786,7.500000,46.78,46.91,20.50,20.20,20.20,101.94,79.5,79.8,-0.3,1774,4.102,14:03:27,2025-04-19,-0.52,1,-0.000,-0.000,-9999.000,-0.004,-0.006,-9999.000,1,75,0.001,2.000000,0.058905,0.000000,0.029230,0.000000,0.000000,-0.000068,standard,2.477262,2.515404,1.060131,0.757581,0.326525,-0.002663,0.251904,1.662786,46.070694,0.000142,2.400461,-0.000053,1.000000,2.435166,-0.000058,1.000000,0.601058,0.603298,0.107219,0.000000,,PFA-00225,PSA-00237,,RHS-00303,3.0.0,2025-04-17T20:38:22.057Z
47,14:04:41,2025-04-19,Petal_2025_low,glb and ks,,Percos,055,Bottom,0.000403,1.899197,0.000403,0.007089,1.135286,1.134890,2.892501,1.757214,11.132402,11.136292,28.373219,0.441786,7.500000,46.96,46.94,20.48,23.42,23.42,101.94,79.6,79.7,-0.1,1835,4.102,14:03:27,2025-04-19,-0.52,1,-0.000,0.000,-9999.000,0.002,-0.001,-9999.000,1,75,0.001,2.000000,0.058905,0.000000,0.029230,0.000000,0.000000,-0.000068,standard,2.477314,2.515672,1.060670,0.757465,0.326791,0.034580,0.252981,1.715683,46.019196,0.000139,2.400461,-0.000053,1.000000,2.435166,-0.000058,1.000000,0.601058,0.603298,0.107219,0.000000,,PFA-00225,PSA-00237,,RHS-00303,3.0.0,2025-04-17T20:38:22.057Z
48,14:04:57,2025-04-19,Petal_2025_low,glb and ks,,Percos,056,Top,-0.002685,1.892901,-0.002689,-0.041422,1.134182,1.136508,2.675473,1.541292,11.148442,11.125619,26.244734,0.441786,7.500000,46.94,47.04,20.47,22.14,22.14,101.94,79.3,79.8,-0.6,1233,4.102,14:03:27,2025-04-19,-0.52,1,-0.000,-0.000,-9999.000,0.001,-0.001,-9999.000,1,75,0.001,2.000000,0.058905,0.000000,0.029230,0.000000,0.000000,-0.000068,standard,2.477456,2.515655,1.058388,0.757583,0.326936,0.019756,0.253825,1.187913,45.980930,0.000137,2.400461,-0.000053,1.000000,2.435166,-0.000058,1.000000,0.601058,0.603298,0.107219,0.000000,,PFA-00225,PSA-00237,,RHS-00303,3.0.0,2025-04-17T20:38:22.057Z
49,14:05:10,2025-04-19,Petal_2025_low,glb and ks,,Percos,056,Bottom,0.004353,1.892656,0.004343,0.064750,1.140359,1.136721,2.632281,1.491922,11.150558,11.186240,25.821100,0.441786,7.500000,47.18,47.03,20.48,21.87,21.87,101.94,79.3,79.5,-0.3,1096,4.101,14:03:27,2025-04-19,-0.52,1,0.001,0.000,-9999.000,-0.003,-0.002,-9999.000,1,75,0.001,2.000000,0.058905,0.000000,0.029230,0.000000,0.000000,-0.000068,standard,2.477442,2.516003,1.058300,0.756924,0.326854,0.016612,0.254486,1.068269,45.959473,0.000134,2.400461,-0.000053,1.000000,2.435166,-0.000058,1.000000,0.601058,0.603298,0.107219,0.000000,,PFA-00225,PSA-00237,,RHS-00303,3.0.0,2025-04-17T20:38:22.057Z
50,14:05:32,2025-04-19,Petal_2025_low,glb and ks,,Percos,057,Top,-0.003434,1.900055,-0.003440,-0.042213,1.128721,1.131080,2.358108,1.229388,11.095496,11.072348,23.132204,0.441786,7.500000,46.77,46.87,20.45,20.08,20.08,101.94,79.7,79.8,-0.1,1700,4.101,14:03:27,2025-04-19,-0.52,1,-0.000,-0.000,-9999.000,-0.005,0.002,-9999.000,1,75,0.001,2.000000,0.058905,0.000000,0.029230,0.000000,0.000000,-0.000068,standard,2.477215,2.515402,1.060982,0.757538,0.327169,-0.003448,0.255696,1.597185,45.938015,0.000144,2.400461,-0.000053,1.000000,2.435166,-0.000058,1.000000,0.601058,0.603298,0.107219,0.000000,,PFA-00225,PSA-00237,,RHS-00303,3.0.0,2025-04-17T20:38:22.057Z
51,14:05:45,2025-04-19,Petal_2025_low,glb and ks,,Percos,057,Bottom,-0.001376,1.904607,-0.001377,-0.022297,1.127653,1.128896,2.747465,1.619812,11.074285,11.062095,26.952187,0.441786,7.500000,46.77,46.82,20.44,22.57,22.57,101.94,79.9,79.5,0.5,1795,4.101,14:03:27,2025-04-19,-0.52,1,-0.000,-0.000,-9999.000,0.002,0.001,-9999.000,1,75,0.001,2.000000,0.058905,0.000000,0.029230,0.000000,0.000000,-0.000068,standard,2.477150,2.515404,1.062638,0.757033,0.327365,0.025180,0.256428,1.680491,45.913338,0.000139,2.400461,-0.000053,1.000000,2.435166,-0.000058,1.000000,0.601058,0.603298,0.107219,0.000000,,PFA-00225,PSA-00237,,RHS-00303,3.0.0,2025-04-17T20:38:22.057Z
52,14:06:16,2025-04-19,Petal_2025_low,glb and ks,,Percos,058,Top,-0.003305,1.910350,-0.003311,-0.044893,1.128811,1.131303,2.486516,1.357704,11.097627,11.073180,24.391710,0.441786,7.500000,46.85,46.96,20.43,20.94,20.94,101.94,80.2,79.7,0.7,782,4.100,14:03:27,2025-04-19,-0.52,1,0.000,-0.000,-9999.000,-0.000,-0.002,-9999.000,1,75,0.001,2.000000,0.058905,0.000000,0.029230,0.000000,0.000000,-0.000068,standard,2.477351,2.515535,1.064734,0.757365,0.327543,0.006592,0.257938,0.792988,45.847893,0.000134,2.400461,-0.000053,1.000000,2.435166,-0.000058,1.000000,0.601058,0.603298,0.107219,0.000000,,PFA-00225,PSA-00237,,RHS-00303,3.0.0,2025-04-17T20:38:22.057Z
53,14:06:33,2025-04-19,Petal_2025_low,glb and ks,,Percos,058,Bottom,0.004144,1.902801,0.004135,0.052076,1.136747,1.133842,2.398285,1.261538,11.122609,11.151111,23.526384,0.441786,7.500000,47.14,47.02,20.44,20.35,20.35,101.94,79.8,79.5,0.4,197,4.101,14:03:27,2025-04-19,-0.52,1,-0.001,-0.001,-9999.000,-0.005,-0.004,-9999.000,1,75,0.001,2.000000,0.058905,0.000000,0.029230,0.000000,0.000000,-0.000068,standard,2.477440,2.515957,1.061980,0.757045,0.327362,-0.000203,0.258689,0.280315,45.776367,0.000138,2.400461,-0.000053,1.000000,2.435166,-0.000058,1.000000,0.601058,0.603298,0.107219,0.000000,,PFA-00225,PSA-00237,,RHS-00303,3.0.0,2025-04-17T20:38:22.057Z
54,14:06:51,2025-04-19,Petal_2025_low,glb and ks,,Percos,059,Top,-0.003545,1.904812,-0.003551,-0.046500,1.132537,1.135128,2.443953,1.311416,11.135310,11.109894,23.974543,0.441786,7.500000,46.94,47.04,20.45,20.66,20.66,101.94,79.9,79.8,0.2,782,4.101,14:03:27,2025-04-19,-0.52,1,-0.000,-0.000,-9999.000,-0.000,-0.003,-9999.000,1,75,0.001,2.000000,0.058905,0.000000,0.029230,0.000000,0.000000,-0.000068,standard,2.477468,2.515651,1.062713,0.757503,0.327217,0.003126,0.259509,0.792960,45.734169,0.000141,2.400461,-0.000053,1.000000,2.435166,-0.000058,1.000000,0.601058,0.603298,0.107219,0.000000,,PFA-00225,PSA-00237,,RHS-00303,3.0.0,2025-04-17T20:38:22.057Z
55,14:07:11,2025-04-19,Petal_2025_low,glb and ks,,Percos,059,Bottom,-0.000085,1.903426,-0.000085,-0.001050,1.141880,1.141939,2.386249,1.244369,11.202261,11.201686,23.408772,0.441786,7.500000,47.26,47.26,20.47,20.27,20.27,101.94,79.9,79.7,0.2,370,4.100,14:03:27,2025-04-19,-0.52,1,0.001,-0.000,-9999.000,-0.003,-0.003,-9999.000,1,75,0.001,2.000000,0.058905,0.000000,0.029230,0.000000,0.000000,-0.000068,standard,2.477766,2.516114,1.062208,0.757370,0.326908,-0.001517,0.260450,0.431697,45.670509,0.000141,2.400461,-0.000053,1.000000,2.435166,-0.000058,1.000000,0.601058,0.603298,0.107219,0.000000,,PFA-00225,PSA-00237,,RHS-00303,3.0.0,2025-04-17T20:38:22.057Z
56,14:07:43,2025-04-19,Petal_2025_low,glb and ks,,Percos,060,Top,-0.002126,1.892505,-0.002128,-0.032360,1.144034,1.145852,2.665110,1.521076,11.239797,11.221963,26.142370,0.441786,7.500000,47.22,47.29,20.52,22.07,22.07,101.95,79.3,79.8,-0.7,1175,4.100,14:03:27,2025-04-19,-0.52,1,-0.000,-0.000,-9999.000,0.003,0.000,-9999.000,1,75,0.001,2.000000,0.058905,0.000000,0.029230,0.000000,0.000000,-0.000068,standard,2.477807,2.516050,1.058245,0.757570,0.326344,0.018501,0.261937,1.137411,45.602562,0.000141,2.400461,-0.000053,1.000000,2.435166,-0.000058,1.000000,0.601058,0.603298,0.107219,0.000000,,PFA-00225,PSA-00237,,RHS-00303,3.0.0,2025-04-17T20:38:22.057Z
57,14:07:59,2025-04-19,Petal_2025_low,glb and ks,,Percos,060,Bottom,0.004424,1.896778,0.004413,0.072451,1.144348,1.140289,2.785760,1.641412,11.184485,11.224298,27.324028,0.441786,7.500000,47.22,47.05,20.52,22.80,22.80,101.95,79.5,79.7,-0.3,1464,4.099,14:03:27,2025-04-19,-0.52,1,-0.001,-0.001,-9999.000,0.001,0.001,-9999.000,1,75,0.001,2.000000,0.058905,0.000000,0.029230,0.000000,0.000000,-0.000068,standard,2.477463,2.516050,1.059792,0.757412,0.326288,0.026879,0.262805,1.390809,45.588612,0.000140,2.400461,-0.000053,1.000000,2.435166,-0.000058,1.000000,0.601058,0.603298,0.107219,0.000000,,PFA-00225,PSA-00237,,RHS-00303,3.0.0,2025-04-17T20:38:22.057Z
58,14:08:21,2025-04-19,Petal_2025_low,glb and ks,,Percos,061,Top,-0.005125,1.902873,-0.005139,-0.065096,1.135365,1.138997,2.404518,1.269153,11.171535,11.135910,23.584049,0.441786,7.500000,47.02,47.17,20.46,20.39,20.39,101.96,79.8,79.6,0.3,601,4.099,14:03:27,2025-04-19,-0.52,1,0.000,0.000,-9999.000,-0.003,-0.005,-9999.000,1,75,0.001,2.000000,0.058905,0.000000,0.029230,0.000000,0.000000,-0.000068,standard,2.477638,2.515764,1.062007,0.757082,0.327045,-0.000005,0.263849,0.634231,45.544624,0.000140,2.400461,-0.000053,1.000000,2.435166,-0.000058,1.000000,0.601058,0.603298,0.107219,0.000000,,PFA-00225,PSA-00237,,RHS-00303,3.0.0,2025-04-17T20:38:22.057Z
59,14:08:34,2025-04-19,Petal_2025_low,glb and ks,,Percos,061,Bottom,-0.002702,1.905240,-0.002706,-0.036359,1.133472,1.135498,2.479069,1.345597,11.138010,11.118143,24.316994,0.441786,7.500000,46.94,47.02,20.46,20.89,20.89,101.95,80.0,79.1,1.1,758,4.098,14:03:27,2025-04-19,-0.52,1,-0.000,-0.000,-9999.000,-0.001,-0.003,-9999.000,1,75,0.001,2.000000,0.058905,0.000000,0.029230,0.000000,0.000000,-0.000068,standard,2.477435,2.515651,1.062869,0.756127,0.327050,0.005607,0.264504,0.771873,45.515297,0.000134,2.400461,-0.000053,1.000000,2.435166,-0.000058,1.000000,0.601058,0.603298,0.107219,0.000000,,PFA-00225,PSA-00237,,RHS-00303,3.0.0,2025-04-17T20:38:22.057Z
60,14:08:55,2025-04-19,Petal_2025_low,glb and ks,,Percos,062,Top,-0.004974,1.906542,-0.004987,-0.066467,1.134219,1.137918,2.469120,1.334901,11.159975,11.123689,24.215548,0.441786,7.500000,46.96,47.11,20.47,20.82,20.82,101.96,80.0,79.6,0.6,1873,4.099,14:03:27,2025-04-19,-0.52,1,-0.000,-0.001,-9999.000,-0.000,-0.002,-9999.000,1,75,0.001,2.000000,0.058905,0.000000,0.029230,0.000000,0.000000,-0.000068,standard,2.477564,2.515683,1.063343,0.757139,0.327011,0.004831,0.265549,1.748808,45.470955,0.000136,2.400461,-0.000053,1.000000,2.435166,-0.000058,1.000000,0.601058,0.603298,0.107219,0.000000,,PFA-00225,PSA-00237,,RHS-00303,3.0.0,2025-04-17T20:38:22.057Z
61,14:09:10,2025-04-19,Petal_2025_low,glb and ks,,Percos,062,Bottom,-0.000659,1.900598,-0.000659,-0.011228,1.137925,1.138553,2.841347,1.703421,11.165950,11.159796,27.865490,0.441786,7.500000,47.13,47.15,20.46,23.13,23.13,101.97,79.7,80.0,-0.4,1874,4.098,14:03:27,2025-04-19,-0.52,1,-0.000,-0.000,-9999.000,0.001,-0.002,-9999.000,1,75,0.001,2.000000,0.058905,0.000000,0.029230,0.000000,0.000000,-0.000068,standard,2.477617,2.515925,1.061179,0.757989,0.327059,0.031361,0.266288,1.749599,45.432327,0.000141,2.400461,-0.000053,1.000000,2.435166,-0.000058,1.000000,0.601058,0.603298,0.107219,0.000000,,PFA-00225,PSA-00237,,RHS-00303,3.0.0,2025-04-17T20:38:22.057Z
62,14:09:28,2025-04-19,Petal_2025_low,glb and ks,,Percos,063,Top,-0.003707,1.898450,-0.003714,-0.048131,1.137841,1.140535,2.435899,1.298057,11.186156,11.159737,23.890844,0.441786,7.500000,47.13,47.24,20.46,20.60,20.60,101.96,79.6,79.6,0.0,576,4.098,14:03:27,2025-04-19,-0.52,1,-0.000,-0.000,-9999.000,0.000,-0.005,-9999.000,1,75,0.001,2.000000,0.058905,0.000000,0.029230,0.000000,0.000000,-0.000068,standard,2.477748,2.515936,1.060399,0.757115,0.327105,0.002422,0.267198,0.612408,45.410156,0.000133,2.400461,-0.000053,1.000000,2.435166,-0.000058,1.000000,0.601058,0.603298,0.107219,0.000000,,PFA-00225,PSA-00237,,RHS-00303,3.0.0,2025-04-17T20:38:22.057Z
63,14:09:43,2025-04-19,Petal_2025_low,glb and ks,,Percos,063,Bottom,0.002968,1.898231,0.002964,0.039806,1.144332,1.142104,2.489305,1.344973,11.202257,11.224109,24.416199,0.441786,7.500000,47.40,47.31,20.46,20.96,20.96,101.95,79.6,79.8,-0.3,1741,4.098,14:03:27,2025-04-19,-0.52,1,-0.000,-0.000,-9999.000,0.000,-0.005,-9999.000,1,75,0.001,2.000000,0.058905,0.000000,0.029230,0.000000,0.000000,-0.000068,standard,2.477840,2.516331,1.060319,0.757700,0.327105,0.006416,0.267910,1.633359,45.369385,0.000135,2.400461,-0.000053,1.000000,2.435166,-0.000058,1.000000,0.601058,0.603298,0.107219,0.000000,,PFA-00225,PSA-00237,,RHS-00303,3.0.0,2025-04-17T20:38:22.057Z
64,14:10:13,2025-04-19,Petal_2025_low,glb and ks,,Percos,064,Top,-0.003255,1.893627,-0.003260,-0.043604,1.142423,1.144871,2.481743,1.339321,11.229781,11.205770,24.342869,0.441786,7.500000,47.37,47.47,20.44,20.91,20.91,101.95,79.3,79.7,-0.4,1868,4.098,14:03:27,2025-04-19,-0.52,1,-0.000,-0.001,-9999.000,-0.003,-0.002,-9999.000,1,75,0.001,2.000000,0.058905,0.000000,0.029230,0.000000,0.000000,-0.000068,standard,2.478070,2.516284,1.058651,0.757304,0.327308,0.006031,0.269262,1.744989,45.293926,0.000135,2.400461,-0.000053,1.000000,2.435166,-0.000058,1.000000,0.601058,0.603298,0.107219,0.000000,,PFA-00225,PSA-00237,,RHS-00303,3.0.0,2025-04-17T20:38:22.057Z
65,14:10:25,2025-04-19,Petal_2025_low,glb and ks,,Percos,064,Bottom,-0.001462,1.897775,-0.001464,-0.027388,1.141585,1.143118,3.010639,1.869055,11.212014,11.196975,29.529173,0.441786,7.500000,47.34,47.40,20.44,24.09,24.09,101.95,79.5,79.7,-0.2,1879,4.098,14:03:27,2025-04-19,-0.52,1,-0.000,-0.000,-9999.000,-0.001,0.001,-9999.000,1,75,0.001,2.000000,0.058905,0.000000,0.029230,0.000000,0.000000,-0.000068,standard,2.477978,2.516245,1.060154,0.757486,0.327341,0.042897,0.269883,1.754566,45.277477,0.000139,2.400461,-0.000053,1.000000,2.435166,-0.000058,1.000000,0.601058,0.603298,0.107219,0.000000,,PFA-00225,PSA-00237,,RHS-00303,3.0.0,2025-04-17T20:38:22.057Z