TIMESTAMP,RECORD,PTemp_C_Avg,Temp_C_Avg(1),Temp_C_Avg(2),Temp_C_Avg(3),Temp_C_Avg(4),Temp_C_Avg(5)
5/27/22 13:30,0,22.07,21.62,21.45,21.05,20.88,21.22
5/27/22 13:35,1,22.08,21.57,21.49,21.13,20.97,21.3
5/27/22 13:40,2,22.07,21.58,21.52,21.17,21.01,21.29
5/27/22 13:45,3,22.06,21.53,21.55,21.21,21.04,21.28
5/27/22 13:50,4,22.05,21.54,21.55,21.23,21.05,21.29
5/27/22 13:55,5,22.05,21.57,21.54,21.25,21.05,21.32
5/27/22 14:00,6,22.05,21.56,21.54,21.26,21.07,21.31
5/27/22 14:05,7,22.06,21.61,21.67,21.45,21.16,21.31
5/27/22 14:10,8,22.14,21.01,21.29,20.51,21.12,21.19
5/27/22 14:15,9,22.1,20.86,21.03,20.43,20.68,20.89
5/27/22 14:20,10,21.99,20.82,20.82,20.47,20.57,20.67
5/27/22 14:25,11,21.87,20.73,20.71,20.44,20.48,20.55
5/27/22 14:30,12,21.77,20.72,20.65,20.46,20.46,20.47
5/27/22 14:35,13,21.69,20.74,20.62,20.41,20.4,20.42
5/27/22 14:40,14,21.62,20.7,20.59,20.39,20.37,20.39
5/27/22 14:45,15,21.57,20.71,20.58,20.36,20.35,20.37
5/27/22 14:50,16,21.53,20.72,20.57,20.42,20.35,20.35
5/27/22 14:55,17,21.49,20.71,20.56,20.4,20.35,20.34
5/27/22 15:00,18,21.46,20.71,20.56,20.41,20.34,20.33
5/27/22 15:05,19,21.44,20.71,20.55,20.42,20.35,20.32
5/27/22 15:10,20,21.43,20.72,20.56,20.4,20.36,20.32
5/27/22 15:40,21,24.5,19.67,19.99,25.28,21.99,21.14
5/27/22 15:45,22,26.14,20.33,20.75,25.65,21.99,20.97
5/27/22 15:50,23,28.02,22.67,22.24,26.36,21.34,21.39
5/27/22 15:55,24,27.48,22.27,21.89,26.89,21.04,21.2
5/27/22 16:00,25,26.56,21.67,21.48,26.46,20.64,20.81
5/27/22 16:05,26,25.73,21.54,21,26.28,20.28,20.31
5/27/22 16:10,27,25.16,19.9,19.88,25.94,20.08,20.11
5/27/22 16:15,28,24.77,19.56,19.58,25.71,19.72,19.76
5/27/22 16:20,29,24.48,19.51,19.49,25.41,19.63,19.63
5/27/22 16:25,30,24.22,19.1,19.16,25.27,19.45,19.51
5/27/22 16:30,31,23.99,19.32,19.31,25.08,19.43,19.43
5/27/22 16:35,32,23.74,19.16,19.12,25.04,19.13,19.18
5/27/22 16:40,33,23.58,18.63,18.66,24.75,18.88,18.91
5/27/22 16:45,34,23.43,18.25,18.19,24.43,18.68,18.78
5/27/22 16:50,35,23.21,18.3,18.17,24.46,18.52,18.66
5/27/22 16:55,36,23.05,18.42,18.41,24.1,18.8,18.9
5/27/22 17:00,37,22.96,18.4,18.33,24.02,18.63,18.72
5/27/22 17:05,38,22.8,17.96,17.89,23.78,18.27,18.34
5/27/22 17:10,39,22.87,17.69,17.58,23.54,17.9,18
5/27/22 17:15,40,23.26,17.21,17.07,23.28,17.68,17.87
5/27/22 17:20,41,23.5,17.23,17.11,23.16,17.83,17.94
5/27/22 17:25,42,23.18,17.43,17.33,23.36,17.74,17.78
5/27/22 17:30,43,22.72,17.24,17.14,23.37,17.37,17.38
5/27/22 17:35,44,22.25,16.81,16.66,23.1,16.79,16.8
5/27/22 17:40,45,21.76,16.79,16.6,23.01,16.83,16.84
5/27/22 17:45,46,21.3,16.48,16.38,22.56,16.6,16.59
5/27/22 17:50,47,20.92,16.8,16.62,22.86,16.73,16.73
5/27/22 17:55,48,20.67,16.75,16.68,22.44,16.82,16.72
5/27/22 18:00,49,20.45,16.19,16.1,22.07,16.19,16.1
5/27/22 18:05,50,20.16,16.21,16.07,22.06,16.19,16.18
5/27/22 18:10,51,20.04,15.99,15.93,21.96,16.12,16.05
5/27/22 18:15,52,19.96,15.73,15.68,21.97,16.15,16.25
5/27/22 18:20,53,19.85,15.47,15.49,21.6,15.95,16.02
5/27/22 18:25,54,19.65,15.59,15.5,21.74,15.83,15.86
5/27/22 18:30,55,19.74,15.38,15.41,21.27,15.76,15.71
5/27/22 18:35,56,20.07,14.87,14.96,21.15,15.25,15.32
5/27/22 18:40,57,20.51,14.91,15.06,21.26,15.19,15.28
5/27/22 18:45,58,20.73,14.99,15.1,21.31,15.31,15.26
5/27/22 18:50,59,20.93,14.8,14.83,21.31,15.29,15.09
5/27/22 18:55,60,20.98,14.83,14.96,21.39,15.14,14.89
5/27/22 19:00,61,20.95,14.72,14.81,21.33,15.15,14.81
5/27/22 19:05,62,21.11,14.57,14.87,21.33,15,14.64
5/27/22 19:10,63,21.67,14.41,14.62,21.3,14.98,14.51
5/27/22 19:15,64,21.68,14.22,14.25,21.13,14.39,14.11
5/27/22 19:20,65,21.13,14.22,14.19,20.95,14.12,14.03
5/27/22 19:25,66,20.55,14.11,13.99,20.93,13.94,13.9
5/27/22 19:30,67,20.03,14.01,13.86,20.88,13.95,13.96
5/27/22 19:35,68,19.51,13.95,13.79,20.87,13.92,13.92
5/27/22 19:40,69,19.08,13.66,13.54,20.63,13.59,13.61
5/27/22 19:45,70,18.69,13.63,13.5,20.45,13.68,13.67
5/27/22 19:50,71,18.34,13.46,13.35,20.33,13.55,13.56
5/27/22 19:55,72,18.04,13.38,13.25,20.28,13.39,13.4
5/27/22 20:00,73,17.79,13.34,13.23,20.12,13.42,13.4
5/27/22 20:05,74,17.55,13.26,13.15,20.06,13.48,13.48
5/27/22 20:10,75,17.34,13.07,12.94,19.84,13.18,13.18
5/27/22 20:15,76,17.15,12.83,12.73,19.6,12.97,12.98
5/27/22 20:20,77,16.95,12.77,12.66,19.69,12.86,12.87
5/27/22 20:25,78,16.77,12.53,12.44,19.39,12.63,12.65
5/27/22 20:30,79,16.62,12.48,12.41,19.43,12.51,12.52
5/27/22 20:35,80,16.5,12.42,12.36,19.48,12.49,12.51
5/27/22 20:40,81,16.42,12.38,12.33,19.3,12.39,12.4
5/27/22 20:45,82,16.36,12.24,12.19,19.09,12.27,12.27
5/27/22 20:50,83,16.26,12.27,12.22,18.96,12.41,12.41
5/27/22 20:55,84,16.15,12.21,12.14,18.9,12.35,12.36
5/27/22 21:00,85,16.07,12.21,12.17,18.74,12.35,12.37
5/27/22 21:05,86,16,12.16,12.13,18.78,12.29,12.31
5/27/22 21:10,87,15.96,12.13,12.11,18.86,12.31,12.31
5/27/22 21:15,88,15.94,12.13,12.1,18.64,12.23,12.19
5/27/22 21:20,89,15.91,12.08,12.02,18.53,12.02,12.02
5/27/22 21:25,90,15.86,12.07,12.05,18.48,12.13,12.13
5/27/22 21:30,91,15.81,12.15,12.13,18.33,12.22,12.23
5/27/22 21:35,92,15.77,12.14,12.11,18.24,12.27,12.27
5/27/22 21:40,93,15.74,12.05,12.06,18.4,12.21,12.16
5/27/22 21:45,94,15.72,12.12,12.1,18.13,12.28,12.22
5/27/22 21:50,95,15.68,12.15,12.12,18.23,12.46,12.38
5/27/22 21:55,96,15.63,12.22,12.18,18.14,12.45,12.35
5/27/22 22:00,97,15.62,12.18,12.18,18.13,12.5,12.43
5/27/22 22:05,98,15.63,12.1,12.06,18.03,12.16,12.14
5/27/22 22:10,99,15.63,12.01,11.98,17.93,12.05,12.03
5/27/22 22:15,100,15.61,12.01,11.99,17.95,12.09,12.02
5/27/22 22:20,101,15.59,12.13,12.1,17.8,12.09,12.09
5/27/22 22:25,102,15.59,12.17,12.13,17.8,12.15,12.13
5/27/22 22:30,103,15.59,12.23,12.2,17.96,12.17,12.16
5/27/22 22:35,104,15.63,12.3,12.3,17.9,12.27,12.25
5/27/22 22:40,105,15.67,12.36,12.36,17.81,12.39,12.38
5/27/22 22:45,106,15.7,12.42,12.42,17.83,12.4,12.38
5/27/22 22:50,107,15.74,12.36,12.37,17.72,12.36,12.35
5/27/22 22:55,108,15.76,12.29,12.3,17.73,12.3,12.29
5/27/22 23:00,109,15.78,12.38,12.4,17.64,12.47,12.42
5/27/22 23:05,110,15.74,12.46,12.42,17.6,12.5,12.46
5/27/22 23:10,111,15.73,12.47,12.45,17.58,12.4,12.37
5/27/22 23:15,112,15.74,12.54,12.54,17.51,12.67,12.61
5/27/22 23:20,113,15.73,12.52,12.5,17.58,12.54,12.51
5/27/22 23:25,114,15.73,12.52,12.5,17.57,12.5,12.47
5/27/22 23:30,115,15.74,12.52,12.51,17.56,12.51,12.5
5/27/22 23:35,116,15.78,12.5,12.51,17.55,12.54,12.54
5/27/22 23:40,117,15.81,12.54,12.56,17.53,12.6,12.59
5/27/22 23:45,118,15.84,12.68,12.67,17.49,12.73,12.71
5/27/22 23:50,119,15.88,12.72,12.69,17.46,12.81,12.79
5/27/22 23:55,120,15.89,12.73,12.71,17.37,12.79,12.79
5/28/22 0:00,121,15.9,12.74,12.73,17.4,12.79,12.78
5/28/22 0:05,122,15.9,12.75,12.72,17.37,12.84,12.82
5/28/22 0:10,123,15.9,12.84,12.83,17.33,12.92,12.94
5/28/22 0:15,124,15.91,12.85,12.83,17.25,12.89,12.88
5/28/22 0:20,125,15.91,12.8,12.77,17.36,12.81,12.79
5/28/22 0:25,126,15.89,12.83,12.8,17.19,12.98,12.94
5/28/22 0:30,127,15.84,12.82,12.79,17.22,12.88,12.85
5/28/22 0:35,128,15.84,12.77,12.76,17.14,12.95,12.92
5/28/22 0:40,129,15.83,12.82,12.8,17.09,12.93,12.86
5/28/22 0:45,130,15.81,12.81,12.75,17.11,12.72,12.68
5/28/22 0:50,131,15.81,12.81,12.76,17.17,12.77,12.73
5/28/22 0:55,132,15.79,12.82,12.8,17.19,12.85,12.81
5/28/22 1:00,133,15.82,12.7,12.68,17.13,12.65,12.63
5/28/22 1:05,134,15.82,12.68,12.67,17.11,12.74,12.71
5/28/22 1:10,135,15.78,12.73,12.71,17.03,12.86,12.81
5/28/22 1:15,136,15.79,12.66,12.68,17.06,12.79,12.76
5/28/22 1:20,137,15.81,12.7,12.66,17.04,12.69,12.68
5/28/22 1:25,138,15.8,12.75,12.71,17.03,12.84,12.82
5/28/22 1:30,139,15.76,12.71,12.67,17.07,12.74,12.74
5/28/22 1:35,140,15.75,12.72,12.7,17.06,12.73,12.72
5/28/22 1:40,141,15.77,12.73,12.68,16.94,12.76,12.72
5/28/22 1:45,142,15.77,12.67,12.63,16.93,12.63,12.59
5/28/22 1:50,143,15.73,12.61,12.57,16.88,12.55,12.51
5/28/22 1:55,144,15.68,12.61,12.58,16.91,12.55,12.52
5/28/22 2:00,145,15.64,12.62,12.59,16.85,12.55,12.51
5/28/22 2:05,146,15.61,12.62,12.58,16.87,12.54,12.52
5/28/22 2:10,147,15.58,12.66,12.63,16.82,12.63,12.6
5/28/22 2:15,148,15.56,12.66,12.63,16.81,12.61,12.57
5/28/22 2:20,149,15.56,12.67,12.64,16.75,12.6,12.57
5/28/22 2:25,150,15.55,12.63,12.6,16.76,12.53,12.5
5/28/22 2:30,151,15.53,12.66,12.61,16.63,12.57,12.54
5/28/22 2:35,152,15.49,12.76,12.7,16.68,12.7,12.67
5/28/22 2:40,153,15.47,12.8,12.75,16.71,12.78,12.75
5/28/22 2:45,154,15.47,12.83,12.8,16.69,12.83,12.81
5/28/22 2:50,155,15.49,12.85,12.82,16.6,12.87,12.84
5/28/22 2:55,156,15.49,12.92,12.88,16.65,13.01,12.96
5/28/22 3:00,157,15.49,12.91,12.87,16.65,12.91,12.88
5/28/22 3:05,158,15.51,12.93,12.89,16.65,12.96,12.92
5/28/22 3:10,159,15.53,12.99,12.96,16.62,13.02,12.97
5/28/22 3:15,160,15.56,12.94,12.9,16.62,12.95,12.89
5/28/22 3:20,161,15.56,12.86,12.82,16.63,12.81,12.76
5/28/22 3:25,162,15.57,12.77,12.75,16.57,12.76,12.71
5/28/22 3:30,163,15.55,12.79,12.77,16.43,12.89,12.82
5/28/22 3:35,164,15.46,12.68,12.65,16.57,12.56,12.48
5/28/22 3:40,165,15.43,12.55,12.52,16.48,12.38,12.32
5/28/22 3:45,166,15.4,12.49,12.47,16.43,12.34,12.29
5/28/22 3:50,167,15.36,12.34,12.34,16.47,12.14,12.1
5/28/22 3:55,168,15.35,12.27,12.29,16.43,12.05,12.01
5/28/22 4:00,169,15.33,11.95,12,16.36,11.91,11.85
5/28/22 4:05,170,15.29,11.87,11.87,16.39,11.72,11.68
5/28/22 4:10,171,15.23,11.78,11.76,16.36,11.56,11.53
5/28/22 4:15,172,15.17,12.07,12.06,16.35,11.86,11.85
5/28/22 4:20,173,15.14,12.14,12.13,16.33,11.97,11.94
5/28/22 4:25,174,15.13,12.31,12.31,16.24,12.18,12.16
5/28/22 4:30,175,15.14,12.37,12.38,16.26,12.21,12.19
5/28/22 4:35,176,15.17,12.43,12.43,16.22,12.26,12.22
5/28/22 4:40,177,15.19,12.29,12.31,16.17,12.12,12.09
5/28/22 4:45,178,15.19,12.25,12.26,16.2,12.03,12
5/28/22 4:50,179,15.19,12.38,12.36,16.1,12.25,12.21
5/28/22 4:55,180,15.18,12.4,12.43,16.16,12.35,12.31
5/28/22 5:00,181,15.2,12.55,12.55,16.06,12.5,12.45
5/28/22 5:05,182,15.21,12.56,12.56,16.09,12.45,12.41
5/28/22 5:10,183,15.22,12.47,12.48,16.08,12.44,12.38
5/28/22 5:15,184,15.21,12.44,12.43,16.07,12.28,12.23
5/28/22 5:20,185,15.19,12.38,12.38,16.08,12.19,12.14
5/28/22 5:25,186,15.16,12.39,12.37,15.96,12.21,12.16
5/28/22 5:30,187,15.1,12.37,12.36,16.03,12.16,12.11
5/28/22 5:35,188,15.07,12.36,12.33,15.95,12.11,12.06
5/28/22 5:40,189,15.04,12.3,12.29,15.91,12.02,11.97
5/28/22 5:45,190,15.03,12.2,12.23,15.94,12.02,11.96
5/28/22 5:50,191,15.02,12.18,12.17,15.89,11.98,11.94
5/28/22 5:55,192,14.99,12.18,12.18,15.89,11.94,11.9
5/28/22 6:00,193,14.98,12.15,12.14,15.88,11.91,11.87
5/28/22 6:05,194,14.95,12.12,12.12,15.85,11.91,11.87
5/28/22 6:10,195,14.93,12.19,12.18,15.77,11.97,11.92
5/28/22 6:15,196,14.91,12.05,12.06,15.81,11.85,11.83
5/28/22 6:20,197,14.89,11.94,11.93,15.75,11.76,11.72
5/28/22 6:25,198,14.87,12.05,12.03,15.72,11.82,11.79
5/28/22 6:30,199,14.85,12.25,12.22,15.61,12.04,12
5/28/22 6:35,200,14.82,12.29,12.25,15.51,12.04,12.01
5/28/22 6:40,201,14.81,12.33,12.3,15.62,12.11,12.07
5/28/22 6:45,202,14.84,12.27,12.29,15.69,12.22,12.16
5/28/22 6:50,203,14.89,12.45,12.45,15.62,12.26,12.21
5/28/22 6:55,204,14.96,12.61,12.6,15.7,12.48,12.42
5/28/22 7:00,205,15.05,12.62,12.62,15.64,12.53,12.46
5/28/22 7:05,206,15.11,12.71,12.69,15.58,12.55,12.47
5/28/22 7:10,207,15.15,12.67,12.66,15.64,12.49,12.42
5/28/22 7:15,208,15.2,12.77,12.76,15.69,12.53,12.47
5/28/22 7:20,209,15.25,12.82,12.82,15.72,12.63,12.56
5/28/22 7:25,210,15.3,12.94,12.94,15.69,12.74,12.67
5/28/22 7:30,211,15.35,13.11,13.1,15.7,12.93,12.83
5/28/22 7:35,212,15.44,13.35,13.33,15.79,13.31,13.18
5/28/22 7:40,213,15.56,13.56,13.55,15.76,13.55,13.43
5/28/22 7:45,214,15.7,13.76,13.75,15.78,13.69,13.55
5/28/22 7:50,215,15.83,14.04,14.04,15.88,13.94,13.81
5/28/22 7:55,216,15.96,13.98,13.97,15.89,13.95,13.8
5/28/22 8:00,217,16.07,13.81,13.79,15.9,13.77,13.64
5/28/22 8:05,218,16.15,13.95,13.91,16.03,13.94,13.81
5/28/22 8:10,219,16.25,14.08,14.03,16.06,14.21,14.07
5/28/22 8:15,220,16.36,14.19,14.15,16.07,14.41,14.28
5/28/22 8:20,221,16.46,14.2,14.14,16.17,14.37,14.24
5/28/22 8:25,222,16.56,13.99,13.96,16.61,14.18,14.11
5/28/22 8:30,223,16.81,14.33,14.37,17.62,14.67,14.88
5/28/22 8:35,224,17.35,14.37,14.4,16.57,14.82,15.19
5/28/22 8:40,225,17.83,15.06,15.09,16.69,16.24,16.52
5/28/22 8:45,226,18.39,15.05,15.09,16.61,16.61,16.1
5/28/22 8:50,227,18.77,14.96,14.9,16.83,16.62,16.01
5/28/22 8:55,228,19.01,15.01,14.95,16.88,16.21,15.74
5/28/22 9:00,229,19.17,15.25,15.09,17.02,16.54,15.86
5/28/22 9:05,230,19.32,15.13,15.13,17.06,16.39,15.85
5/28/22 9:10,231,19.65,15.48,15.5,17.02,16.2,15.82
5/28/22 9:15,232,20.03,15.48,15.51,17.09,15.79,15.55
5/28/22 9:20,233,20.35,15.46,15.55,17.09,15.7,15.56
5/28/22 9:25,234,20.52,15.19,15.19,17.16,15.59,15.32
5/28/22 9:30,235,20.44,15.61,15.54,17.39,16.14,15.77
5/28/22 9:35,236,20.22,16.44,16.33,17.63,17.72,17.07
5/28/22 9:40,237,20.07,16.95,16.81,17.83,19.73,18.62
5/28/22 9:45,238,20.09,17.25,17.21,17.82,20.33,19.08
5/28/22 9:50,239,20.17,16.63,16.47,17.87,18.69,17.76
5/28/22 9:55,240,20.18,17.24,16.75,18.03,18.68,17.8
5/28/22 10:00,241,20.15,16.94,16.54,18.15,17.91,17.31
5/28/22 10:05,242,20.11,17.49,16.99,18.27,18.59,17.82
5/28/22 10:10,243,20.15,16.88,16.49,18.36,17.91,17.35
5/28/22 10:15,244,20.11,17.3,16.82,18.65,18.47,17.73
5/28/22 10:20,245,20.08,17.17,16.64,18.93,18.07,17.53
5/28/22 10:25,246,20.07,16.94,16.65,18.87,18.05,17.76
5/28/22 10:30,247,20.16,16.77,16.68,18.9,17.72,17.63
5/28/22 10:35,248,20.3,17.66,17.37,19.09,18.64,18.61
5/28/22 10:40,249,20.49,17.72,17.58,19.14,18.9,18.9
5/28/22 10:45,250,20.66,17.42,17.25,19.2,18.43,18.38
5/28/22 10:50,251,20.73,17.37,17.27,19.32,18.43,18.58
5/28/22 10:55,252,20.74,16.88,16.8,19.43,17.92,17.93
5/28/22 11:00,253,20.73,17.33,17.28,19.59,18.38,18.45
5/28/22 11:05,254,20.78,16.84,16.96,19.59,17.89,17.81
5/28/22 11:10,255,20.8,17.36,17.38,19.72,18.42,18.33
5/28/22 11:15,256,20.79,17.65,17.68,19.79,18.86,18.73
5/28/22 11:20,257,20.81,17.62,17.61,19.9,18.65,18.52
5/28/22 11:25,258,20.87,17.65,17.61,19.91,18.94,18.99
5/28/22 11:30,259,20.91,17.33,17.23,19.99,18.3,18.32
5/28/22 11:35,260,20.88,18,17.82,20.14,18.96,19
5/28/22 11:40,261,20.84,17.74,17.63,20.1,19.29,19.41
5/28/22 11:45,262,20.83,17.58,17.42,20.15,19.16,19.2
5/28/22 11:50,263,20.78,17.69,17.6,20.22,19.46,19.45
5/28/22 11:55,264,20.76,17.58,17.5,20.26,19.57,19.48
5/28/22 12:00,265,20.73,18.3,18.02,20.53,20.55,20.46
5/28/22 12:05,266,20.8,19.54,19.29,20.62,22.42,22.3
5/28/22 12:10,267,21.1,18.73,18.53,20.73,21.31,21.32
5/28/22 12:15,268,21.4,20.51,19.86,21.13,23.11,23.44
5/28/22 12:20,269,21.83,21.08,20.22,21.37,23.37,24.12
5/28/22 12:25,270,22.24,20.79,20.3,21.58,22.46,23.48
5/28/22 12:30,271,22.61,20.03,19.89,21.69,21.76,22.82
5/28/22 12:35,272,22.93,21.09,20.51,22.09,22.17,23.03
5/28/22 12:40,273,23.2,21,20.73,22.15,22.33,22.6
5/28/22 12:45,274,23.22,20.91,20.63,22.27,22.54,22.51
5/28/22 12:50,275,23.41,22.13,21.74,22.58,23.87,23.61
5/28/22 12:55,276,23.94,21.64,21.45,22.64,24.46,23.84
5/28/22 13:00,277,24.44,21.48,21.25,22.87,23.91,23.2
5/28/22 13:05,278,24.77,21.89,21.8,23.02,24.85,23.93
5/28/22 13:10,279,25.14,21.73,21.3,23.23,24.03,22.57
5/28/22 13:15,280,25.43,23.4,22.78,23.56,24.46,22.95
5/28/22 13:20,281,25.76,22.93,22.46,23.73,24.55,23.02
5/28/22 13:25,282,26.1,22.81,22.47,23.85,24.95,23.24
5/28/22 13:30,283,26.44,24.14,23.71,24.38,26.88,25.05
5/28/22 13:35,284,26.98,22.26,21.43,24.66,25.1,23.32
5/28/22 13:40,285,27.37,21.63,21.04,24.85,24.28,22.62
5/28/22 13:45,286,27.69,23.09,22.33,25.2,26.07,24.2
5/28/22 13:50,287,28.06,22.25,21.65,25.21,25.08,23.48
5/28/22 13:55,288,28.05,23.73,22.84,25.36,25.26,23.47
5/28/22 14:00,289,27.86,22.77,22.2,25.88,25.22,23.74
5/28/22 14:05,290,27.66,23.5,22.67,25.91,24.46,23.2
5/28/22 14:10,291,27.85,23.73,22.5,25.82,26.34,24.4
5/28/22 14:15,292,28.65,24.04,22.47,26.26,26.86,24.86
5/28/22 14:20,293,29.39,23.23,21.85,26.64,27.04,25.16
5/28/22 14:25,294,30.28,23.59,22.24,26.87,27.37,25.67
5/28/22 14:30,295,30.62,22.2,21.09,26.8,25.17,24.11
5/28/22 14:35,296,30.75,23.74,22.31,27.35,28.45,26.62
5/28/22 14:40,297,31.65,24.09,22.59,27.65,28.69,26.78
5/28/22 14:45,298,32.47,24.49,22.44,27.83,28.66,26.54
5/28/22 14:50,299,33.09,24.56,22.65,28.23,28.88,26.81
5/28/22 14:55,300,33.78,24.04,22.46,28.48,28.97,27.54
5/28/22 15:00,301,33.4,23.44,22.09,28.39,25.89,24.91
5/28/22 15:05,302,32.88,24.81,23.03,28.33,27.28,25.66
5/28/22 15:10,303,32.79,24.42,22.64,28.42,26.6,25.21
5/28/22 15:15,304,32.41,23.84,22.28,28.27,25.24,24.13
5/28/22 15:20,305,31.55,24.13,22.4,28.24,25.44,24.35
5/28/22 15:25,306,30.92,21.82,20.82,28.06,23.5,22.1
5/28/22 15:30,307,30.27,21.31,20.42,27.9,22.53,21.32
5/28/22 15:35,308,29.23,21.05,19.96,27.53,22.37,20.75
5/28/22 15:40,309,28.43,21.1,20.12,27.37,22.09,20.75
5/28/22 15:45,310,27.72,21.5,20.57,27.19,22.43,21.17
5/28/22 15:50,311,27.17,21.5,20.35,26.88,21.33,20.25
5/28/22 15:55,312,26.6,20.84,19.89,26.49,20.7,19.81
5/28/22 16:00,313,25.91,20.32,19.51,26.34,20.51,19.55
5/28/22 16:05,314,25.37,20.55,19.78,26.28,21.04,19.99
5/28/22 16:10,315,25.01,20.53,19.57,26.11,20.72,19.41
5/28/22 16:15,316,24.59,19.85,19.17,25.93,19.88,18.95
5/28/22 16:20,317,24.16,19.55,18.97,25.61,19.69,18.95
5/28/22 16:25,318,23.86,19.18,18.64,25.63,19.3,18.61
5/28/22 16:30,319,23.55,18.85,18.41,25.12,19.06,18.37
5/28/22 16:35,320,23.31,18.79,18.42,25.1,19.01,18.5
5/28/22 16:40,321,23.15,18.72,18.36,24.85,19.03,18.49
5/28/22 16:45,322,22.97,18.48,18.11,24.79,18.68,18.21
5/28/22 16:50,323,22.76,18.36,17.98,24.63,18.47,18.04
5/28/22 16:55,324,22.58,18.79,18.45,24.55,18.75,18.45
5/28/22 17:00,325,22.48,18.77,18.38,24.45,18.77,18.44
5/28/22 17:05,326,22.36,18.24,17.88,24.01,18.18,17.81
5/28/22 17:15,327,21.81,20.5,20.25,20.24,20.18,20.14
5/29/22 12:55,328,20.91,22,24.88,20.82,22.39,25.89
5/29/22 13:00,329,21.6,22.93,26.86,21.75,23.58,27.47
5/29/22 13:05,330,22.26,23.24,26.87,21.84,23.92,27.67
5/29/22 13:10,331,22.81,23,26.68,21.85,23.38,26.09
5/29/22 13:15,332,23.19,21.99,23.67,21.13,22.62,24.26
5/29/22 13:20,333,23.44,21.26,21.95,21.59,21.56,21.78
5/29/22 13:25,334,23.72,21.92,22.9,23.01,22.22,22.32
5/29/22 13:30,335,24.11,21.77,23.67,22.99,21.96,22.68
5/29/22 13:35,336,24.6,22.88,27.2,24.07,23.37,26.21
5/29/22 13:40,337,25.12,22.05,23.01,22.43,22.74,23.58
5/29/22 13:45,338,25.74,21.65,22.38,23.55,22.28,22.64
5/29/22 13:50,339,26.73,20.76,21.6,23.72,21.37,21.46
5/29/22 13:55,340,27.92,21.03,21.51,23.55,21.53,21.56
5/29/22 14:00,341,29.07,20.71,21.27,24.07,21.11,21.16
5/29/22 14:05,342,30.16,21.46,22.1,24.96,21.74,21.78
5/29/22 14:10,343,31.15,21.86,22.42,24.92,21.99,21.9
5/29/22 14:15,344,31.88,23.2,24.24,24.6,23.01,22.98
5/29/22 14:20,345,32.65,24.4,26.88,25.87,23.89,24.76
5/29/22 14:25,346,33.56,25.13,26.86,26.7,25.5,27.56
5/29/22 14:30,347,34.53,24.56,26.48,26.91,24.56,25.86
5/29/22 14:35,348,35.46,25.96,29.89,25.18,25.49,28.87
5/29/22 14:40,349,36.25,26.93,30.91,26.49,26.79,30.92
5/29/22 14:45,350,36.96,27.28,31.58,28.31,27.47,30.63
5/29/22 14:50,351,37.7,27.97,32.89,27.36,27.72,31.2
5/29/22 14:55,352,38.41,28.47,34.28,28.32,28.39,33.08
5/29/22 15:00,353,39.02,28.41,33.46,26.28,28.22,32.39
5/29/22 15:05,354,39.46,29.19,34.68,27.85,29.16,33.41
5/29/22 15:10,355,39.76,28.84,34.08,27.85,28.77,33.16
5/29/22 15:15,356,39.58,28.99,33.82,25.5,29.03,32.95
5/29/22 15:20,357,38.75,29.89,34.54,26.62,29.67,33.41
5/29/22 15:25,358,37.66,30.14,35.17,26.8,30.25,34.04
5/29/22 15:30,359,37.12,28.04,32.13,27.35,28.4,31.36
5/29/22 15:35,360,37.29,27.28,32.37,26.82,27.8,32.21
5/29/22 15:40,361,37.51,26.59,30.11,26.07,27.29,30.48
5/29/22 15:45,362,37.79,26.46,31.51,26.24,27.54,31.05
5/29/22 15:50,363,38.3,26.04,31.11,26.44,27.4,31.05
5/29/22 15:55,364,38.92,26.23,31.83,27.33,28.01,32.24
5/29/22 16:00,365,39.11,26.39,30.52,25.58,27.79,30.89
5/29/22 16:05,366,38.11,26.45,31.26,25.16,27.09,30.37
5/29/22 16:10,367,36.59,27.25,31.68,25.38,27.42,31.08
5/29/22 16:15,368,35.32,27.64,32.03,26.35,27.96,32.01
5/29/22 16:20,369,34.32,26.84,30.6,24.91,26.97,30.13
5/29/22 16:25,370,33.18,25.99,29.57,24.23,26.24,29.4
5/29/22 16:30,371,32.38,24.6,26.24,24.96,26.49,30.05
5/29/22 16:35,372,33.25,20.55,24.09,25.31,25.61,26.81
5/29/22 16:40,373,34.84,19.86,23.83,26.24,26.21,29.63
5/29/22 16:45,374,36.13,20.54,24.17,27.07,27.91,32.7
5/29/22 16:50,375,36.73,20.97,23.29,26.62,27.86,32.07
5/29/22 16:55,376,37.81,20.7,23.74,26.6,28.81,32.58
5/29/22 17:00,377,39.44,20.35,23.01,26.3,28.64,31.66
5/29/22 17:05,378,40.84,20.72,23.67,25.04,28.51,31.79
5/29/22 17:10,379,42.06,20.17,23.31,24.72,27.67,30.89
5/29/22 17:15,380,43.07,20.68,23.18,24.39,27.65,30.64
5/29/22 17:20,381,43.89,20.72,22.99,24.09,26.95,29.99
5/29/22 17:25,382,44.45,21.26,23.77,24.46,26.82,29.68
5/29/22 17:30,383,44.76,21.46,24.18,24.9,26.37,29.45
5/29/22 17:35,384,45.04,21.3,22.98,24.37,25.59,28.09
5/29/22 17:40,385,45.29,21.33,24.36,24.46,25.38,27.82
5/29/22 17:45,386,45.5,21.25,24.63,23.82,25.09,27.98
5/29/22 17:50,387,45.6,21.92,25.19,24.51,25.45,27.75
5/29/22 17:55,388,45.69,21.72,25,24.79,25.51,27.01
5/29/22 18:00,389,45.69,21.75,24.6,23.19,25.03,26.6
5/29/22 18:05,390,45.49,21.8,24.4,23.1,25.08,26.12
5/29/22 18:10,391,45.08,20.84,22.79,22.33,23.92,24.52
5/29/22 18:15,392,44.45,20.64,22.97,22.98,23.89,24.52
5/29/22 18:20,393,44.09,20.67,23.09,23.39,23.93,24.54
5/29/22 18:25,394,43.7,20.54,23.22,23.49,23.86,24.8
5/29/22 18:30,395,43.35,20.75,23.62,23.36,24.15,25.18
5/29/22 18:35,396,42.78,21.13,23.53,23.5,24.17,24.94
5/29/22 18:40,397,42.05,21.02,23.56,23.16,23.96,24.9
5/29/22 18:45,398,41.4,20.91,23.42,22.78,23.88,24.69
5/29/22 18:50,399,40.57,22.35,23.5,23.38,24.05,24.54
5/29/22 18:55,400,39.49,24.71,24.37,23.39,23.93,24.41
5/29/22 19:00,401,38.15,25.41,25.02,24.26,24.41,24.59
5/29/22 19:05,402,36.71,24.68,24.48,23.09,23.75,24.19
5/29/22 19:10,403,35.28,24.21,23.98,23.21,23.43,23.81
5/29/22 19:15,404,33.87,23.92,23.69,22.59,23.26,23.63
5/29/22 19:20,405,32.62,22.14,22.67,21.71,22.6,22.94
5/29/22 19:25,406,31.67,20.75,21.42,20.17,21.5,21.9
5/29/22 19:30,407,30.93,19.07,20.55,20.02,21.32,21.66
5/29/22 19:35,408,30.13,19.81,20.29,19.9,20.62,21.08
5/29/22 19:40,409,28.7,20.46,20.14,20.22,20.29,20.44
5/29/22 19:45,410,27.3,20.35,20.06,19.97,20.03,20.11
5/29/22 19:50,411,26.1,20.01,19.71,19.91,19.68,19.66
5/29/22 19:55,412,25.11,19.45,19.21,19.54,19.18,19.12
5/29/22 20:00,413,24.25,18.92,18.73,19,18.71,18.63
5/29/22 20:05,414,23.46,18.67,18.43,18.9,18.48,18.33
5/29/22 20:10,415,22.74,18.32,18.15,18.48,18.19,18.09
5/29/22 20:15,416,22.08,17.58,17.44,17.75,17.44,17.36
5/29/22 20:20,417,21.49,17.79,17.6,18.16,17.69,17.49
5/29/22 20:25,418,20.96,17.79,17.6,18.09,17.65,17.5
5/29/22 20:30,419,20.52,17.53,17.41,17.79,17.45,17.3
5/29/22 20:35,420,20.13,17.48,17.25,17.92,17.42,17.19
5/29/22 20:40,421,19.78,17.49,17.37,17.92,17.45,17.26
5/29/22 20:45,422,19.46,17.46,17.33,17.94,17.4,17.24
5/29/22 20:50,423,19.2,17.57,17.49,18.08,17.56,17.35
5/29/22 20:55,424,19.01,17.12,17.03,17.53,17.09,16.91
5/29/22 21:00,425,18.84,17.26,17.06,17.69,17.25,16.99
5/29/22 21:05,426,18.66,17.15,17.06,17.56,17.16,16.95
5/29/22 21:10,427,18.5,17,16.92,17.4,17.02,16.82
5/29/22 21:15,428,18.35,16.75,16.64,17.1,16.76,16.55
5/29/22 21:20,429,18.19,16.52,16.35,16.83,16.51,16.26
5/29/22 21:25,430,18,16.15,16.01,16.41,16.14,15.97
5/29/22 21:30,431,17.79,15.89,15.8,16.23,15.83,15.67
5/29/22 21:35,432,17.58,15.78,15.65,16.12,15.71,15.52
5/29/22 21:40,433,17.37,15.68,15.58,16.06,15.61,15.42
5/29/22 21:45,434,17.2,15.32,15.24,15.62,15.26,15.08
5/29/22 21:50,435,17.03,15.27,15.09,15.7,15.24,14.97
5/29/22 21:55,436,16.85,15.34,15.24,15.7,15.27,15.08
5/29/22 22:00,437,16.7,15.17,15.06,15.55,15.09,14.9
5/29/22 22:05,438,16.56,14.84,14.69,15.26,14.79,14.58
5/29/22 22:10,439,16.41,15.03,14.86,15.53,14.98,14.71
5/29/22 22:15,440,16.28,14.98,14.88,15.29,14.93,14.76
5/29/22 22:20,441,16.16,15.11,14.96,15.58,15.06,14.84
5/29/22 22:25,442,16.07,14.94,14.82,15.43,14.93,14.72
5/29/22 22:30,443,15.99,14.9,14.85,15.33,14.85,14.67
5/29/22 22:35,444,15.91,14.79,14.69,15.16,14.74,14.56
5/29/22 22:40,445,15.83,14.7,14.55,15.28,14.7,14.42
5/29/22 22:45,446,15.74,14.88,14.7,15.32,14.86,14.58
5/29/22 22:50,447,15.67,14.82,14.73,15.28,14.8,14.6
5/29/22 22:55,448,15.61,14.77,14.66,15.24,14.76,14.51
5/29/22 23:00,449,15.56,14.5,14.37,14.84,14.47,14.27
5/29/22 23:05,450,15.49,14.17,14.06,14.77,14.14,13.93
5/29/22 23:10,451,15.39,14.37,14.29,14.86,14.33,14.11
5/29/22 23:15,452,15.29,14.11,14,14.45,14.03,13.86
5/29/22 23:20,453,15.21,13.87,13.73,14.32,13.81,13.6
5/29/22 23:25,454,15.1,13.81,13.62,14.18,13.7,13.49
5/29/22 23:30,455,14.98,13.46,13.31,13.79,13.39,13.17
5/29/22 23:35,456,14.84,13.82,13.63,14.48,13.74,13.49
5/29/22 23:40,457,14.74,14,13.87,14.5,13.95,13.73
5/29/22 23:45,458,14.66,13.88,13.78,14.4,13.82,13.62
5/29/22 23:50,459,14.6,13.86,13.72,14.42,13.81,13.6
5/29/22 23:55,460,14.55,13.78,13.68,14.27,13.75,13.54
5/30/22 0:00,461,14.5,13.72,13.56,14.3,13.68,13.44
5/30/22 0:05,462,14.45,13.87,13.75,14.33,13.8,13.63
5/30/22 0:10,463,14.42,13.84,13.74,14.29,13.78,13.58
5/30/22 0:15,464,14.39,13.83,13.71,14.4,13.77,13.55
5/30/22 0:20,465,14.37,13.54,13.42,14.11,13.5,13.27
5/30/22 0:25,466,14.33,13.37,13.25,13.74,13.31,13.1
5/30/22 0:30,467,14.27,13.4,13.25,14.16,13.34,13.09
5/30/22 0:35,468,14.2,13.43,13.35,14.13,13.37,13.19
5/30/22 0:40,469,14.13,13.7,13.56,14.24,13.69,13.4
5/30/22 0:45,470,14.09,14.09,13.98,14.62,14.01,13.84
5/30/22 0:50,471,14.1,13.57,13.51,13.92,13.52,13.34
5/30/22 0:55,472,14.1,13,12.86,13.2,12.94,12.76
5/30/22 1:00,473,14.03,12.43,12.31,12.77,12.33,12.17
5/30/22 1:05,474,13.91,12.37,12.25,12.58,12.25,12.09
5/30/22 1:10,475,13.79,12.5,12.16,13.13,12.43,12.07
5/30/22 1:15,476,13.66,13.08,12.85,13.61,12.96,12.75
5/30/22 1:20,477,13.57,12.88,12.63,13.22,12.78,12.54
5/30/22 1:25,478,13.51,13.39,13.2,13.74,13.31,13.05
5/30/22 1:30,479,13.5,13.43,13.31,13.81,13.41,13.13
5/30/22 1:35,480,13.52,13.51,13.3,14.18,13.51,13.16
5/30/22 1:40,481,13.56,13.16,13.08,13.57,13.12,12.93
5/30/22 1:45,482,13.59,12.93,12.81,13.5,12.86,12.63
5/30/22 1:50,483,13.58,12.9,12.79,13.17,12.77,12.64
5/30/22 1:55,484,13.53,13.62,13.45,14.6,13.6,13.22
5/30/22 2:00,485,13.54,14.71,14.61,15.33,14.65,14.38
5/30/22 2:05,486,13.65,14.12,14.13,14.57,14.06,13.88
5/30/22 2:10,487,13.75,13.7,13.66,14.18,13.63,13.41
5/30/22 2:15,488,13.81,13.31,13.19,13.7,13.21,12.95
5/30/22 2:20,489,13.8,13.02,12.89,13.64,12.94,12.65
5/30/22 2:25,490,13.73,12.98,12.83,13.45,12.85,12.61
5/30/22 2:30,491,13.65,12.7,12.58,13.02,12.55,12.31
5/30/22 2:35,492,13.56,12.51,12.36,12.79,12.36,12.11
5/30/22 2:40,493,13.45,12.23,12.06,12.57,12.03,11.83
5/30/22 2:45,494,13.31,12.27,12.07,12.62,12.09,11.82
5/30/22 2:50,495,13.19,12.19,12.01,12.54,12.03,11.77
5/30/22 2:55,496,13.06,12.39,12.13,12.91,12.24,11.92
5/30/22 3:00,497,12.96,12.56,12.36,12.93,12.39,12.16
5/30/22 3:05,498,12.89,11.93,11.78,12.01,11.77,11.58
5/30/22 3:10,499,12.81,11.6,11.4,11.86,11.44,11.21
5/30/22 3:15,500,12.7,11.78,11.52,12.17,11.65,11.36
5/30/22 3:20,501,12.59,11.92,11.65,12.32,11.76,11.47
5/30/22 3:25,502,12.51,11.9,11.65,12.1,11.76,11.52
5/30/22 3:30,503,12.44,11.31,11.13,11.39,11.15,10.97
5/30/22 3:35,504,12.34,11.06,10.84,11.48,10.91,10.66
5/30/22 3:40,505,12.21,10.85,10.6,11.13,10.66,10.49
5/30/22 3:45,506,12.07,10.78,10.55,11.03,10.6,10.38
5/30/22 3:50,507,11.93,10.76,10.46,10.97,10.6,10.33
5/30/22 3:55,508,11.8,10.72,10.45,10.99,10.55,10.29
5/30/22 4:00,509,11.67,10.84,10.53,11.01,10.67,10.43
5/30/22 4:05,510,11.57,10.59,10.35,10.9,10.41,10.22
5/30/22 4:10,511,11.47,10.43,10.22,10.72,10.26,10.04
5/30/22 4:15,512,11.38,10.29,10.1,10.61,10.14,9.92
5/30/22 4:20,513,11.29,10.4,10.18,10.78,10.24,9.99
5/30/22 4:25,514,11.22,10.51,10.25,11.01,10.38,10.11
5/30/22 4:30,515,11.16,10.6,10.4,10.86,10.47,10.26
5/30/22 4:35,516,11.11,10.39,10.2,10.52,10.25,10.05
5/30/22 4:40,517,11.06,10.26,10.11,10.62,10.12,9.91
5/30/22 4:45,518,11.01,10.36,10.15,10.74,10.23,10
5/30/22 4:50,519,10.97,10.64,10.37,11.04,10.55,10.26
5/30/22 4:55,520,10.94,10.69,10.44,10.89,10.58,10.34
5/30/22 5:00,521,10.92,10.56,10.33,10.82,10.45,10.21
5/30/22 5:05,522,10.9,10.4,10.21,10.8,10.28,10.07
5/30/22 5:10,523,10.88,10.39,10.15,10.73,10.3,10.02
5/30/22 5:15,524,10.86,10.75,10.51,11.18,10.64,10.33
5/30/22 5:20,525,10.86,10.84,10.64,11.2,10.73,10.46
5/30/22 5:25,526,10.87,10.92,10.71,11.23,10.79,10.57
5/30/22 5:30,527,10.89,10.32,10.1,10.7,10.24,9.94
5/30/22 5:35,528,10.87,10.55,10.33,10.9,10.42,10.17
5/30/22 5:40,529,10.84,10.34,10.16,10.7,10.19,9.98
5/30/22 5:45,530,10.81,10.37,10.17,10.63,10.21,10
5/30/22 5:50,531,10.78,10.22,10.03,10.55,10.08,9.86
5/30/22 5:55,532,10.75,10.15,9.91,10.41,9.98,9.76
5/30/22 6:00,533,10.71,10.14,9.93,10.42,9.98,9.77
5/30/22 6:05,534,10.68,9.97,9.78,10.23,9.83,9.6
5/30/22 6:10,535,10.64,9.88,9.7,10.11,9.73,9.52
5/30/22 6:15,536,10.61,9.86,9.66,10.28,9.73,9.51
5/30/22 6:20,537,10.59,9.84,9.62,10.1,9.69,9.51
5/30/22 6:25,538,10.56,9.68,9.48,9.92,9.56,9.37
5/30/22 6:30,539,10.54,9.6,9.41,9.79,9.5,9.29
5/30/22 6:35,540,10.51,9.59,9.4,9.83,9.48,9.28
5/30/22 6:40,541,10.49,9.5,9.34,9.77,9.4,9.2
5/30/22 6:45,542,10.47,9.46,9.34,9.76,9.37,9.18
5/30/22 6:50,543,10.44,9.42,9.37,9.85,9.35,9.15
5/30/22 6:55,544,10.44,9.74,9.64,10.16,9.69,9.49
5/30/22 7:00,545,10.45,9.9,9.79,10.39,9.85,9.65
5/30/22 7:05,546,10.48,9.79,9.69,10.06,9.74,9.55
5/30/22 7:10,547,10.51,9.71,9.68,10.09,9.66,9.47
5/30/22 7:15,548,10.55,9.82,9.77,10.28,9.77,9.58
5/30/22 7:20,549,10.61,9.77,9.71,10.26,9.74,9.54
5/30/22 7:25,550,10.66,9.85,9.83,10.27,9.83,9.65
5/30/22 7:30,551,10.73,9.93,9.97,10.33,9.92,9.74
5/30/22 7:35,552,10.82,10.49,10.72,10.85,10.42,10.46
5/30/22 7:40,553,11.06,11.47,11.93,10.98,11.15,11.5
5/30/22 7:45,554,11.45,11.75,12.28,11.07,11.39,11.75
5/30/22 7:50,555,11.79,11.19,11.26,11.24,11.01,10.91
5/30/22 7:55,556,12.04,11.31,11.37,11.48,11.16,11.07
5/30/22 8:00,557,12.2,11.51,11.49,11.87,11.38,11.21
5/30/22 8:05,558,12.32,11.86,11.87,12.41,11.76,11.58
5/30/22 8:10,559,12.47,12.03,12.08,12.6,11.96,11.78
5/30/22 8:15,560,12.62,12.17,12.21,12.83,12.13,11.93
5/30/22 8:20,561,12.77,12.41,12.48,12.92,12.34,12.2
5/30/22 8:25,562,12.93,12.61,12.71,13.32,12.59,12.42
5/30/22 8:30,563,13.12,13.06,13.09,13.82,13.07,12.81
5/30/22 8:35,564,13.45,13.63,13.73,14.2,13.61,13.37
5/30/22 8:40,565,13.97,14,14.13,14.45,13.94,13.76
5/30/22 8:45,566,14.38,14.19,14.32,14.76,14.11,13.9
5/30/22 8:50,567,14.69,14.5,14.64,15.23,14.44,14.23
5/30/22 8:55,568,14.98,14.97,15.04,15.55,14.91,14.62
5/30/22 9:00,569,15.26,15.28,15.33,15.95,15.25,14.98
5/30/22 9:05,570,15.56,15.39,15.56,16.12,15.37,15.2
5/30/22 9:10,571,15.84,15.54,15.7,16.14,15.56,15.4
5/30/22 9:15,572,16.07,15.7,15.82,16.3,15.7,15.49
5/30/22 9:20,573,16.29,15.89,16,16.58,15.89,15.71
5/30/22 9:25,574,16.51,16.56,16.95,16.59,16.16,16.38
5/30/22 9:30,575,16.7,16.65,17.05,16.79,16.46,16.71
5/30/22 9:35,576,16.9,16.36,16.57,16.9,16.33,16.25
5/30/22 9:40,577,17.11,16.72,16.89,17.28,16.71,16.6
5/30/22 9:45,578,17.34,17.06,17.23,17.12,16.7,17.01
5/30/22 9:50,579,17.56,17.79,18.26,17.7,17.48,18.53
5/30/22 9:55,580,17.78,17.57,18.07,17.57,17.28,17.46
5/30/22 10:00,581,17.99,17.74,18.7,17.06,17.16,18.28
5/30/22 10:05,582,18.2,17.11,17.4,17.39,17.05,17.38
5/30/22 10:10,583,18.39,17.32,17.48,18.21,17.4,17.25
5/30/22 10:15,584,18.56,17.39,17.61,17.56,17.26,17.41
5/30/22 10:20,585,18.71,17.28,17.39,18.13,17.3,17.14
5/30/22 10:25,586,18.87,17.59,17.65,18.28,17.55,17.38
5/30/22 10:30,587,19.07,17.61,17.68,18.54,17.63,17.47
5/30/22 10:35,588,19.28,17.84,17.84,18.7,17.82,17.58
5/30/22 10:40,589,19.48,18.34,18.45,18.75,18.12,18.05
5/30/22 10:45,590,19.64,18.63,18.84,18.9,18.45,18.65
5/30/22 10:50,591,19.76,18.45,18.51,19.25,18.51,18.22
5/30/22 10:55,592,19.87,18.61,18.96,18.69,18.41,18.48
5/30/22 11:00,593,19.98,18.58,18.93,18.6,18.54,19.01
5/30/22 11:05,594,20.08,18.39,18.53,18.78,18.4,18.27
5/30/22 11:10,595,20.19,18.74,18.73,19.71,18.79,18.49
5/30/22 11:15,596,20.33,18.88,18.97,19.73,18.95,18.71
5/30/22 11:20,597,20.53,18.62,18.65,19.27,18.68,18.43
5/30/22 11:25,598,20.84,19,18.98,20.67,19.09,18.74
5/30/22 11:30,599,21.37,19.28,19.21,20.25,19.32,18.87
5/30/22 11:35,600,22.02,19.29,19.19,20.63,19.19,18.75
5/30/22 11:40,601,22.75,19.69,19.6,20.59,19.48,18.96
5/30/22 11:45,602,23.51,20.15,20.08,21.02,19.94,19.34
5/30/22 11:50,603,24.25,20.9,21.39,21.01,20.04,20.07
5/30/22 11:55,604,25.07,21.23,21.42,21.95,21.13,22.05
5/30/22 12:00,605,26.04,21.06,21.01,22.89,20.5,20.28
5/30/22 12:05,606,26.92,21.62,21.81,22.96,21.37,22.93
5/30/22 12:10,607,27.69,21.75,22.05,23.2,21.58,21.26
5/30/22 12:15,608,28.44,21.76,21.96,24.02,21.42,21.74
5/30/22 12:20,609,28.95,21.63,21.11,22.67,20.92,20.59
5/30/22 12:25,610,29.02,23.3,23.08,23.08,22.5,22.66
5/30/22 12:30,611,28.87,24.11,24.5,21.46,22.83,24.53
5/30/22 12:35,612,28.56,24.59,25.03,21.73,24.44,26.11
5/30/22 12:40,613,28.13,24.13,24.1,21.75,23.24,23.77
5/30/22 12:45,614,27.63,24.29,24.32,22.55,23.97,24.5
5/30/22 12:50,615,27.21,23.44,23.14,22.78,22.88,22.79
5/30/22 12:55,616,26.83,23.88,26.19,21.85,23.35,25.55
5/30/22 13:00,617,26.41,25.3,28.54,22.8,25.55,28.27
5/30/22 13:05,618,26.06,24.64,26.78,22.5,25.05,27.31
5/30/22 13:10,619,25.8,25.47,28.04,22.94,25.82,28.81
5/30/22 13:15,620,25.63,24.6,26.63,23.73,25.25,27.5
5/30/22 13:20,621,25.54,23.68,23.96,24.43,24.2,24.96
5/30/22 13:25,622,25.61,23.11,23.44,25.98,23.18,23.36
5/30/22 13:30,623,25.82,23.28,24.76,25.71,23.48,24.38
5/30/22 13:35,624,26.17,23.99,27.75,25.16,24.77,28.81
5/30/22 13:40,625,26.58,23.63,24.59,26.43,24.78,26.12
5/30/22 13:45,626,27.13,22.87,23.28,26.64,23.4,24.11
5/30/22 13:50,627,28.12,22.3,22.79,26.71,22.75,22.93
5/30/22 13:55,628,29.38,22.55,23.08,28.09,23,23.14
5/30/22 14:00,629,30.64,22.68,22.93,27.23,22.95,22.95
5/30/22 14:05,630,31.77,22.41,22.5,27.67,22.5,22.41
5/30/22 14:10,631,32.66,22.93,22.89,24.33,22.71,22.61
5/30/22 14:15,632,33.17,23.83,24.62,26.83,23.36,23.23
5/30/22 14:20,633,33.67,24.65,27.02,27.83,23.89,24.45
5/30/22 14:25,634,34.3,24.88,25.85,26.92,25.36,27.55
5/30/22 14:30,635,34.98,24.98,26.44,27.92,24.86,26.11
5/30/22 14:35,636,35.64,26.35,31.05,27.63,26.12,29.89
5/30/22 14:40,637,36.24,27.41,32.01,28.71,27.99,33.48
5/30/22 14:45,638,36.84,27.35,31.05,29.38,28.09,32.6
5/30/22 14:50,639,37.43,27.18,31.03,27.74,27.3,30.68
5/30/22 14:55,640,37.92,28.08,33.33,28.63,28.24,33.8
5/30/22 15:00,641,38.34,28.62,34.55,29.3,29.2,35.09
5/30/22 15:05,642,38.76,28.75,34.02,29.51,28.93,34.29
5/30/22 15:10,643,39.14,29.3,34.18,29.59,29.74,34.79
5/30/22 15:15,644,38.97,28.98,32.77,27.34,28.84,33.37
5/30/22 15:20,645,38.14,30.89,35.49,27.09,30.85,36.78
5/30/22 15:25,646,37.16,29.46,33.82,28.23,29.55,33.88
5/30/22 15:30,647,36.55,28.46,32.43,29.8,29.15,33.96
5/30/22 15:35,648,36.7,28.86,34.55,29.64,29.83,35.02
5/30/22 15:40,649,37.24,28.07,32.06,29.4,29.08,33.01
5/30/22 15:45,650,37.84,28.11,31.98,28.99,29.71,33.83
5/30/22 15:50,651,38.6,28.29,33.67,29.88,29.93,35.15
5/30/22 15:55,652,39.54,28.07,33.27,28.74,29.92,34.44
5/30/22 16:00,653,40.22,28.5,34.14,28.58,30.2,35.51
5/30/22 16:05,654,39.82,30.1,35.78,27.74,30.59,36.38
5/30/22 16:10,655,38.82,30.61,36.4,27.37,30.53,36.55
5/30/22 16:15,656,37.62,29.78,34.8,27.29,29.36,34.89
5/30/22 16:20,657,36.46,29.64,33.75,25.68,28.82,33.99
5/30/22 16:25,658,35.17,29.64,35.47,26.08,28.8,34.1
5/30/22 16:30,659,34.43,27.13,31.68,26.84,28.13,30.3
5/30/22 16:35,660,35.37,21.8,26.08,28.46,26.62,27.46
5/30/22 16:40,661,37.21,21.67,29.88,29.7,28.05,28.86
5/30/22 16:45,662,38.87,22.04,30.97,28.44,28.86,29.24
5/30/22 16:50,663,39.77,22.98,30.94,28.07,29.62,30.13
5/30/22 16:55,664,40.53,22.7,27.67,26.28,28.7,29.04
5/30/22 17:00,665,41.88,23.46,29.88,27.11,28.78,30.73
5/30/22 17:05,666,43.47,23.92,30.17,27.53,29.62,32.45
5/30/22 17:10,667,45.09,23.73,28.87,27.64,29.21,31.64
5/30/22 17:15,668,46.56,24.3,30.44,28.39,30.13,32.81
5/30/22 17:20,669,47.85,24.18,29.51,28.46,30.04,32.4
5/30/22 17:25,670,48.83,23.89,28.45,29.26,29.53,32.01
5/30/22 17:30,671,49.42,24.74,29.5,32.51,30.62,34.09
5/30/22 17:35,672,49.92,23.82,27.33,30.38,29.99,32.85
5/30/22 17:40,673,50.3,24.31,29.29,32.07,29.76,32.94
5/30/22 17:45,674,50.49,23.57,28.54,29.03,28.27,31.34
5/30/22 17:50,675,50.29,23.49,27.77,28.82,27.57,30.58
5/30/22 17:55,676,49.87,23.75,28.69,28.5,26.83,29.91
5/30/22 18:00,677,49.4,23.99,30.43,28.89,27.22,30.39
5/30/22 18:05,678,49.04,23.76,26.75,28.82,26.1,28.88
5/30/22 18:10,679,48.89,22.32,24.37,28.09,25.63,27.71
5/30/22 18:15,680,48.54,22.11,24.29,28.23,25.54,27.49
5/30/22 18:20,681,48.11,22.36,25.39,28.79,26.14,28
5/30/22 18:25,682,47.76,22.57,27.38,27.51,25.93,27.07
5/30/22 18:30,683,47.25,23.62,28.08,27.29,25.12,26.38
5/30/22 18:35,684,46.88,22.74,26.24,27.18,24.29,25.04
5/30/22 18:40,685,46.22,23.16,26.5,26.5,24.44,24.85
5/30/22 18:45,686,45.52,22.58,25.51,26.21,24.15,25.41
5/30/22 18:50,687,44.64,24.28,25.69,25.76,24.11,24.82
5/30/22 18:55,688,43.4,26.59,26.28,26.06,23.7,23.98
5/30/22 19:00,689,41.64,27.24,27.16,27.34,24.19,24.45
5/30/22 19:05,690,39.87,27.37,27.38,28.3,25.5,26.62
5/30/22 19:10,691,38.42,26.95,27.08,27,24.96,25.44
5/30/22 19:15,692,37.13,25.81,25.91,26.63,23.75,25.26
5/30/22 19:20,693,35.86,25.53,25.32,25.7,23.51,24.49
5/30/22 19:25,694,34.9,24.51,24.14,23.64,22.26,22.53
5/30/22 19:30,695,34.34,23.67,22.77,21.74,21.46,21.33
5/30/22 19:35,696,33.63,23.01,21.99,21.25,20.8,20.73
5/30/22 19:40,697,32.17,22.06,21.3,21.27,21.16,21.12
5/30/22 19:45,698,30.61,21.61,20.91,21,20.81,20.97
5/30/22 19:50,699,29.22,21.05,20.44,20.56,20.57,20.55
5/30/22 19:55,700,27.97,20.56,20.01,20.15,20.15,20.14
5/30/22 20:00,701,26.8,20.04,19.48,19.65,19.69,19.68
5/30/22 20:05,702,25.74,19.36,18.9,18.98,19.21,19.24
5/30/22 20:10,703,24.81,18.84,18.42,18.68,18.86,18.8
5/30/22 20:15,704,23.95,18.37,17.98,18.02,18.41,18.33
5/30/22 20:20,705,23.18,17.79,17.37,17.38,17.91,17.78
5/30/22 20:25,706,22.5,17.34,16.9,16.75,17.53,17.44
5/30/22 20:30,707,21.88,16.84,16.46,16.5,16.94,16.76
5/30/22 20:35,708,21.28,16.37,15.97,16.29,16.49,16.51
5/30/22 20:40,709,20.68,16.39,16.01,15.78,16.65,16.41
5/30/22 20:45,710,20.15,16.31,15.94,15.44,16.38,16.12
5/30/22 20:50,711,19.7,15.85,15.5,15.26,15.98,15.87
5/30/22 20:55,712,19.29,15.6,15.28,14.93,15.79,15.5
5/30/22 21:00,713,18.94,15.5,15.15,14.8,15.69,15.42
5/30/22 21:05,714,18.61,15.53,15.22,14.58,15.79,15.48
5/30/22 21:10,715,18.32,15.33,15.01,14.51,15.65,15.38
5/30/22 21:15,716,18.06,15.23,14.93,14.12,15.46,15.07
5/30/22 21:20,717,17.83,15.09,14.82,14.4,15.35,15.02
5/30/22 21:25,718,17.61,14.78,14.48,13.88,15.18,14.7
5/30/22 21:30,719,17.39,14.83,14.62,14.04,15.42,15.07
5/30/22 21:35,720,17.2,14.64,14.41,13.85,15.03,14.66
5/30/22 21:40,721,17.02,14.2,13.92,13.38,14.39,14.11
5/30/22 21:45,722,16.83,13.73,13.47,13.07,13.9,13.69
5/30/22 21:50,723,16.62,13.94,13.62,13.34,14.18,14.02
5/30/22 21:55,724,16.42,13.77,13.42,13.07,14.17,13.86
5/30/22 22:00,725,16.23,13.58,13.32,13,13.67,13.5
5/30/22 22:05,726,16.04,13.52,13.21,12.7,13.92,13.69
5/30/22 22:10,727,15.87,13.82,13.5,13.26,14.01,13.78
5/30/22 22:15,728,15.73,13.84,13.62,13.34,14.33,14.21
5/30/22 22:20,729,15.61,13.68,13.43,12.92,13.85,13.56
5/30/22 22:25,730,15.51,12.89,12.62,12.24,13.12,12.78
5/30/22 22:30,731,15.37,12.76,12.46,12.3,13.06,12.81
5/30/22 22:35,732,15.2,12.88,12.63,12.44,12.9,12.77
5/30/22 22:40,733,15.05,12.86,12.55,12.29,13.22,13
5/30/22 22:45,734,14.9,12.58,12.23,11.92,12.67,12.53
5/30/22 22:50,735,14.76,13.03,12.75,12.34,13.56,13.3
5/30/22 22:55,736,14.65,12.35,12.04,11.86,12.34,12.21
5/30/22 23:00,737,14.52,11.9,11.58,11.46,11.92,11.71
5/30/22 23:05,738,14.35,12,11.63,11.15,12.26,11.84
5/30/22 23:10,739,14.18,12.23,11.88,11.31,12.47,12
5/30/22 23:15,740,14.04,12.33,11.95,11.21,12.55,12.07
5/30/22 23:20,741,13.93,11.82,11.51,11.29,11.95,11.76
5/30/22 23:25,742,13.81,12.27,12.03,11.55,12.87,12.58
5/30/22 23:30,743,13.72,12.05,11.81,11.24,12.16,11.82
5/30/22 23:35,744,13.63,12.1,11.85,11.31,12.51,12.04
5/30/22 23:40,745,13.55,11.97,11.62,10.84,12.22,11.72
5/30/22 23:45,746,13.47,11.8,11.45,10.61,12.15,11.56
5/30/22 23:50,747,13.4,11.63,11.31,10.59,11.84,11.41
5/30/22 23:55,748,13.33,11.62,11.31,10.64,11.91,11.48
5/31/22 0:00,749,13.26,11.58,11.25,10.5,11.87,11.52
5/31/22 0:05,750,13.19,11.55,11.25,10.38,12.07,11.69
5/31/22 0:10,751,13.13,11.79,11.53,11.13,12.17,11.94
5/31/22 0:15,752,13.08,11.35,11.04,10.23,11.5,10.99
5/31/22 0:20,753,13.02,11.3,10.99,10.3,11.57,11.1
5/31/22 0:25,754,12.94,11.33,11.05,10.07,11.66,11.19
5/31/22 0:30,755,12.86,11.43,11.21,10.73,11.71,11.41
5/31/22 0:35,756,12.79,11.11,10.84,10.31,11.48,11.14
5/31/22 0:40,757,12.72,11.21,10.95,10.43,11.56,11.21
5/31/22 0:45,758,12.66,11.12,10.9,10.32,11.56,11.25
5/31/22 0:50,759,12.6,11.16,10.94,10.62,11.5,11.32
5/31/22 0:55,760,12.55,11.12,10.89,10.39,11.38,11.04
5/31/22 1:00,761,12.5,10.83,10.6,9.98,11.14,10.89
5/31/22 1:05,762,12.43,10.43,10.1,9.84,10.51,10.29
5/31/22 1:10,763,12.34,10.56,10.33,9.96,10.97,10.73
5/31/22 1:15,764,12.25,10.68,10.58,10.26,11.16,10.96
5/31/22 1:20,765,12.17,10.58,10.34,9.83,10.94,10.58
5/31/22 1:25,766,12.12,10.57,10.31,9.53,10.92,10.5
5/31/22 1:30,767,12.07,10.67,10.41,9.78,11.06,10.6
5/31/22 1:35,768,12.02,10.76,10.55,10.02,11.16,10.85
5/31/22 1:40,769,11.98,10.63,10.41,10.04,10.95,10.81
5/31/22 1:45,770,11.95,10.38,10.08,9.55,10.7,10.4
5/31/22 1:50,771,11.9,10.54,10.37,9.89,11.06,10.82
5/31/22 1:55,772,11.85,10.4,10.13,9.39,10.45,10.09
5/31/22 2:00,773,11.8,10.34,10.16,9.68,10.75,10.54
5/31/22 2:05,774,11.74,10.35,10.23,9.73,10.79,10.66
5/31/22 2:10,775,11.69,10.33,10.2,9.78,10.86,10.6
5/31/22 2:15,776,11.65,10.09,9.81,9.23,10.23,9.88
5/31/22 2:20,777,11.6,10.02,9.72,8.95,10.24,9.81
5/31/22 2:25,778,11.54,10.09,9.84,9.06,10.35,10.03
5/31/22 2:30,779,11.47,9.73,9.52,8.93,9.96,9.69
5/31/22 2:35,780,11.38,10.05,9.88,9.41,10.53,10.32
5/31/22 2:40,781,11.32,10.15,9.81,9.06,10.45,10.03
5/31/22 2:45,782,11.28,10.34,10,9.08,10.48,10.03
5/31/22 2:50,783,11.25,10.19,9.86,9.01,10.19,9.8
5/31/22 2:55,784,11.23,10.01,9.69,8.95,9.98,9.66
5/31/22 3:00,785,11.21,10.19,9.85,8.91,10.49,10.05
5/31/22 3:05,786,11.18,10.09,9.78,9.18,10.32,10.02
5/31/22 3:10,787,11.16,9.98,9.66,9.17,10.18,9.92
5/31/22 3:15,788,11.13,10.05,9.77,9.2,10.39,10.02
5/31/22 3:20,789,11.11,10.09,9.77,9.05,10.27,9.86
5/31/22 3:25,790,11.09,9.83,9.46,8.63,9.99,9.49
5/31/22 3:30,791,11.05,9.71,9.44,8.85,9.92,9.58
5/31/22 3:35,792,11.01,9.92,9.71,9.29,10.24,10.03
5/31/22 3:40,793,10.98,9.76,9.55,8.98,10.04,9.82
5/31/22 3:45,794,10.95,9.59,9.37,9.06,9.91,9.76
5/31/22 3:50,795,10.91,9.72,9.45,8.75,10,9.77
5/31/22 3:55,796,10.87,9.71,9.49,8.79,9.99,9.74
5/31/22 4:00,797,10.84,9.59,9.29,8.73,9.8,9.54
5/31/22 4:05,798,10.79,9.3,9.04,8.58,9.58,9.33
5/31/22 4:10,799,10.73,9.37,9.08,8.44,9.45,9
5/31/22 4:15,800,10.67,9.22,8.93,8.29,9.53,9.12
5/31/22 4:20,801,10.6,9.2,8.88,8.24,9.46,9.17
5/31/22 4:25,802,10.53,9.08,8.76,8.17,9.11,8.8
5/31/22 4:30,803,10.47,9.22,8.9,8.2,9.5,9.19
5/31/22 4:35,804,10.42,9.2,8.84,7.961,9.33,8.93
5/31/22 4:40,805,10.38,9.28,8.93,8.12,9.49,9.01
5/31/22 4:45,806,10.34,9.2,8.91,8.22,9.34,9.05
5/31/22 4:50,807,10.31,9.14,8.92,8.42,9.48,9.26
5/31/22 4:55,808,10.27,8.94,8.62,8.22,8.91,8.66
5/31/22 5:00,809,10.23,9.03,8.7,8.04,9.36,9.02
5/31/22 5:05,810,10.19,9.13,8.81,8.01,9.32,9
5/31/22 5:10,811,10.16,9.42,9.13,8.62,9.7,9.53
5/31/22 5:15,812,10.14,9.45,9.18,8.49,9.72,9.46
5/31/22 5:20,813,10.13,9.39,9.08,8.12,9.57,9.22
5/31/22 5:25,814,10.13,9.31,9,8.35,9.55,9.24
5/31/22 5:30,815,10.12,9.18,8.86,8.21,9.3,9.05
5/31/22 5:35,816,10.11,9.18,8.77,8.11,9.46,9.09
5/31/22 5:40,817,10.1,9.19,8.81,8.04,9.29,8.93
5/31/22 5:45,818,10.09,9.18,8.8,8.15,9.28,8.7
5/31/22 5:50,819,10.09,9.58,9.18,8.34,9.8,9.32
5/31/22 5:55,820,10.09,9.54,9.2,8.54,9.59,9.21
5/31/22 6:00,821,10.11,9.43,9.09,8.44,9.47,9.17
5/31/22 6:05,822,10.14,9.37,9.04,8.7,9.51,9.26
5/31/22 6:10,823,10.17,9.53,9.21,8.95,9.77,9.55
5/31/22 6:15,824,10.21,9.68,9.38,8.8,9.85,9.55
5/31/22 6:20,825,10.25,9.76,9.46,9.04,9.97,9.72
5/31/22 6:25,826,10.3,9.65,9.36,9.16,9.79,9.6
5/31/22 6:30,827,10.34,9.38,9.13,9.23,9.4,9.28
5/31/22 6:35,828,10.36,9.24,8.97,8.56,9.4,9.12
5/31/22 6:40,829,10.35,9.21,8.96,8.44,9.25,8.91
5/31/22 6:45,830,10.34,9.29,9,8.57,9.48,9.19
5/31/22 6:50,831,10.34,9.62,9.41,8.9,9.93,9.63
5/31/22 6:55,832,10.36,9.77,9.58,9.08,10.1,9.82
5/31/22 7:00,833,10.4,9.78,9.62,9.17,10.02,9.8
5/31/22 7:05,834,10.46,9.81,9.7,9.33,10.07,9.93
5/31/22 7:10,835,10.53,9.77,9.69,9.49,10.12,9.95
5/31/22 7:15,836,10.6,9.89,9.81,9.64,10.18,10.03
5/31/22 7:20,837,10.68,10.1,9.98,9.57,10.31,10.15
5/31/22 7:25,838,10.77,10.08,9.94,9.73,10.33,10.15
5/31/22 7:30,839,10.86,10.15,10.09,9.96,10.44,10.31
5/31/22 7:35,840,10.99,10.79,11.11,10.23,10.59,10.49
5/31/22 7:40,841,11.34,12.04,12.78,10.63,11.01,10.5
5/31/22 7:45,842,11.89,12.57,13.21,11.27,11.52,11.27
5/31/22 7:50,843,12.27,11.62,11.44,11.6,11.49,11.86
5/31/22 7:55,844,12.52,11.67,11.63,11.35,11.48,11.4
5/31/22 8:00,845,12.62,11.66,11.6,11.32,11.69,11.48
5/31/22 8:05,846,12.69,12.22,12.19,11.92,12.79,12.38
5/31/22 8:10,847,12.8,12.8,12.83,12.07,13.25,12.85
5/31/22 8:15,848,12.93,13.18,13.11,12.56,13.6,13.36
5/31/22 8:20,849,13.09,13.28,13.3,12.91,13.81,13.58
5/31/22 8:25,850,13.26,13.46,13.48,12.79,14.01,13.67
5/31/22 8:30,851,13.49,13.88,13.9,13.94,14.72,14.15
5/31/22 8:35,852,13.91,14.13,14.22,14.83,16.01,14.53
5/31/22 8:40,853,14.52,14.66,14.65,15.14,15.28,16.35
5/31/22 8:45,854,14.93,14.85,14.9,15.65,15.33,16.02
5/31/22 8:50,855,15.2,14.9,14.94,14.79,15.47,15.24
5/31/22 8:55,856,15.41,15.19,15.13,15.12,16.5,15.7
5/31/22 9:00,857,15.6,15.41,15.42,15.46,15.73,16.44
5/31/22 9:05,858,15.8,15.56,15.83,15.98,16.24,15.86
5/31/22 9:10,859,16.01,15.62,15.65,15.59,17.46,16.27
5/31/22 9:15,860,16.19,15.99,15.99,16.88,16.64,17.25
5/31/22 9:20,861,16.36,16.06,16.1,16.06,16.48,16.42
5/31/22 9:25,862,16.56,16.83,17.83,16,17.05,16.65
5/31/22 9:30,863,16.75,17.2,17.67,16.76,17.9,17.31
5/31/22 9:35,864,16.95,17.13,17.57,17.64,17.67,17.95
5/31/22 9:40,865,17.2,17.15,17.48,17.32,17.72,17.47
5/31/22 9:45,866,17.46,17.57,17.74,17.67,18.07,18.1
5/31/22 9:50,867,17.71,18.07,18.26,18.3,18.47,18.36
5/31/22 9:55,868,17.93,17.92,18.27,18.47,17.92,18.14
5/31/22 10:00,869,18.14,18.91,20.5,19.05,17.92,18.45
5/31/22 10:05,870,18.37,18.17,18.42,18.8,18.41,18.76
5/31/22 10:10,871,18.61,18.31,18.5,18.66,18.79,19.03
5/31/22 10:15,872,18.83,18.56,18.73,18.41,18.84,19.04
5/31/22 10:20,873,19.05,18.67,18.78,19.22,19.54,19.4
5/31/22 10:25,874,19.3,19.2,19.35,18.85,20.97,19.66
5/31/22 10:30,875,19.58,19.35,19.49,19.05,20.33,19.98
5/31/22 10:35,876,19.9,19.64,19.72,19.75,20.4,20.2
5/31/22 10:40,877,20.22,19.91,20.28,20.11,20.19,20.14
5/31/22 10:45,878,20.47,20.1,20.59,20.6,20.61,20.48
5/31/22 10:50,879,20.64,19.92,20.03,20.77,20.66,20.7
5/31/22 10:55,880,20.78,20.67,21,20.74,21.58,20.97
5/31/22 11:00,881,20.94,21.25,21.66,22.2,21.55,22.14
5/31/22 11:05,882,21.09,20.62,20.75,22.21,21.52,21.87
5/31/22 11:10,883,21.25,20.65,20.94,21.6,21.27,21.37
5/31/22 11:15,884,21.43,20.87,21.2,21.11,21.52,21.47
5/31/22 11:20,885,21.62,21.07,21.42,21.23,22.48,22.09
5/31/22 11:25,886,21.99,21.02,21.42,21.62,22.48,21.84
5/31/22 11:30,887,22.62,21.43,21.75,22.83,22.61,22.69
5/31/22 11:35,888,23.4,21.84,22.34,23.79,23.42,23.54
5/31/22 11:40,889,24.31,22.28,22.75,25.33,24.69,23.63
5/31/22 11:45,890,25.35,23.09,23.38,26.89,25.49,25.12
5/31/22 11:50,891,26.54,24.01,24.85,28.98,25.15,25.36
5/31/22 11:55,892,27.81,24.43,24.83,31.47,24.76,26.1
5/31/22 12:00,893,29.09,24.28,24.6,30.61,23.74,25.78
5/31/22 12:05,894,30.25,25.53,26.08,31.78,24.61,26.56
5/31/22 12:10,895,31.24,25.25,25.46,29.82,24.21,25.26
5/31/22 12:15,896,32.1,25.08,24.92,29.31,24.97,25.87
5/31/22 12:20,897,32.85,25.13,24.98,29.05,24.62,24.56
5/31/22 12:25,898,33.26,26.21,26.05,30.64,24.74,25.32
5/31/22 12:30,899,33.15,28.39,29.09,31.13,25.05,25.92
5/31/22 12:35,900,32.81,27.86,27.46,29.06,24.69,24.42
5/31/22 12:40,901,32.18,26.91,27.25,27.05,24.91,24.97
5/31/22 12:45,902,31.36,26.48,27.08,28.23,24.83,24.83
5/31/22 12:50,903,30.57,25.9,26.48,27.1,25.84,25.06
5/31/22 12:55,904,29.89,27.3,31.27,30.2,25.75,26.2
5/31/22 13:00,905,29.34,27.76,31.84,30.06,25.45,26.01
5/31/22 13:05,906,28.91,27.3,29.82,28.9,26.51,26.31
5/31/22 13:10,907,28.55,26.96,30.2,28.73,25.3,26.7
5/31/22 13:15,908,28.22,26.24,27.68,29.66,25.04,25.87
5/31/22 13:20,909,27.96,25.8,26.18,26.8,25.76,26.24
5/31/22 13:25,910,27.86,25.66,25.85,26.14,25.3,25.65
5/31/22 13:30,911,27.94,25.8,26.92,25.95,25.75,25.74
5/31/22 13:35,912,28.25,26.8,29.72,26.41,26.72,26.33
5/31/22 13:40,913,28.69,26.49,27.33,26.34,26.07,26.43
5/31/22 13:45,914,29.28,25.44,25.68,25.67,25.63,25.45
5/31/22 13:50,915,30.27,25.3,26.44,28.31,26.76,26.6
5/31/22 13:55,916,31.69,25.11,25.96,26.43,26.04,26.19
5/31/22 14:00,917,33.2,25.23,26.17,26.27,26,26.12
5/31/22 14:05,918,34.61,25.78,26.57,27.05,26.15,26.59
5/31/22 14:10,919,35.76,26.95,27.52,28.38,27.96,27.81
5/31/22 14:15,920,36.49,27.58,29.09,30.63,28.72,28.63
5/31/22 14:20,921,37.17,28.19,29.54,33.24,28.59,28.69
5/31/22 14:25,922,38.02,27.92,29.08,32.47,27.45,28.12
5/31/22 14:30,923,38.85,28.12,29.54,33.99,26.61,28.1
5/31/22 14:35,924,39.58,29.61,33.47,32.25,28.6,28.44
5/31/22 14:40,925,40.23,30.06,33.15,32.5,27.91,27.95
5/31/22 14:45,926,40.77,29.75,31.26,33.43,26.71,27.73
5/31/22 14:50,927,41.21,30.11,32.08,33.91,27.22,28.52
5/31/22 14:55,928,41.6,30.98,33.85,34.42,27.16,28.82
5/31/22 15:00,929,41.91,31.49,34.2,33.5,27.22,28.55
5/31/22 15:05,930,42.2,32.1,35.27,30.85,26.95,28.98
5/31/22 15:10,931,42.51,32.67,35.42,32.08,28.95,29.61
5/31/22 15:15,932,42.54,33.6,34.95,36,28.86,30.24
5/31/22 15:20,933,41.97,33.18,34.94,37.23,29.51,31.56
5/31/22 15:25,934,40.93,33.14,35.34,35.94,30.31,31.21
5/31/22 15:30,935,40.23,30.53,31.81,35.85,30.45,31.61
5/31/22 15:35,936,40.36,29.79,29.81,33.24,28.24,29.27
5/31/22 15:40,937,40.73,30.44,31.37,31.07,28.85,29.4
5/31/22 15:45,938,41.2,30.21,30.81,31.76,29.45,30.5
5/31/22 15:50,939,41.88,30.27,31.01,33.86,29.9,30.91
5/31/22 15:55,940,42.65,30.73,31.72,36.56,30.75,32.17
5/31/22 16:00,941,43.2,30.51,31.32,35.03,30.94,31.76
5/31/22 16:05,942,42.53,31.46,31.85,36.92,30.76,32.5
5/31/22 16:10,943,41.26,31.79,32.28,36.38,31.21,32.76
5/31/22 16:15,944,40.29,31.12,30.99,35.57,30.37,31.38
5/31/22 16:20,945,39.36,30.87,31.43,35.16,29.6,31.53
5/31/22 16:25,946,38.17,31.11,31.22,35.02,29.85,31
5/31/22 16:30,947,37.38,29.83,30.56,35.92,30.5,32.26
5/31/22 16:40,948,35.58,27.7,26.57,26.72,27.52,27.87