Weather 1,Time,Celsius(°C),Humidity(%rh),Dew Point(°C),Comments,Serial Number
1,3/5/25 20:36,22.5,47,10.6,,065051692
2,3/5/25 21:06,21,48.5,9.7,,
3,3/5/25 21:36,20.5,49,9.4,,
4,3/5/25 22:06,20,49.5,9.1,,
5,3/5/25 22:36,19.5,49,8.5,,
6,3/5/25 23:06,20,48.5,8.8,,
7,3/5/25 23:36,19,49,8.1,,
8,3/6/25 00:06,19,49.5,8.2,,
9,3/6/25 00:36,18.5,50,7.9,,
10,3/6/25 01:06,18,50,7.4,,
11,3/6/25 01:36,18,50,7.4,,
12,3/6/25 02:06,18,50.5,7.6,,
13,3/6/25 02:36,17.5,50.5,7.1,,
14,3/6/25 03:06,17.5,50.5,7.1,,
15,3/6/25 03:36,17.5,50.5,7.1,,
16,3/6/25 04:06,17,50.5,6.7,,
17,3/6/25 04:36,17,51,6.8,,
18,3/6/25 05:06,17,51,6.8,,
19,3/6/25 05:36,17,51,6.8,,
20,3/6/25 06:06,16.5,51,6.3,,
21,3/6/25 06:36,16.5,51,6.3,,
22,3/6/25 07:06,17,50.5,6.7,,
23,3/6/25 07:36,17,51.5,6.9,,
24,3/6/25 08:06,20,47.5,8.5,,
25,3/6/25 08:36,20.5,44.5,8,,
26,3/6/25 09:06,20.5,45,8.2,,
27,3/6/25 09:36,21,43,8,,
28,3/6/25 10:06,12.5,59,4.7,,
29,3/6/25 10:36,12,66,5.9,,
30,3/6/25 11:06,11,73.5,6.5,,
31,3/6/25 11:36,10.5,78,6.8,,
32,3/6/25 12:06,9.5,80,6.2,,
33,3/6/25 12:36,10.5,79,7,,
34,3/6/25 13:06,11,78,7.3,,
35,3/6/25 13:36,11,78.5,7.4,,
36,3/6/25 14:06,10,75.5,5.9,,
37,3/6/25 14:36,13,63.5,6.2,,
38,3/6/25 15:06,14.5,64.5,7.9,,
39,3/6/25 15:36,13.5,59.5,5.8,,
40,3/6/25 16:06,11,67.5,5.2,,
41,3/6/25 16:36,10.5,69.5,5.2,,
42,3/6/25 17:06,9.5,74,5.1,,
43,3/6/25 17:36,9,79,5.6,,
44,3/6/25 18:06,8.5,81.5,5.5,,
45,3/6/25 18:36,6.5,83,3.8,,
46,3/6/25 19:06,7,84.5,4.6,,
47,3/6/25 19:36,7.5,82.5,4.7,,
48,3/6/25 20:06,8,81,4.9,,
49,3/6/25 20:36,8,82.5,5.2,,
50,3/6/25 21:06,8,82,5.1,,
51,3/6/25 21:36,8,82.5,5.2,,
52,3/6/25 22:06,8,84,5.5,,
53,3/6/25 22:36,8,83.5,5.4,,
54,3/6/25 23:06,7.5,85.5,5.2,,
55,3/6/25 23:36,8,85.5,5.7,,
56,3/7/25 00:06,8.5,85,6.1,,
57,3/7/25 00:36,8.5,84.5,6,,
58,3/7/25 01:06,8.5,82,5.6,,
59,3/7/25 01:36,8,80.5,4.9,,
60,3/7/25 02:06,8.5,80,5.3,,
61,3/7/25 02:36,8.5,79,5.1,,
62,3/7/25 03:06,8,79.5,4.7,,
63,3/7/25 03:36,8.5,81.5,5.5,,
64,3/7/25 04:06,8.5,79.5,5.2,,
65,3/7/25 04:36,8.5,78.5,5,,
66,3/7/25 05:06,8.5,77.5,4.8,,
67,3/7/25 05:36,8,81,4.9,,
68,3/7/25 06:06,8,81.5,5,,
69,3/7/25 06:36,8,81.5,5,,
70,3/7/25 07:06,10.5,74.5,6.2,,
71,3/7/25 07:36,12.5,68,6.8,,
72,3/7/25 08:06,14,66.5,7.9,,
73,3/7/25 08:36,15.5,61.5,8.1,,
74,3/7/25 09:06,17,56.5,8.3,,
75,3/7/25 09:36,17.5,55,8.4,,
76,3/7/25 10:06,18,54.5,8.7,,
77,3/7/25 10:36,19,54,9.5,,
78,3/7/25 11:06,19.5,52,9.4,,
79,3/7/25 11:36,19,54,9.5,,
80,3/7/25 12:06,19,53.5,9.4,,
81,3/7/25 12:36,19.5,52,9.4,,
82,3/7/25 13:06,19,52,8.9,,
83,3/7/25 13:36,19.5,51.5,9.2,,
84,3/7/25 14:06,19,52.5,9.1,,
85,3/7/25 14:36,18.5,52.5,8.6,,
86,3/7/25 15:06,18,54.5,8.7,,
87,3/7/25 15:36,16.5,58,8.2,,
88,3/7/25 16:06,14,65.5,7.6,,
89,3/7/25 16:36,13,68.5,7.3,,
90,3/7/25 17:06,12.5,71.5,7.5,,
91,3/7/25 17:36,12,71,6.9,,
92,3/7/25 18:06,10.5,75.5,6.4,,
93,3/7/25 18:36,10,77,6.2,,
94,3/7/25 19:06,9.5,78.5,6,,
95,3/7/25 19:36,9.5,82,6.6,,
96,3/7/25 20:06,9.5,80.5,6.3,,
97,3/7/25 20:36,9.5,82,6.6,,
98,3/7/25 21:06,8,84,5.5,,
99,3/7/25 21:36,8.5,83,5.8,,
100,3/7/25 22:06,7.5,90,6,,
101,3/7/25 22:36,9,85,6.6,,
102,3/7/25 23:06,9.5,81,6.4,,
103,3/7/25 23:36,9.5,77.5,5.8,,
104,3/8/25 00:06,9,75,4.8,,
105,3/8/25 00:36,9.5,71,4.5,,
106,3/8/25 01:06,9.5,68.5,4,,
107,3/8/25 01:36,10.5,62,3.5,,
108,3/8/25 02:06,11,58.5,3.2,,
109,3/8/25 02:36,10.5,59.5,3,,
110,3/8/25 03:06,10.5,54,1.6,,
111,3/8/25 03:36,8,63,1.4,,
112,3/8/25 04:06,10.5,50.5,0.7,,
113,3/8/25 04:36,8,61.5,1.1,,
114,3/8/25 05:06,7,64,0.7,,
115,3/8/25 05:36,5.5,69.5,0.4,,
116,3/8/25 06:06,4.5,69,-0.7,,
117,3/8/25 06:36,4.5,69,-0.7,,
118,3/8/25 07:06,11.5,48.5,1,,
119,3/8/25 07:36,16,39,2.1,,
120,3/8/25 08:06,16,46.5,4.6,,
121,3/8/25 08:36,17,45.5,5.2,,
122,3/8/25 09:06,16.5,52,6.6,,
123,3/8/25 09:36,16,56,7.2,,
124,3/8/25 10:06,17,55,7.9,,
125,3/8/25 10:36,18.5,51,8.2,,
126,3/8/25 11:06,19,40.5,5.3,,
127,3/8/25 11:36,18.5,44,6,,
128,3/8/25 12:06,20,38,5.3,,
129,3/8/25 12:36,20.5,33.5,3.9,,
130,3/8/25 13:06,20.5,34.5,4.3,,
131,3/8/25 13:36,20,35,4.1,,
132,3/8/25 14:06,21,35.5,5.2,,
133,3/8/25 14:36,21,26,0.8,,
134,3/8/25 15:06,20.5,37,5.3,,
135,3/8/25 15:36,20,35,4.1,,
136,3/8/25 16:06,16.5,47.5,5.3,,
137,3/8/25 16:36,16,45,4.1,,
138,3/8/25 17:06,14,50.5,3.9,,
139,3/8/25 17:36,12,57.5,3.9,,
140,3/8/25 18:06,10.5,68,4.9,,
141,3/8/25 18:36,8.5,60.5,1.3,,
142,3/8/25 19:06,7,62,0.2,,
143,3/8/25 19:36,7.5,57.5,-0.3,,
144,3/8/25 20:06,6.5,64.5,0.3,,
145,3/8/25 20:36,6.5,61,-0.5,,
146,3/8/25 21:06,7,55.5,-1.3,,
147,3/8/25 21:36,8,52,-1.2,,
148,3/8/25 22:06,7.5,55.5,-0.8,,
149,3/8/25 22:36,8,55.5,-0.4,,
150,3/8/25 23:06,7,62,0.2,,
151,3/8/25 23:36,6,66.5,0.2,,
152,3/9/25 00:06,5,68,-0.4,,
153,3/9/25 00:36,5.5,66,-0.3,,
154,3/9/25 01:06,4.5,69.5,-0.6,,
155,3/9/25 01:36,3.5,72,-1.1,,
156,3/9/25 02:06,3,75,-1,,
157,3/9/25 02:36,3,79.5,-0.2,,
158,3/9/25 03:06,4,91.5,2.7,,
159,3/9/25 03:36,7,70.5,2,,
160,3/9/25 04:06,7.5,85,5.1,,
161,3/9/25 04:36,7.5,86,5.3,,
162,3/9/25 05:06,6.5,90,5,,
163,3/9/25 05:36,7,94.5,6.2,,
164,3/9/25 06:06,7.5,94,6.6,,
165,3/9/25 06:36,7.5,95,6.8,,
166,3/9/25 07:06,8.5,93,7.4,,
167,3/9/25 07:36,13,77.5,9.2,,
168,3/9/25 08:06,13.5,74,9,,
169,3/9/25 08:36,13.5,74,9,,
170,3/9/25 09:06,11.5,80.5,8.3,,
171,3/9/25 09:36,14.5,71,9.3,,
172,3/9/25 10:06,19,57,10.3,,
173,3/9/25 10:36,18.5,56,9.6,,
174,3/9/25 11:06,19,52.5,9.1,,
175,3/9/25 11:36,20,50.5,9.4,,
176,3/9/25 12:06,20,48.5,8.8,,
177,3/9/25 12:36,20,49.5,9.1,,
178,3/9/25 13:06,20,49.5,9.1,,
179,3/9/25 13:36,19.5,50.5,9,,
180,3/9/25 14:06,19,52.5,9.1,,
181,3/9/25 14:36,18,55,8.8,,
182,3/9/25 15:06,18.5,53,8.7,,
183,3/9/25 15:36,18,53.5,8.4,,
184,3/9/25 16:06,14.5,54.5,5.4,,
185,3/9/25 16:36,14,52,4.3,,
186,3/9/25 17:06,13,60.5,5.5,,
187,3/9/25 17:36,11.5,69,6,,
188,3/9/25 18:06,10,73,5.4,,
189,3/9/25 18:36,8.5,70,3.4,,
190,3/9/25 19:06,8.5,75.5,4.4,,
191,3/9/25 19:36,7.5,78,3.9,,
192,3/9/25 20:06,6.5,82.5,3.7,,
193,3/9/25 20:36,5.5,85.5,3.3,,
194,3/9/25 21:06,5.5,84.5,3.1,,
195,3/9/25 21:36,5,83,2.4,,
196,3/9/25 22:06,4,85,1.7,,
197,3/9/25 22:36,4,77.5,0.4,,
198,3/9/25 23:06,3.5,71,-1.3,,
199,3/9/25 23:36,3,69.5,-2,,
200,3/10/25 00:06,3,71,-1.7,,
201,3/10/25 00:36,3,74,-1.2,,
202,3/10/25 01:06,2,78,-1.4,,
203,3/10/25 01:36,2,81.5,-0.8,,
204,3/10/25 02:06,4,81,1,,
205,3/10/25 02:36,5.5,91.5,4.2,,
206,3/10/25 03:06,6.5,86.5,4.4,,
207,3/10/25 03:36,7,76.5,3.2,,
208,3/10/25 04:06,6,73.5,1.6,,
209,3/10/25 04:36,5,73,0.6,,
210,3/10/25 05:06,3,80,-0.1,,
211,3/10/25 05:36,2,85.5,-0.2,,
212,3/10/25 06:06,2,86,-0.1,,
213,3/10/25 06:36,2.5,90.5,1.1,,
214,3/10/25 07:06,7.5,76,3.6,,
215,3/10/25 07:36,14,72,9,,
216,3/10/25 08:06,15.5,67.5,9.5,,
217,3/10/25 08:36,16,62.5,8.8,,
218,3/10/25 09:06,16.5,57,8,,
219,3/10/25 09:36,16,65,9.4,,
220,3/10/25 10:06,16,64.5,9.3,,
221,3/10/25 10:36,16,55,7,,
222,3/10/25 11:06,17,56,8.2,,
223,3/10/25 11:36,16.5,59,8.5,,
224,3/10/25 12:06,16,57,7.5,,
225,3/10/25 12:36,17,51.5,6.9,,
226,3/10/25 13:06,18.5,43,5.7,,
227,3/10/25 13:36,17.5,45.5,5.6,,
228,3/10/25 14:06,17,48,5.9,,
229,3/10/25 14:36,17,52.5,7.2,,
230,3/10/25 15:06,16.5,50,6.1,,
231,3/10/25 15:36,15.5,55.5,6.6,,
232,3/10/25 16:06,14.5,57.5,6.2,,
233,3/10/25 16:36,14,61,6.6,,
234,3/10/25 17:06,13,61.5,5.8,,
235,3/10/25 17:36,12.5,63.5,5.8,,
236,3/10/25 18:06,12,62,5,,
237,3/10/25 18:36,11.5,63,4.7,,
238,3/10/25 19:06,12,59.5,4.4,,
239,3/10/25 19:36,12,61,4.7,,
240,3/10/25 20:06,11,72,6.2,,
241,3/10/25 20:36,11,59,3.3,,
242,3/10/25 21:06,11.5,56,3,,
243,3/10/25 21:36,12,51.5,2.3,,
244,3/10/25 22:06,11.5,55.5,2.9,,
245,3/10/25 22:36,12,59,4.2,,
246,3/10/25 23:06,12,73.5,7.4,,
247,3/10/25 23:36,12,72,7.1,,
248,3/11/25 00:06,12.5,59.5,4.8,,
249,3/11/25 00:36,12.5,55.5,3.8,,
250,3/11/25 01:06,12,58.5,4.1,,
251,3/11/25 01:36,12,65.5,5.7,,
252,3/11/25 02:06,12,66,5.9,,
253,3/11/25 02:36,12,67,6.1,,
254,3/11/25 03:06,11.5,75,7.2,,
255,3/11/25 03:36,11.5,69.5,6.1,,
256,3/11/25 04:06,11.5,66,5.4,,
257,3/11/25 04:36,12.5,62,5.4,,
258,3/11/25 05:06,11.5,72.5,6.7,,
259,3/11/25 05:36,11,73.5,6.5,,
260,3/11/25 06:06,10.5,77.5,6.7,,
261,3/11/25 06:36,9.5,86.5,7.4,,
262,3/11/25 07:06,9.5,89,7.8,,
263,3/11/25 07:36,9.5,86,7.3,,
264,3/11/25 08:06,10.5,84.5,8,,
265,3/11/25 08:36,11,81.5,8,,
266,3/11/25 09:06,11.5,78,7.8,,
267,3/11/25 09:36,13,74,8.5,,
268,3/11/25 10:06,13.5,71,8.4,,
269,3/11/25 10:36,14.5,69,8.9,,
270,3/11/25 11:06,16,68,10.1,,
271,3/11/25 11:36,15.5,68.5,9.7,,
272,3/11/25 12:06,16,67.5,10,,
273,3/11/25 12:36,16,65.5,9.5,,
274,3/11/25 13:06,16,63.5,9.1,,
275,3/11/25 13:36,16,62,8.7,,
276,3/11/25 14:06,17,59,8.9,,
277,3/11/25 14:36,17,61.5,9.6,,
278,3/11/25 15:06,16.5,63,9.4,,
279,3/11/25 15:36,16.5,63,9.4,,
280,3/11/25 16:06,14.5,68,8.7,,
281,3/11/25 16:36,14,68.5,8.3,,
282,3/11/25 17:06,14,68.5,8.3,,
283,3/11/25 17:36,13.5,70.5,8.2,,
284,3/11/25 18:06,12.5,74.5,8.1,,
285,3/11/25 18:36,12,75,7.7,,
286,3/11/25 19:06,11.5,76,7.4,,
287,3/11/25 19:36,11,78.5,7.4,,
288,3/11/25 20:06,10.5,81,7.4,,
289,3/11/25 20:36,10.5,81,7.4,,
290,3/11/25 21:06,11.5,78,7.8,,
291,3/11/25 21:36,11.5,75.5,7.3,,
292,3/11/25 22:06,11,76.5,7,,
293,3/11/25 22:36,11,77,7.1,,
294,3/11/25 23:06,10,80,6.7,,
295,3/11/25 23:36,9,84.5,6.5,,
296,3/12/25 00:06,8.5,86.5,6.4,,
297,3/12/25 00:36,8.5,86,6.3,,
298,3/12/25 01:06,8,88.5,6.2,,
299,3/12/25 01:36,7,91,5.6,,
300,3/12/25 02:06,7,91,5.6,,
301,3/12/25 02:36,7,93.5,6,,
302,3/12/25 03:06,8,94,7.1,,
303,3/12/25 03:36,9,93,7.9,,
304,3/12/25 04:06,10.5,88,8.6,,
305,3/12/25 04:36,10.5,88,8.6,,
306,3/12/25 05:06,11,86,8.8,,
307,3/12/25 05:36,10.5,87,8.4,,
308,3/12/25 06:06,10.5,86.5,8.3,,
309,3/12/25 06:36,11,87.5,9,,
310,3/12/25 07:06,11.5,89.5,9.8,,
311,3/12/25 07:36,12,90,10.4,,
312,3/12/25 08:06,12.5,89,10.7,,
313,3/12/25 08:36,12.5,90,10.9,,
314,3/12/25 09:06,13,89,11.2,,
315,3/12/25 09:36,14.5,82.5,11.6,,
316,3/12/25 10:06,14.5,83.5,11.7,,
317,3/12/25 10:36,17.5,76,13.2,,
318,3/12/25 11:06,14.5,81.5,11.4,,
319,3/12/25 11:36,14.5,80,11.1,,
320,3/12/25 12:06,16,75,11.6,,
321,3/12/25 12:36,16,76.5,11.9,,
322,3/12/25 13:06,18,71,12.7,,
323,3/12/25 13:36,16.5,76,12.3,,
324,3/12/25 14:06,16,76.5,11.9,,
325,3/12/25 14:36,14.5,81,11.3,,
326,3/12/25 15:06,14,84.5,11.4,,
327,3/12/25 15:36,14,80.5,10.7,,
328,3/12/25 16:06,13.5,81.5,10.4,,
329,3/12/25 16:36,13,82.5,10.1,,
330,3/12/25 17:06,13,88,11.1,,
331,3/12/25 17:36,12.5,89,10.7,,
332,3/12/25 18:06,12.5,93.5,11.5,,
333,3/12/25 18:36,12.5,95,11.7,,
334,3/12/25 19:06,12.5,94.5,11.6,,
335,3/12/25 19:36,11,94,10.1,,
336,3/12/25 20:06,10,93,8.9,,
337,3/12/25 20:36,9.5,94,8.6,,
338,3/12/25 21:06,9.5,94.5,8.7,,
339,3/12/25 21:36,9.5,95,8.7,,
340,3/12/25 22:06,9.5,95.5,8.8,,
341,3/12/25 22:36,9,95.5,8.3,,
342,3/12/25 23:06,9,97,8.5,,
343,3/12/25 23:36,8.5,97.5,8.1,,
344,3/13/25 00:06,8.5,96,7.9,,
345,3/13/25 00:36,8.5,97,8.1,,
346,3/13/25 01:06,8.5,97,8.1,,
347,3/13/25 01:36,8.5,97,8.1,,
348,3/13/25 02:06,8,97.5,7.6,,
349,3/13/25 02:36,8,98,7.7,,
350,3/13/25 03:06,7.5,98,7.2,,
351,3/13/25 03:36,7,98,6.7,,
352,3/13/25 04:06,7,98.5,6.8,,
353,3/13/25 04:36,7.5,99.5,7.4,,
354,3/13/25 05:06,8,98,7.7,,
355,3/13/25 05:36,7,96,6.4,,
356,3/13/25 06:06,7,93.5,6,,
357,3/13/25 06:36,7.5,94.5,6.7,,
358,3/13/25 07:06,11,86,8.8,,
359,3/13/25 07:36,11.5,80,8.2,,
360,3/13/25 08:06,13.5,76,9.4,,
361,3/13/25 08:36,14,70,8.6,,
362,3/13/25 09:06,15.5,69.5,10,,
363,3/13/25 09:36,14,74,9.4,,
364,3/13/25 10:06,16,63.5,9.1,,
365,3/13/25 10:36,13.5,76,9.4,,
366,3/13/25 11:06,17,57.5,8.6,,
367,3/13/25 11:36,15.5,59.5,7.7,,
368,3/13/25 12:06,18,52,8,,
369,3/13/25 12:36,15,74.5,10.5,,
370,3/13/25 13:06,17,62.5,9.8,,
371,3/13/25 13:36,16.5,53.5,7,,
372,3/13/25 14:06,16,62,8.7,,
373,3/13/25 14:36,16.5,59,8.5,,
374,3/13/25 15:06,12,68,6.3,,
375,3/13/25 15:36,14.5,64.5,7.9,,
376,3/13/25 16:06,13,67,7,,
377,3/13/25 16:36,12,65,5.6,,
378,3/13/25 17:06,11.5,65.5,5.3,,
379,3/13/25 17:36,11,70,5.7,,
380,3/13/25 18:06,9.5,70,4.3,,
381,3/13/25 18:36,8.5,73.5,4,,
382,3/13/25 19:06,7.5,78.5,4,,
383,3/13/25 19:36,7.5,80.5,4.4,,
384,3/13/25 20:06,7,83,4.3,,
385,3/13/25 20:36,6.5,84,4,,
386,3/13/25 21:06,6.5,83.5,3.9,,
387,3/13/25 21:36,6.5,84.5,4.1,,
388,3/13/25 22:06,6,87.5,4.1,,
389,3/13/25 22:36,5.5,93,4.5,,
390,3/13/25 23:06,7,89,5.3,,
391,3/13/25 23:36,7,88,5.2,,
392,3/14/25 00:06,6.5,90.5,5.1,,
393,3/14/25 00:36,7,88.5,5.2,,
394,3/14/25 01:06,7,89.5,5.4,,
395,3/14/25 01:36,7,86.5,4.9,,
396,3/14/25 02:06,6.5,88.5,4.7,,
397,3/14/25 02:36,6,90.5,4.6,,
398,3/14/25 03:06,6,93,5,,
399,3/14/25 03:36,7.5,94.5,6.7,,
400,3/14/25 04:06,7.5,95,6.8,,
401,3/14/25 04:36,7.5,96,6.9,,
402,3/14/25 05:06,7.5,96,6.9,,
403,3/14/25 05:36,8,94,7.1,,
404,3/14/25 06:06,7.5,93.5,6.5,,
405,3/14/25 06:36,7.5,95,6.8,,
406,3/14/25 07:06,7.5,96.5,7,,
407,3/14/25 07:36,8,97,7.6,,
408,3/14/25 08:06,8,96.5,7.5,,
409,3/14/25 08:36,8.5,96,7.9,,
410,3/14/25 09:06,8.5,95.5,7.8,,
411,3/14/25 09:36,8.5,96.5,8,,
412,3/14/25 10:06,9,95.5,8.3,,
413,3/14/25 10:36,9.5,94.5,8.7,,
414,3/14/25 11:06,10,94,9.1,,
415,3/14/25 11:36,10,94,9.1,,
416,3/14/25 12:06,10.5,93.5,9.5,,
417,3/14/25 12:36,11,91.5,9.7,,
418,3/14/25 13:06,11.5,87.5,9.5,,
419,3/14/25 13:36,11.5,89,9.8,,
420,3/14/25 14:06,11.5,88.5,9.7,,
421,3/14/25 14:36,11.5,88.5,9.7,,
422,3/14/25 15:06,12,86,9.7,,
423,3/14/25 15:36,13,82,10,,
424,3/14/25 16:06,11.5,84,8.9,,
425,3/14/25 16:36,11.5,85,9.1,,
426,3/14/25 17:06,11,87,8.9,,
427,3/14/25 17:36,10.5,89,8.8,,
428,3/14/25 18:06,10,92.5,8.8,,
429,3/14/25 18:36,9,93,7.9,,
430,3/14/25 19:06,8.5,95,7.7,,
431,3/14/25 19:36,8,96,7.4,,
432,3/14/25 20:06,8,98,7.7,,
433,3/14/25 20:36,8.5,95.5,7.8,,
434,3/14/25 21:06,9,92.5,7.9,,
435,3/14/25 21:36,10.5,90.5,9,,
436,3/14/25 22:06,10,86,7.8,,
437,3/14/25 22:36,9.5,87,7.4,,
438,3/14/25 23:06,9.5,88,7.6,,
439,3/14/25 23:36,10,87,7.9,,
440,3/15/25 00:06,10.5,85,8.1,,
441,3/15/25 00:36,10,85.5,7.7,,
442,3/15/25 01:06,10,87,7.9,,
443,3/15/25 01:36,9.5,88,7.6,,
444,3/15/25 02:06,9,88.5,7.2,,
445,3/15/25 02:36,8.5,90.5,7,,
446,3/15/25 03:06,8.5,91,7.1,,
447,3/15/25 03:36,8,91.5,6.7,,
448,3/15/25 04:06,9,88.5,7.2,,
449,3/15/25 04:36,8.5,88.5,6.7,,
450,3/15/25 05:06,8,92,6.8,,
451,3/15/25 05:36,8,89,6.3,,
452,3/15/25 06:06,7.5,86,5.3,,
453,3/15/25 06:36,7,88.5,5.2,,
454,3/15/25 07:06,11.5,75.5,7.3,,
455,3/15/25 07:36,14,64.5,7.4,,
456,3/15/25 08:06,15.5,62.5,8.4,,
457,3/15/25 08:36,16,60.5,8.4,,
458,3/15/25 09:06,18,56,9.1,,
459,3/15/25 09:36,19.5,55,10.2,,
460,3/15/25 10:06,20,55.5,10.8,,
461,3/15/25 10:36,20,52.5,10,,
462,3/15/25 11:06,20.5,52.5,10.5,,
463,3/15/25 11:36,21,47,9.3,,
464,3/15/25 12:06,21,50.5,10.3,,
465,3/15/25 12:36,20,51.5,9.7,,
466,3/15/25 13:06,20.5,48.5,9.3,,
467,3/15/25 13:36,19.5,52.5,9.5,,
468,3/15/25 14:06,20,54,10.4,,
469,3/15/25 14:36,19,55.5,9.9,,
470,3/15/25 15:06,18,59,9.9,,
471,3/15/25 15:36,17.5,56,8.6,,
472,3/15/25 16:06,15,61,7.5,,
473,3/15/25 16:36,14.5,58.5,6.5,,
474,3/15/25 17:06,13.5,62,6.4,,
475,3/15/25 17:36,12.5,63.5,5.8,,
476,3/15/25 18:06,12,67.5,6.2,,
477,3/15/25 18:36,10.5,72.5,5.8,,
478,3/15/25 19:06,10.5,75,6.3,,
479,3/15/25 19:36,10.5,76.5,6.6,,
480,3/15/25 20:06,10.5,79,7,,
481,3/15/25 20:36,10,80.5,6.8,,
482,3/15/25 21:06,10,82.5,7.2,,
483,3/15/25 21:36,9.5,85,7.1,,
484,3/15/25 22:06,9.5,83.5,6.8,,
485,3/15/25 22:36,10,83.5,7.3,,
486,3/15/25 23:06,10.5,81,7.4,,
487,3/15/25 23:36,10,83.5,7.3,,
488,3/16/25 00:06,10,85,7.6,,
489,3/16/25 00:36,9.5,85.5,7.2,,
490,3/16/25 01:06,9.5,86.5,7.4,,
491,3/16/25 01:36,9,86,6.8,,
492,3/16/25 02:06,9.5,86,7.3,,
493,3/16/25 02:36,9,85.5,6.7,,
494,3/16/25 03:06,9,87,7,,
495,3/16/25 03:36,9,84.5,6.5,,
496,3/16/25 04:06,8,85.5,5.7,,
497,3/16/25 04:36,7.5,89,5.8,,
498,3/16/25 05:06,7,91.5,5.7,,
499,3/16/25 05:36,5.5,93,4.5,,
500,3/16/25 06:06,5,94.5,4.2,,
501,3/16/25 06:36,5.5,95.5,4.8,,
502,3/16/25 07:06,7.5,95,6.8,,
503,3/16/25 07:36,11,84.5,8.5,,
504,3/16/25 08:06,15.5,67,9.4,,
505,3/16/25 08:36,16,62.5,8.8,,
506,3/16/25 09:06,17.5,60,9.7,,
507,3/16/25 09:36,18,58,9.6,,
508,3/16/25 10:06,17.5,60.5,9.8,,
509,3/16/25 10:36,17.5,61,9.9,,
510,3/16/25 11:06,18.5,60,10.6,,
511,3/16/25 11:36,18,64,11.1,,
512,3/16/25 12:06,21,51.5,10.6,,
513,3/16/25 12:36,20.5,51.5,10.2,,
514,3/16/25 13:06,20,55,10.7,,
515,3/16/25 13:36,19.5,52.5,9.5,,
516,3/16/25 14:06,20.5,50,9.7,,
517,3/16/25 14:36,19,55.5,9.9,,
518,3/16/25 15:06,20,51,9.6,,
519,3/16/25 15:36,17.5,59,9.4,,
520,3/16/25 16:06,16,63.5,9.1,,
521,3/16/25 16:36,15,66,8.7,,
522,3/16/25 17:06,14,70.5,8.7,,
523,3/16/25 17:36,13,75,8.7,,
524,3/16/25 18:06,12,77.5,8.2,,
525,3/16/25 18:36,11.5,80,8.2,,
526,3/16/25 19:06,11,73.5,6.5,,
527,3/16/25 19:36,10,76,6,,
528,3/16/25 20:06,9.5,76.5,5.6,,
529,3/16/25 20:36,9.5,77.5,5.8,,
530,3/16/25 21:06,9.5,78.5,6,,
531,3/16/25 21:36,9.5,78.5,6,,
532,3/16/25 22:06,10.5,76,6.5,,
533,3/16/25 22:36,10,77.5,6.3,,
534,3/16/25 23:06,10,79,6.5,,
535,3/16/25 23:36,9.5,80.5,6.3,,
536,3/17/25 00:06,10,81.5,7,,
537,3/17/25 00:36,10,82,7.1,,
538,3/17/25 01:06,10,81.5,7,,
539,3/17/25 01:36,9.5,83.5,6.8,,
540,3/17/25 02:06,10,83,7.3,,
541,3/17/25 02:36,10,83.5,7.3,,
542,3/17/25 03:06,9.5,83.5,6.8,,
543,3/17/25 03:36,9.5,84,6.9,,
544,3/17/25 04:06,10,84.5,7.5,,
545,3/17/25 04:36,10.5,84.5,8,,
546,3/17/25 05:06,10.5,86.5,8.3,,
547,3/17/25 05:36,10.5,87.5,8.5,,
548,3/17/25 06:06,11,87.5,9,,
549,3/17/25 06:36,11,87,8.9,,
550,3/17/25 07:06,12.5,83.5,9.8,,
551,3/17/25 07:36,12.5,85.5,10.1,,
552,3/17/25 08:06,12,90,10.4,,
553,3/17/25 08:36,12.5,92.5,11.3,,
554,3/17/25 09:06,12.5,93.5,11.5,,
555,3/17/25 09:36,12.5,94,11.6,,
556,3/17/25 10:06,13.5,92.5,12.3,,
557,3/17/25 10:36,14.5,89,12.7,,
558,3/17/25 11:06,16,83.5,13.2,,
559,3/17/25 11:36,15.5,81,12.3,,
560,3/17/25 12:06,17.5,79.5,13.9,,
561,3/17/25 12:36,18.5,73.5,13.7,,
562,3/17/25 13:06,19,71.5,13.7,,
563,3/17/25 13:36,19.5,66,13,,
564,3/17/25 14:06,19.5,65,12.7,,
565,3/17/25 14:36,19,67,12.7,,
566,3/17/25 15:06,18.5,62.5,11.2,,
567,3/17/25 15:36,17.5,61,9.9,,
568,3/17/25 16:06,15.5,62,8.3,,
569,3/17/25 16:36,13.5,68,7.7,,
570,3/17/25 17:06,13.5,69.5,8,,
571,3/17/25 17:36,12.5,71.5,7.5,,
572,3/17/25 18:06,11.5,75.5,7.3,,
573,3/17/25 18:36,11,76.5,7,,
574,3/17/25 19:06,10.5,79,7,,
575,3/17/25 19:36,10.5,79,7,,
576,3/17/25 20:06,10,78.5,6.4,,
577,3/17/25 20:36,10,80.5,6.8,,
578,3/17/25 21:06,9.5,82.5,6.7,,
579,3/17/25 21:36,9.5,83.5,6.8,,
580,3/17/25 22:06,9.5,82,6.6,,
581,3/17/25 22:36,9,87.5,7,,
582,3/17/25 23:06,9,86,6.8,,
583,3/17/25 23:36,9.5,79.5,6.1,,
584,3/18/25 00:06,9,77.5,5.3,,
585,3/18/25 00:36,9.5,76,5.5,,
586,3/18/25 01:06,10,75,5.8,,
587,3/18/25 01:36,10.5,74,6.1,,
588,3/18/25 02:06,10.5,74.5,6.2,,
589,3/18/25 02:36,10.5,73,5.9,,
590,3/18/25 03:06,10,74,5.6,,
591,3/18/25 03:36,10,75.5,5.9,,
592,3/18/25 04:06,9.5,78.5,6,,
593,3/18/25 04:36,9,80.5,5.8,,
594,3/18/25 05:06,8.5,83,5.8,,
595,3/18/25 05:36,8.5,85.5,6.2,,
596,3/18/25 06:06,8.5,85.5,6.2,,
597,3/18/25 06:36,9,83.5,6.4,,
598,3/18/25 07:06,13,69,7.5,,
599,3/18/25 07:36,15,61.5,7.7,,
600,3/18/25 08:06,16,58,7.7,,
601,3/18/25 08:36,17,55,7.9,,
602,3/18/25 09:06,19,48.5,7.9,,
603,3/18/25 09:36,19.5,45,7.3,,
604,3/18/25 10:06,20,44.5,7.6,,
605,3/18/25 10:36,21.5,45,9.1,,
606,3/18/25 11:06,21.5,44,8.7,,
607,3/18/25 11:36,20.5,48.5,9.3,,
608,3/18/25 12:06,20.5,48,9.1,,
609,3/18/25 12:36,20,51,9.6,,
610,3/18/25 13:06,20,51.5,9.7,,
611,3/18/25 13:36,20,49,9,,
612,3/18/25 14:06,19.5,51,9.1,,
613,3/18/25 14:36,19.5,50,8.8,,
614,3/18/25 15:06,18.5,51,8.2,,
615,3/18/25 15:36,18,49.5,7.3,,
616,3/18/25 16:06,15,55.5,6.2,,
617,3/18/25 16:36,14,59.5,6.2,,
618,3/18/25 17:06,13,58.5,5.1,,
619,3/18/25 17:36,12.5,60,5,,
620,3/18/25 18:06,11.5,61.5,4.4,,
621,3/18/25 18:36,10.5,67.5,4.7,,
622,3/18/25 19:06,10.5,67.5,4.7,,
623,3/18/25 19:36,10.5,64,4,,
624,3/18/25 20:06,10.5,65,4.2,,
625,3/18/25 20:36,9.5,68,3.9,,
626,3/18/25 21:06,8.5,71.5,3.7,,
627,3/18/25 21:36,8.5,75.5,4.4,,
628,3/18/25 22:06,8,75.5,3.9,,
629,3/18/25 22:36,9.5,79.5,6.1,,
630,3/18/25 23:06,9.5,74,5.1,,
631,3/18/25 23:36,8.5,74,4.1,,
632,3/19/25 00:06,9,72,4.2,,
633,3/19/25 00:36,9.5,69,4.1,,
634,3/19/25 01:06,10,64,3.5,,
635,3/19/25 01:36,10.5,61,3.3,,
636,3/19/25 02:06,11.5,55,2.8,,
637,3/19/25 02:36,12,52,2.5,,
638,3/19/25 03:06,11.5,49,1.2,,
639,3/19/25 03:36,10.5,53,1.3,,
640,3/19/25 04:06,10.5,50,0.5,,
641,3/19/25 04:36,10.5,48,0,,
642,3/19/25 05:06,8.5,56,0.2,,
643,3/19/25 05:36,6.5,64.5,0.3,,
644,3/19/25 06:06,5.5,71.5,0.8,,
645,3/19/25 06:36,6,73.5,1.6,,
646,3/19/25 07:06,11.5,63,4.7,,
647,3/19/25 07:36,17,52,7.1,,
648,3/19/25 08:06,20.5,38,5.7,,
649,3/19/25 08:36,21,39,6.5,,
650,3/19/25 09:06,22,36.5,6.5,,
651,3/19/25 09:36,22,32,4.6,,
652,3/19/25 10:06,22.5,27.5,2.8,,
653,3/19/25 10:36,22.5,28,3.1,,
654,3/19/25 11:06,23.5,28.5,4.2,,
655,3/19/25 11:36,24,26,3.3,,
656,3/19/25 12:06,24.5,29,5.3,,
657,3/19/25 12:36,24,34,7.2,,
658,3/19/25 13:06,23,36.5,7.3,,
659,3/19/25 13:36,23.5,29,4.5,,
660,3/19/25 14:06,23.5,34,6.7,,
661,3/19/25 14:36,22.5,38.5,7.7,,
662,3/19/25 15:06,20.5,45,8.2,,
663,3/19/25 15:36,22,38.5,7.2,,
664,3/19/25 16:06,19.5,46,7.6,,
665,3/19/25 16:36,18.5,40.5,4.8,,
666,3/19/25 17:06,16,46.5,4.6,,
667,3/19/25 17:36,14.5,50.5,4.4,,
668,3/19/25 18:06,13.5,49,3,,
669,3/19/25 18:36,13,47.5,2.1,,
670,3/19/25 19:06,12.5,48,1.8,,
671,3/19/25 19:36,12,44.5,0.3,,
672,3/19/25 20:06,11.5,56.5,3.2,,
673,3/19/25 20:36,11.5,60.5,4.1,,
674,3/19/25 21:06,11,65,4.7,,
675,3/19/25 21:36,11,64,4.5,,
676,3/19/25 22:06,11,65.5,4.8,,
677,3/19/25 22:36,11,63,4.2,,
678,3/19/25 23:06,11,65.5,4.8,,
679,3/19/25 23:36,10.5,63.5,3.9,,
680,3/20/25 00:06,10.5,62,3.5,,
681,3/20/25 00:36,10,60,2.6,,
682,3/20/25 01:06,10,61.5,3,,
683,3/20/25 01:36,9.5,59,1.9,,
684,3/20/25 02:06,10,51.5,0.5,,
685,3/20/25 02:36,10,58.5,2.2,,
686,3/20/25 03:06,9.5,68.5,4,,
687,3/20/25 03:36,9.5,57.5,1.5,,
688,3/20/25 04:06,10,53.5,1,,
689,3/20/25 04:36,9,60,1.7,,
690,3/20/25 05:06,9,64,2.6,,
691,3/20/25 05:36,8.5,65.5,2.4,,
692,3/20/25 06:06,9,64.5,2.7,,
693,3/20/25 06:36,10,64.5,3.6,,
694,3/20/25 07:06,15,49,4.4,,
695,3/20/25 07:36,17.5,45.5,5.6,,
696,3/20/25 08:06,19,41.5,5.6,,
697,3/20/25 08:36,19,44.5,6.6,,
698,3/20/25 09:06,20.5,45.5,8.3,,
699,3/20/25 09:36,21,46,8.9,,
700,3/20/25 10:06,21,46,8.9,,
701,3/20/25 10:36,22,45.5,9.7,,
702,3/20/25 11:06,22,44.5,9.4,,
703,3/20/25 11:36,22.5,44,9.6,,
704,3/20/25 12:06,22.5,44,9.6,,
705,3/20/25 12:36,22,45,9.5,,
706,3/20/25 13:06,22,48.5,10.6,,
707,3/20/25 13:36,21,50.5,10.3,,
708,3/20/25 14:06,21.5,47.5,9.9,,
709,3/20/25 14:36,22.5,45.5,10.1,,
710,3/20/25 15:06,22,45.5,9.7,,
711,3/20/25 15:36,20,48.5,8.8,,
712,3/20/25 16:06,17.5,53.5,8,,
713,3/20/25 16:36,16.5,54.5,7.3,,
714,3/20/25 17:06,15.5,55.5,6.6,,
715,3/20/25 17:36,14.5,55,5.6,,
716,3/20/25 18:06,14.5,51,4.5,,
717,3/20/25 18:36,14,51.5,4.2,,
718,3/20/25 19:06,14,52.5,4.4,,
719,3/20/25 19:36,13.5,56,4.9,,
720,3/20/25 20:06,13.5,58.5,5.5,,
721,3/20/25 20:36,13.5,59,5.7,,
722,3/20/25 21:06,14,55.5,5.2,,
723,3/20/25 21:36,13.5,59,5.7,,
724,3/20/25 22:06,11,71,6,,
725,3/20/25 22:36,11,70,5.7,,
726,3/20/25 23:06,10.5,68,4.9,,
727,3/20/25 23:36,11.5,62.5,4.6,,
728,3/21/25 00:06,12,57.5,3.9,,
729,3/21/25 00:36,12,59,4.2,,
730,3/21/25 01:06,11.5,59.5,3.9,,
731,3/21/25 01:36,10.5,63,3.8,,
732,3/21/25 02:06,10,65.5,3.8,,
733,3/21/25 02:36,11.5,62,4.5,,
734,3/21/25 03:06,13,59.5,5.3,,
735,3/21/25 03:36,13,61,5.7,,
736,3/21/25 04:06,13,59.5,5.3,,
737,3/21/25 04:36,13,59.5,5.3,,
738,3/21/25 05:06,12.5,61.5,5.3,,
739,3/21/25 05:36,12.5,60.5,5.1,,
740,3/21/25 06:06,13,58.5,5.1,,
741,3/21/25 06:36,13.5,58.5,5.5,,
742,3/21/25 07:06,17.5,49,6.7,,
743,3/21/25 07:36,19,44.5,6.6,,
744,3/21/25 08:06,21,39,6.5,,
745,3/21/25 08:36,22.5,41.5,8.8,,
746,3/21/25 09:06,25,36.5,9.1,,
747,3/21/25 09:36,24,39,9.2,,
748,3/21/25 10:06,25.5,36.5,9.5,,
749,3/21/25 10:36,25,38,9.7,,
750,3/21/25 11:06,25.5,38,10.1,,
751,3/21/25 11:36,25.5,37.5,9.9,,
752,3/21/25 12:06,25.5,37.5,9.9,,
753,3/21/25 12:36,25.5,39,10.5,,
754,3/21/25 13:06,23.5,42.5,10,,
755,3/21/25 13:36,22.5,43,9.3,,
756,3/21/25 14:06,23,40.5,8.9,,
757,3/21/25 14:36,23.5,38,8.4,,
758,3/21/25 15:06,23,37.5,7.7,,
759,3/21/25 15:36,21.5,37,6.2,,
760,3/21/25 16:06,18.5,44,6,,
761,3/21/25 16:36,17.5,46,5.8,,
762,3/21/25 17:06,16.5,45.5,4.7,,
763,3/21/25 17:36,15,51.5,5.1,,
764,3/21/25 18:06,15.5,45,3.6,,
765,3/21/25 18:36,15,44,2.9,,
766,3/21/25 19:06,14.5,49.5,4.1,,
767,3/21/25 19:36,14,50.5,3.9,,
768,3/21/25 20:06,13,61.5,5.8,,
769,3/21/25 20:36,12.5,66,6.3,,
770,3/21/25 21:06,12,69.5,6.6,,
771,3/21/25 21:36,12.5,67,6.5,,
772,3/21/25 22:06,12,66,5.9,,
773,3/21/25 22:36,11.5,70,6.2,,
774,3/21/25 23:06,11,70.5,5.9,,
775,3/21/25 23:36,10.5,71,5.5,,
776,3/22/25 00:06,11.5,67,5.6,,
777,3/22/25 00:36,11,73.5,6.5,,
778,3/22/25 01:06,11,72.5,6.3,,
779,3/22/25 01:36,11,69,5.5,,
780,3/22/25 02:06,11,64.5,4.6,,
781,3/22/25 02:36,12,62.5,5.1,,
782,3/22/25 03:06,12.5,60,5,,
783,3/22/25 03:36,11,62.5,4.1,,
784,3/22/25 04:06,10.5,66,4.4,,
785,3/22/25 04:36,10.5,65.5,4.3,,
786,3/22/25 05:06,12,63,5.2,,
787,3/22/25 05:36,12,60.5,4.6,,
788,3/22/25 06:06,12,61,4.7,,
789,3/22/25 06:36,13.5,59.5,5.8,,
790,3/22/25 07:06,17,52.5,7.2,,
791,3/22/25 07:36,19.5,47,7.9,,
792,3/22/25 08:06,20.5,46.5,8.7,,
793,3/22/25 08:36,22.5,42,9,,
794,3/22/25 09:06,23,42.5,9.6,,
795,3/22/25 09:36,24.5,40.5,10.2,,
796,3/22/25 10:06,24,43.5,10.8,,
797,3/22/25 10:36,23,44,10.1,,
798,3/22/25 11:06,28,36.5,11.8,,
799,3/22/25 11:36,28.5,34,11.1,,
800,3/22/25 12:06,26,38,10.6,,
801,3/22/25 12:36,27,36,10.7,,
802,3/22/25 13:06,27.5,35.5,10.9,,
803,3/22/25 13:36,24,39.5,9.4,,
804,3/22/25 14:06,24.5,37.5,9.1,,
805,3/22/25 14:36,23,40.5,8.9,,
806,3/22/25 15:06,23.5,40.5,9.3,,
807,3/22/25 15:36,21,46.5,9.1,,
808,3/22/25 16:06,19,48.5,7.9,,
809,3/22/25 16:36,17.5,55.5,8.5,,
810,3/22/25 17:06,16,61,8.5,,
811,3/22/25 17:36,16,58,7.7,,
812,3/22/25 18:06,16.5,54.5,7.3,,
813,3/22/25 18:36,15.5,56.5,6.9,,
814,3/22/25 19:06,15.5,58,7.3,,
815,3/22/25 19:36,14.5,63.5,7.7,,
816,3/22/25 20:06,13.5,68,7.7,,
817,3/22/25 20:36,13,68.5,7.3,,
818,3/22/25 21:06,12.5,73,7.8,,
819,3/22/25 21:36,12,79,8.5,,
820,3/22/25 22:06,11.5,79.5,8.1,,
821,3/22/25 22:36,11.5,79.5,8.1,,
822,3/22/25 23:06,13,72.5,8.2,,
823,3/22/25 23:36,13,71,7.9,,
824,3/23/25 00:06,13,69.5,7.6,,
825,3/23/25 00:36,11.5,78,7.8,,
826,3/23/25 01:06,12,76.5,8,,
827,3/23/25 01:36,12,77,8.1,,
828,3/23/25 02:06,12,77.5,8.2,,
829,3/23/25 02:36,12.5,73,7.8,,
830,3/23/25 03:06,11.5,79,8,,
831,3/23/25 03:36,11.5,79,8,,
832,3/23/25 04:06,11.5,80,8.2,,
833,3/23/25 04:36,11,80,7.7,,
834,3/23/25 05:06,11,82,8,,
835,3/23/25 05:36,10.5,83.5,7.8,,
836,3/23/25 06:06,11.5,77.5,7.7,,
837,3/23/25 06:36,13.5,72.5,8.7,,
838,3/23/25 07:06,18,58.5,9.7,,
839,3/23/25 07:36,20,51,9.6,,
840,3/23/25 08:06,22,47,10.2,,
841,3/23/25 08:36,23.5,44.5,10.7,,
842,3/23/25 09:06,22,52,11.7,,
843,3/23/25 09:36,23,47.5,11.2,,
844,3/23/25 10:06,24,42,10.3,,
845,3/23/25 10:36,23.5,44.5,10.7,,
846,3/23/25 11:06,23.5,42.5,10,,
847,3/23/25 11:36,23,45.5,10.6,,
848,3/23/25 12:06,22.5,47.5,10.8,,
849,3/23/25 12:36,22,48,10.5,,
850,3/23/25 13:06,22,50,11.1,,
851,3/23/25 13:36,21.5,53,11.5,,
852,3/23/25 14:06,21,51,10.5,,
853,3/23/25 14:36,21,52.5,10.9,,
854,3/23/25 15:06,20.5,53,10.6,,
855,3/23/25 15:36,20,55,10.7,,
856,3/23/25 16:06,18.5,60.5,10.7,,
857,3/23/25 16:36,16,68,10.1,,
858,3/23/25 17:06,16,69,10.3,,
859,3/23/25 17:36,15.5,71,10.3,,
860,3/23/25 18:06,15,71,9.8,,
861,3/23/25 18:36,15,69,9.4,,
862,3/23/25 19:06,15,68.5,9.3,,
863,3/23/25 19:36,13,76,8.9,,
864,3/23/25 20:06,13,77,9.1,,
865,3/23/25 20:36,13,81,9.8,,
866,3/23/25 21:06,12.5,85,10,,
867,3/23/25 21:36,11,88.5,9.2,,
868,3/23/25 22:06,10.5,89.5,8.8,,
869,3/23/25 22:36,10.5,89.5,8.8,,
870,3/23/25 23:06,9.5,91.5,8.2,,
871,3/23/25 23:36,10.5,91.5,9.2,,
872,3/24/25 00:06,11.5,94.5,10.6,,
873,3/24/25 00:36,12.5,92.5,11.3,,
874,3/24/25 01:06,13,88,11.1,,
875,3/24/25 01:36,13.5,86,11.2,,
876,3/24/25 02:06,12.5,91.5,11.2,,
877,3/24/25 02:36,12,93.5,11,,
878,3/24/25 03:06,13.5,86.5,11.3,,
879,3/24/25 03:36,13,88,11.1,,
880,3/24/25 04:06,13,88,11.1,,
881,3/24/25 04:36,12.5,88.5,10.7,,
882,3/24/25 05:06,10.5,91.5,9.2,,
883,3/24/25 05:36,11,93,9.9,,
884,3/24/25 06:06,11,92,9.8,,
885,3/24/25 06:36,11,94,10.1,,
886,3/24/25 07:06,12,96.5,11.5,,
887,3/24/25 07:36,13,96,12.4,,
888,3/24/25 08:06,17,77.5,13,,
889,3/24/25 08:36,20,65.5,13.3,,
890,3/24/25 09:06,20.5,61.5,12.8,,
891,3/24/25 09:36,21.5,56.5,12.5,,
892,3/24/25 10:06,21,57.5,12.3,,
893,3/24/25 10:36,21.5,59,13.2,,
894,3/24/25 11:06,22,59,13.6,,
895,3/24/25 11:36,22.5,57,13.6,,
896,3/24/25 12:06,22.5,56,13.3,,
897,3/24/25 12:36,23,56.5,13.9,,
898,3/24/25 13:06,25,51.5,14.3,,
899,3/24/25 13:36,26,49.5,14.6,,
900,3/24/25 14:06,26,49,14.5,,
901,3/24/25 14:36,28.5,39.5,13.4,,
902,3/24/25 15:06,27.5,41,13.1,,
903,3/24/25 15:36,25.5,47.5,13.5,,
904,3/24/25 16:06,20.5,57.5,11.8,,
905,3/24/25 16:36,18,64.5,11.2,,
906,3/24/25 17:06,17,66,10.6,,
907,3/24/25 17:36,16,69,10.3,,
908,3/24/25 18:06,14.5,74.5,10,,
909,3/24/25 18:36,13.5,78.5,9.8,,
910,3/24/25 19:06,12.5,82,9.5,,
911,3/24/25 19:36,12,83.5,9.3,,
912,3/24/25 20:06,12.5,81.5,9.4,,
913,3/24/25 20:36,13.5,77.5,9.6,,
914,3/24/25 21:06,13,82.5,10.1,,
915,3/24/25 21:36,12.5,89,10.7,,
916,3/24/25 22:06,12.5,89.5,10.8,,
917,3/24/25 22:36,12,92,10.7,,
918,3/24/25 23:06,12.5,94,11.6,,
919,3/24/25 23:36,13,93,11.9,,
920,3/25/25 00:06,13,91,11.6,,
921,3/25/25 00:36,13.5,90.5,12,,
922,3/25/25 01:06,13,94,12.1,,
923,3/25/25 01:36,13,94,12.1,,
924,3/25/25 02:06,12.5,96.5,12,,
925,3/25/25 02:36,12,97,11.5,,
926,3/25/25 03:06,12,97.5,11.6,,
927,3/25/25 03:36,11.5,97.5,11.1,,
928,3/25/25 04:06,11.5,97.5,11.1,,
929,3/25/25 04:36,11.5,97.5,11.1,,
930,3/25/25 05:06,12,97.5,11.6,,
931,3/25/25 05:36,12,97,11.5,,
932,3/25/25 06:06,12,97,11.5,,
933,3/25/25 06:36,12,96.5,11.5,,
934,3/25/25 07:06,12.5,95.5,11.8,,
935,3/25/25 07:36,12.5,94.5,11.6,,
936,3/25/25 08:06,13,94,12.1,,
937,3/25/25 08:36,13,93,11.9,,
938,3/25/25 09:06,12.5,93.5,11.5,,
939,3/25/25 09:36,13.5,91.5,12.1,,
940,3/25/25 10:06,14,88.5,12.1,,
941,3/25/25 10:36,14.5,86.5,12.3,,
942,3/25/25 11:06,14.5,87,12.4,,
943,3/25/25 11:36,15,83.5,12.2,,
944,3/25/25 12:06,15,82.5,12,,
945,3/25/25 12:36,16,79.5,12.5,,
946,3/25/25 13:06,16.5,76.5,12.4,,
947,3/25/25 13:36,16.5,77,12.5,,
948,3/25/25 14:06,18,71.5,12.8,,
949,3/25/25 14:36,19.5,67,13.2,,
950,3/25/25 15:06,17.5,70,12,,
951,3/25/25 15:36,15.5,78,11.7,,
952,3/25/25 16:06,14.5,81,11.3,,
953,3/25/25 16:36,14,83,11.2,,
954,3/25/25 17:06,13.5,85,11,,
955,3/25/25 17:36,13,86.5,10.8,,
956,3/25/25 18:06,13,87,10.9,,
957,3/25/25 18:36,13,87.5,11,,
958,3/25/25 19:06,12.5,89,10.7,,
959,3/25/25 19:36,12.5,90,10.9,,
960,3/25/25 20:06,12.5,90,10.9,,
961,3/25/25 20:36,12.5,90,10.9,,
962,3/25/25 21:06,12.5,90.5,11,,
963,3/25/25 21:36,12.5,90.5,11,,
964,3/25/25 22:06,12.5,90.5,11,,
965,3/25/25 22:36,12.5,89.5,10.8,,
966,3/25/25 23:06,12.5,89,10.7,,
967,3/25/25 23:36,12.5,89,10.7,,
968,3/26/25 00:06,12.5,89,10.7,,
969,3/26/25 00:36,12.5,88.5,10.7,,
970,3/26/25 01:06,12.5,88.5,10.7,,
971,3/26/25 01:36,12.5,88,10.6,,
972,3/26/25 02:06,12.5,87.5,10.5,,
973,3/26/25 02:36,12.5,87,10.4,,
974,3/26/25 03:06,12.5,88,10.6,,
975,3/26/25 03:36,12,93,10.9,,
976,3/26/25 04:06,12,93,10.9,,
977,3/26/25 04:36,12,93.5,11,,
978,3/26/25 05:06,12,93.5,11,,
979,3/26/25 05:36,12,91.5,10.7,,
980,3/26/25 06:06,12.5,90,10.9,,
981,3/26/25 06:36,12.5,86,10.2,,
982,3/26/25 07:06,13,91.5,11.6,,
983,3/26/25 07:36,13,90,11.4,,
984,3/26/25 08:06,13.5,88.5,11.6,,
985,3/26/25 08:36,13.5,87,11.4,,
986,3/26/25 09:06,14.5,81.5,11.4,,
987,3/26/25 09:36,15.5,78,11.7,,
988,3/26/25 10:06,15,83.5,12.2,,
989,3/26/25 10:36,15.5,80.5,12.2,,
990,3/26/25 11:06,16,80.5,12.6,,
991,3/26/25 11:36,17,76,12.7,,
992,3/26/25 12:06,17.5,73,12.6,,
993,3/26/25 12:36,19,63,11.8,,
994,3/26/25 13:06,18.5,65,11.8,,
995,3/26/25 13:36,18,67.5,11.9,,
996,3/26/25 14:06,18,65.5,11.4,,
997,3/26/25 14:36,18,64,11.1,,
998,3/26/25 15:06,17,72,11.9,,
999,3/26/25 15:36,17.5,68,11.5,,
1000,3/26/25 16:06,16.5,69.5,10.9,,
1001,3/26/25 16:36,16,71,10.7,,
1002,3/26/25 17:06,15.5,71.5,10.4,,
1003,3/26/25 17:36,15,76,10.8,,
1004,3/26/25 18:06,14,78,10.2,,
1005,3/26/25 18:36,13,80,9.6,,
1006,3/26/25 19:06,13,82.5,10.1,,
1007,3/26/25 19:36,13,83,10.2,,
1008,3/26/25 20:06,13,83.5,10.3,,
1009,3/26/25 20:36,13,84.5,10.5,,
1010,3/26/25 21:06,11.5,86.5,9.3,,
1011,3/26/25 21:36,11.5,89.5,9.8,,
1012,3/26/25 22:06,11,89,9.3,,
1013,3/26/25 22:36,11,90.5,9.5,,
1014,3/26/25 23:06,10,91.5,8.7,,
1015,3/26/25 23:36,9.5,93.5,8.5,,
1016,3/27/25 00:06,9.5,95,8.7,,
1017,3/27/25 00:36,10.5,94,9.6,,
1018,3/27/25 01:06,11,91.5,9.7,,
1019,3/27/25 01:36,10,93,8.9,,
1020,3/27/25 02:06,10,95,9.2,,
1021,3/27/25 02:36,10,93.5,9,,
1022,3/27/25 03:06,10.5,93.5,9.5,,
1023,3/27/25 03:36,10.5,91.5,9.2,,
1024,3/27/25 04:06,10.5,92.5,9.3,,
1025,3/27/25 04:36,10.5,92.5,9.3,,
1026,3/27/25 05:06,11,91.5,9.7,,
1027,3/27/25 05:36,10,93.5,9,,
1028,3/27/25 06:06,10,94,9.1,,
1029,3/27/25 06:36,11,93.5,10,,
1030,3/27/25 07:06,13.5,88,11.6,,
1031,3/27/25 07:36,15,81.5,11.9,,
1032,3/27/25 08:06,16,80.5,12.6,,
1033,3/27/25 08:36,17,82,13.9,,
1034,3/27/25 09:06,19.5,71,14.1,,
1035,3/27/25 09:36,18.5,72.5,13.5,,
1036,3/27/25 10:06,21,66.5,14.5,,
1037,3/27/25 10:36,21.5,64.5,14.5,,
1038,3/27/25 11:06,23,61,15.1,,
1039,3/27/25 11:36,23.5,58.5,14.9,,
1040,3/27/25 12:06,23.5,56.5,14.4,,
1041,3/27/25 12:36,23.5,55.5,14.1,,
1042,3/27/25 13:06,21.5,59.5,13.3,,
1043,3/27/25 13:36,21,63.5,13.8,,
1044,3/27/25 14:06,22,59,13.6,,
1045,3/27/25 14:36,22.5,54.5,12.9,,
1046,3/27/25 15:06,21.5,55.5,12.2,,
1047,3/27/25 15:36,18.5,67,12.3,,
1048,3/27/25 16:06,17,70,11.5,,
1049,3/27/25 16:36,15.5,73.5,10.8,,
1050,3/27/25 17:06,16.5,68.5,10.7,,
1051,3/27/25 17:36,15.5,69.5,10,,
1052,3/27/25 18:06,14.5,74.5,10,,
1053,3/27/25 18:36,13.5,73,8.8,,
1054,3/27/25 19:06,13.5,77.5,9.6,,
1055,3/27/25 19:36,13.5,81,10.3,,
1056,3/27/25 20:06,13.5,81.5,10.4,,
1057,3/27/25 20:36,13.5,78.5,9.8,,
1058,3/27/25 21:06,13.5,79,9.9,,
1059,3/27/25 21:36,13.5,78.5,9.8,,
1060,3/27/25 22:06,13.5,79.5,10,,
1061,3/27/25 22:36,13,83.5,10.3,,
1062,3/27/25 23:06,13,86,10.7,,
1063,3/27/25 23:36,13,84,10.4,,
1064,3/28/25 00:06,12.5,83.5,9.8,,
1065,3/28/25 00:36,12.5,82,9.5,,
1066,3/28/25 01:06,12.5,81,9.3,,
1067,3/28/25 01:36,13,79.5,9.5,,
1068,3/28/25 02:06,13,80,9.6,,
1069,3/28/25 02:36,12.5,82.5,9.6,,
1070,3/28/25 03:06,11.5,85,9.1,,
1071,3/28/25 03:36,11,86.5,8.8,,
1072,3/28/25 04:06,11,88,9.1,,
1073,3/28/25 04:36,10.5,88.5,8.7,,
1074,3/28/25 05:06,11,88.5,9.2,,
1075,3/28/25 05:36,10.5,88,8.6,,
1076,3/28/25 06:06,10,87,7.9,,
1077,3/28/25 06:36,12,81.5,8.9,,
1078,3/28/25 07:06,17,66,10.6,,
1079,3/28/25 07:36,19,58.5,10.7,,
1080,3/28/25 08:06,20.5,53,10.6,,
1081,3/28/25 08:36,21.5,52.5,11.4,,
1082,3/28/25 09:06,22,50.5,11.3,,
1083,3/28/25 09:36,23,46,10.8,,
1084,3/28/25 10:06,23,47,11.1,,
1085,3/28/25 10:36,22.5,50,11.6,,
1086,3/28/25 11:06,23,52.5,12.8,,
1087,3/28/25 11:36,22.5,50.5,11.7,,
1088,3/28/25 12:06,22.5,52,12.2,,
1089,3/28/25 12:36,22,53.5,12.1,,
1090,3/28/25 13:06,22.5,53,12.4,,
1091,3/28/25 13:36,21.5,54,11.8,,
1092,3/28/25 14:06,21,53.5,11.2,,
1093,3/28/25 14:36,21,53,11.1,,
1094,3/28/25 15:06,21.5,50.5,10.8,,
1095,3/28/25 15:36,19,53,9.2,,
1096,3/28/25 16:06,18,57.5,9.5,,
1097,3/28/25 16:36,16,62,8.7,,
1098,3/28/25 17:06,15.5,64.5,8.8,,
1099,3/28/25 17:36,14,61,6.6,,
1100,3/28/25 18:06,13,65,6.6,,
1101,3/28/25 18:36,12.5,67,6.5,,
1102,3/28/25 19:06,12,67,6.1,,
1103,3/28/25 19:36,12,66.5,6,,
1104,3/28/25 20:06,11.5,73,6.8,,
1105,3/28/25 20:36,11.5,73.5,6.9,,
1106,3/28/25 21:06,11.5,74.5,7.1,,
1107,3/28/25 21:36,11,75,6.7,,
1108,3/28/25 22:06,11,72.5,6.3,,
1109,3/28/25 22:36,11.5,70.5,6.3,,
1110,3/28/25 23:06,11.5,74,7,,
1111,3/28/25 23:36,11,78,7.3,,
1112,3/29/25 00:06,11,76.5,7,,
1113,3/29/25 00:36,11,74.5,6.6,,
1114,3/29/25 01:06,11,74,6.6,,
1115,3/29/25 01:36,10.5,76,6.5,,
1116,3/29/25 02:06,10.5,78.5,6.9,,
1117,3/29/25 02:36,10.5,73.5,6,,
1118,3/29/25 03:06,10,77.5,6.3,,
1119,3/29/25 03:36,9.5,82,6.6,,
1120,3/29/25 04:06,9.5,81,6.4,,
1121,3/29/25 04:36,9.5,77.5,5.8,,
1122,3/29/25 05:06,10,74.5,5.7,,
1123,3/29/25 05:36,9.5,78,5.9,,
1124,3/29/25 06:06,9,78.5,5.5,,
1125,3/29/25 06:36,11,72.5,6.3,,
1126,3/29/25 07:06,15,60,7.3,,
1127,3/29/25 07:36,17,53,7.4,,
1128,3/29/25 08:06,18.5,47,7,,
1129,3/29/25 08:36,17.5,50,7,,
1130,3/29/25 09:06,21,45.5,8.8,,
1131,3/29/25 09:36,21.5,42.5,8.2,,
1132,3/29/25 10:06,19.5,47.5,8.1,,
1133,3/29/25 10:36,20.5,45,8.2,,
1134,3/29/25 11:06,22,43.5,9,,
1135,3/29/25 11:36,21,44.5,8.5,,
1136,3/29/25 12:06,21.5,43.5,8.6,,
1137,3/29/25 12:36,21,41.5,7.4,,
1138,3/29/25 13:06,21,42.5,7.8,,
1139,3/29/25 13:36,21,42.5,7.8,,
1140,3/29/25 14:06,20,45,7.7,,
1141,3/29/25 14:36,17.5,55,8.4,,
1142,3/29/25 15:06,17,58,8.7,,
1143,3/29/25 15:36,15.5,61.5,8.1,,
1144,3/29/25 16:06,15.5,63.5,8.6,,
1145,3/29/25 16:36,15,60,7.3,,
1146,3/29/25 17:06,14,62,6.8,,
1147,3/29/25 17:36,13.5,64,6.8,,
1148,3/29/25 18:06,12.5,67.5,6.7,,
1149,3/29/25 18:36,12,68,6.3,,
1150,3/29/25 19:06,18,62,10.6,,
1151,3/29/25 19:36,18,59.5,10,,
1152,3/29/25 20:06,18,59,9.9,,
1153,3/29/25 20:36,17.5,58.5,9.3,,
1154,3/29/25 21:06,17,58.5,8.8,,
1155,3/29/25 21:36,16.5,58.5,8.3,,
1156,3/29/25 22:06,16,58.5,7.9,,
1157,3/29/25 22:36,16,58.5,7.9,,
1158,3/29/25 23:06,15.5,58.5,7.4,,
1159,3/29/25 23:36,15.5,58.5,7.4,,
1160,3/30/25 00:06,15,58.5,6.9,,
1161,3/30/25 00:36,15,58.5,6.9,,
1162,3/30/25 01:06,15,58.5,6.9,,
1163,3/30/25 01:36,14.5,59,6.6,,
1164,3/30/25 02:06,14.5,59,6.6,,
1165,3/30/25 02:36,14.5,59,6.6,,
1166,3/30/25 03:06,14,59.5,6.2,,
1167,3/30/25 03:36,14,59.5,6.2,,
1168,3/30/25 04:06,14,59.5,6.2,,
1169,3/30/25 04:36,14,60,6.4,,
1170,3/30/25 05:06,13.5,60,5.9,,
1171,3/30/25 05:36,13.5,60,5.9,,
1172,3/30/25 06:06,13.5,60,5.9,,
1173,3/30/25 06:36,13.5,60,5.9,,
1174,3/30/25 07:06,13.5,60.5,6,,
1175,3/30/25 07:36,13.5,60.5,6,,
1176,3/30/25 08:06,13.5,60.5,6,,
1177,3/30/25 08:36,13.5,61,6.1,,
1178,3/30/25 09:06,13.5,61,6.1,,
1179,3/30/25 09:36,13.5,61,6.1,,
1180,3/30/25 10:06,14,61.5,6.7,,
1181,3/30/25 10:36,14.5,61.5,7.2,,
1182,3/30/25 11:06,14.5,61.5,7.2,,
1183,3/30/25 11:36,15,61.5,7.7,,
1184,3/30/25 12:06,15,62,7.8,,
1185,3/30/25 12:36,16.5,64,9.7,,