CojoHQ,Time,Celsius(°C),Humidity(%rh),Dew Point(°C),Comments,Serial Number
1,2025-03-31 09:00:00,20.5,58.5,12.1,,065051692
2,2025-03-31 09:30:00,20.5,58.5,12.1,
3,2025-03-31 10:00:00,20.5,58.5,12.1,
4,2025-03-31 10:30:00,20.5,58.5,12.1,
5,2025-03-31 11:00:00,20.5,58.5,12.1,
6,2025-03-31 11:30:00,20.5,58.5,12.1,
7,2025-03-31 12:00:00,21.0,58.5,12.6,
8,2025-03-31 12:30:00,21.0,58.5,12.6,
9,2025-03-31 13:00:00,21.0,58.5,12.6,
10,2025-03-31 13:30:00,21.0,58.5,12.6,
11,2025-03-31 14:00:00,21.0,58.5,12.6,
12,2025-03-31 14:30:00,21.5,58.5,13.0,
13,2025-03-31 15:00:00,21.5,58.5,13.0,
14,2025-03-31 15:30:00,21.5,58.5,13.0,
15,2025-03-31 16:00:00,22.0,58.5,13.5,
16,2025-03-31 16:30:00,22.0,58.5,13.5,
17,2025-03-31 17:00:00,22.0,58.5,13.5,
18,2025-03-31 17:30:00,22.0,58.5,13.5,
19,2025-03-31 18:00:00,22.0,58.5,13.5,
20,2025-03-31 18:30:00,22.0,58.5,13.5,
21,2025-03-31 19:00:00,22.0,58.5,13.5,
22,2025-03-31 19:30:00,21.5,58.5,13.0,
23,2025-03-31 20:00:00,21.5,58.5,13.0,
24,2025-03-31 20:30:00,21.0,58.5,12.6,
25,2025-03-31 21:00:00,21.0,58.5,12.6,
26,2025-03-31 21:30:00,20.5,58.5,12.1,
27,2025-03-31 22:00:00,20.5,58.5,12.1,
28,2025-03-31 22:30:00,20.5,58.5,12.1,
29,2025-03-31 23:00:00,20.5,58.5,12.1,
30,2025-03-31 23:30:00,20.0,58.5,11.6,
31,2025-04-01 00:00:00,20.0,58.5,11.6,
32,2025-04-01 00:30:00,20.0,58.5,11.6,
33,2025-04-01 01:00:00,20.0,58.5,11.6,
34,2025-04-01 01:30:00,20.0,58.5,11.6,
35,2025-04-01 02:00:00,20.0,58.5,11.6,
36,2025-04-01 02:30:00,20.0,58.5,11.6,
37,2025-04-01 03:00:00,20.0,58.0,11.5,
38,2025-04-01 03:30:00,20.0,58.0,11.5,
39,2025-04-01 04:00:00,19.5,58.0,11.0,
40,2025-04-01 04:30:00,19.5,58.0,11.0,
41,2025-04-01 05:00:00,19.5,58.0,11.0,
42,2025-04-01 05:30:00,19.5,57.5,10.9,
43,2025-04-01 06:00:00,19.5,57.5,10.9,
44,2025-04-01 06:30:00,20.0,57.5,11.4,
45,2025-04-01 07:00:00,20.0,57.5,11.4,
46,2025-04-01 07:30:00,20.0,57.5,11.4,
47,2025-04-01 08:00:00,20.0,57.0,11.2,
48,2025-04-01 08:30:00,20.0,57.0,11.2,
49,2025-04-01 09:00:00,20.0,57.0,11.2,
50,2025-04-01 09:30:00,20.0,56.5,11.1,
51,2025-04-01 10:00:00,20.0,56.5,11.1,
52,2025-04-01 10:30:00,20.0,56.5,11.1,
53,2025-04-01 11:00:00,20.0,56.5,11.1,
54,2025-04-01 11:30:00,20.0,56.5,11.1,
55,2025-04-01 12:00:00,20.5,56.0,11.4,
56,2025-04-01 12:30:00,20.5,56.0,11.4,
57,2025-04-01 13:00:00,20.5,56.0,11.4,
58,2025-04-01 13:30:00,21.0,56.0,11.9,
59,2025-04-01 14:00:00,20.0,52.5,10.0,
60,2025-04-01 14:30:00,20.0,52.0,9.9,
61,2025-04-01 15:00:00,20.5,52.0,10.3,
62,2025-04-01 15:30:00,20.5,53.0,10.6,
63,2025-04-01 16:00:00,18.0,57.0,9.4,
64,2025-04-01 16:30:00,16.0,64.5,9.3,
65,2025-04-01 17:00:00,15.0,68.0,9.1,
66,2025-04-01 17:30:00,14.0,71.0,8.8,
67,2025-04-01 18:00:00,14.0,69.0,8.4,
68,2025-04-01 18:30:00,13.5,66.5,7.4,
69,2025-04-01 19:00:00,12.0,69.5,6.6,
70,2025-04-01 19:30:00,11.5,71.5,6.5,
71,2025-04-01 20:00:00,11.0,75.0,6.7,
72,2025-04-01 20:30:00,11.0,75.5,6.8,
73,2025-04-01 21:00:00,10.5,78.0,6.8,
74,2025-04-01 21:30:00,9.5,78.0,5.9,
75,2025-04-01 22:00:00,10.5,78.0,6.8,
76,2025-04-01 22:30:00,10.0,77.5,6.3,
77,2025-04-01 23:00:00,10.5,77.5,6.7,
78,2025-04-01 23:30:00,9.5,76.0,5.5,
79,2025-04-02 00:00:00,9.0,78.0,5.4,
80,2025-04-02 00:30:00,9.5,81.5,6.5,
81,2025-04-02 01:00:00,9.0,85.0,6.6,
82,2025-04-02 01:30:00,9.0,86.5,6.9,
83,2025-04-02 02:00:00,8.0,88.0,6.1,
84,2025-04-02 02:30:00,8.5,87.5,6.5,
85,2025-04-02 03:00:00,9.0,86.5,6.9,
86,2025-04-02 03:30:00,8.5,85.5,6.2,
87,2025-04-02 04:00:00,8.5,86.5,6.4,
88,2025-04-02 04:30:00,8.5,87.5,6.5,
89,2025-04-02 05:00:00,9.0,83.5,6.4,
90,2025-04-02 05:30:00,8.5,86.0,6.3,
91,2025-04-02 06:00:00,9.0,86.5,6.9,
92,2025-04-02 06:30:00,8.5,84.0,6.0,
93,2025-04-02 07:00:00,8.5,85.5,6.2,
94,2025-04-02 07:30:00,9.5,85.5,7.2,
95,2025-04-02 08:00:00,10.0,85.5,7.7,
96,2025-04-02 08:30:00,13.0,78.5,9.4,
97,2025-04-02 09:00:00,15.0,69.0,9.4,
98,2025-04-02 09:30:00,16.5,63.0,9.4,
99,2025-04-02 10:00:00,18.0,59.5,10.0,
100,2025-04-02 10:30:00,18.5,55.5,9.4,
101,2025-04-02 11:00:00,19.0,50.0,8.4,
102,2025-04-02 11:30:00,20.0,46.5,8.2,
103,2025-04-02 12:00:00,21.0,47.5,9.4,
104,2025-04-02 12:30:00,20.5,47.5,9.0,
105,2025-04-02 13:00:00,21.5,45.0,9.1,
106,2025-04-02 13:30:00,21.0,45.0,8.6,
107,2025-04-02 14:00:00,20.0,50.5,9.4,
108,2025-04-02 14:30:00,20.0,49.5,9.1,
109,2025-04-02 15:00:00,19.5,47.5,8.1,
110,2025-04-02 15:30:00,19.5,45.5,7.4,
111,2025-04-02 16:00:00,19.0,49.0,8.1,
112,2025-04-02 16:30:00,18.0,49.5,7.3,
113,2025-04-02 17:00:00,17.0,52.0,7.1,
114,2025-04-02 17:30:00,14.5,58.0,6.3,
115,2025-04-02 18:00:00,13.5,59.5,5.8,
116,2025-04-02 18:30:00,12.5,63.5,5.8,
117,2025-04-02 19:00:00,12.0,66.5,6.0,
118,2025-04-02 19:30:00,11.0,68.5,5.4,
119,2025-04-02 20:00:00,10.5,69.5,5.2,
120,2025-04-02 20:30:00,10.0,71.5,5.1,
121,2025-04-02 21:00:00,10.0,72.0,5.2,
122,2025-04-02 21:30:00,10.0,75.5,5.9,
123,2025-04-02 22:00:00,9.5,75.5,5.4,
124,2025-04-02 22:30:00,9.5,74.5,5.2,
125,2025-04-02 23:00:00,9.0,75.5,4.9,
126,2025-04-02 23:30:00,9.0,76.0,5.0,
127,2025-04-03 00:00:00,9.0,75.5,4.9,
128,2025-04-03 00:30:00,9.5,76.5,5.6,
129,2025-04-03 01:00:00,9.5,76.0,5.5,
130,2025-04-03 01:30:00,9.0,77.5,5.3,
131,2025-04-03 02:00:00,9.0,78.0,5.4,
132,2025-04-03 02:30:00,9.0,79.5,5.7,
133,2025-04-03 03:00:00,9.0,80.0,5.7,
134,2025-04-03 03:30:00,8.5,81.0,5.4,
135,2025-04-03 04:00:00,8.5,82.0,5.6,
136,2025-04-03 04:30:00,8.0,83.5,5.4,
137,2025-04-03 05:00:00,7.0,86.0,4.8,
138,2025-04-03 05:30:00,6.5,86.5,4.4,
139,2025-04-03 06:00:00,6.5,87.0,4.5,
140,2025-04-03 06:30:00,6.0,88.0,4.2,
141,2025-04-03 07:00:00,6.5,87.5,4.6,
142,2025-04-03 07:30:00,7.5,82.0,4.6,
143,2025-04-03 08:00:00,11.5,67.5,5.7,
144,2025-04-03 08:30:00,14.0,59.5,6.2,
145,2025-04-03 09:00:00,16.5,54.0,7.2,
146,2025-04-03 09:30:00,17.5,51.5,7.4,
147,2025-04-03 10:00:00,17.5,51.5,7.4,
148,2025-04-03 10:30:00,20.0,48.5,8.8,
149,2025-04-03 11:00:00,21.0,48.0,9.6,
150,2025-04-03 11:30:00,21.0,46.0,8.9,
151,2025-04-03 12:00:00,21.0,44.5,8.5,
152,2025-04-03 12:30:00,20.5,45.0,8.2,
153,2025-04-03 13:00:00,21.5,45.0,9.1,
154,2025-04-03 13:30:00,22.5,42.5,9.1,
155,2025-04-03 14:00:00,22.0,43.0,8.9,
156,2025-04-03 14:30:00,22.0,44.0,9.2,
157,2025-04-03 15:00:00,21.0,46.5,9.1,
158,2025-04-03 15:30:00,20.5,44.5,8.0,
159,2025-04-03 16:00:00,20.5,45.5,8.3,
160,2025-04-03 16:30:00,19.5,48.0,8.2,
161,2025-04-03 17:00:00,19.0,49.5,8.2,
162,2025-04-03 17:30:00,16.5,54.5,7.3,
163,2025-04-03 18:00:00,15.0,58.0,6.8,
164,2025-04-03 18:30:00,13.5,62.0,6.4,
165,2025-04-03 19:00:00,13.0,61.0,5.7,
166,2025-04-03 19:30:00,11.5,64.0,4.9,
167,2025-04-03 20:00:00,11.0,69.0,5.5,
168,2025-04-03 20:30:00,10.0,69.5,4.7,
169,2025-04-03 21:00:00,9.5,72.5,4.8,
170,2025-04-03 21:30:00,10.0,73.5,5.5,
171,2025-04-03 22:00:00,9.5,75.0,5.3,
172,2025-04-03 22:30:00,10.0,71.5,5.1,
173,2025-04-03 23:00:00,10.0,71.5,5.1,
174,2025-04-03 23:30:00,9.0,73.5,4.5,
175,2025-04-04 00:00:00,8.5,78.5,5.0,
176,2025-04-04 00:30:00,9.0,77.0,5.2,
177,2025-04-04 01:00:00,8.0,81.0,4.9,
178,2025-04-04 01:30:00,8.0,85.5,5.7,
179,2025-04-04 02:00:00,7.5,85.5,5.2,
180,2025-04-04 02:30:00,7.5,87.5,5.6,
181,2025-04-04 03:00:00,9.5,79.5,6.1,
182,2025-04-04 03:30:00,10.5,72.0,5.7,
183,2025-04-04 04:00:00,10.5,71.5,5.6,
184,2025-04-04 04:30:00,8.5,76.5,4.6,
185,2025-04-04 05:00:00,10.5,68.5,5.0,
186,2025-04-04 05:30:00,10.5,67.0,4.6,
187,2025-04-04 06:00:00,10.0,69.0,4.6,
188,2025-04-04 06:30:00,9.5,70.0,4.3,
189,2025-04-04 07:00:00,9.5,70.0,4.3,
190,2025-04-04 07:30:00,10.0,69.0,4.6,
191,2025-04-04 08:00:00,13.0,60.5,5.5,
192,2025-04-04 08:30:00,14.5,54.5,5.4,
193,2025-04-04 09:00:00,17.0,51.5,6.9,
194,2025-04-04 09:30:00,19.5,47.0,7.9,
195,2025-04-04 10:00:00,21.5,43.5,8.6,
196,2025-04-04 10:30:00,23.5,40.5,9.3,
197,2025-04-04 11:00:00,25.5,34.5,8.7,
198,2025-04-04 11:30:00,26.5,33.0,8.9,
199,2025-04-04 12:00:00,24.5,36.5,8.7,
200,2025-04-04 12:30:00,26.0,38.5,10.8,
201,2025-04-04 13:00:00,25.5,37.5,9.9,
202,2025-04-04 13:30:00,25.5,38.5,10.3,
203,2025-04-04 14:00:00,26.0,35.5,9.6,
204,2025-04-04 14:30:00,26.0,38.0,10.6,
205,2025-04-04 15:00:00,25.5,36.0,9.3,
206,2025-04-04 15:30:00,25.5,35.5,9.1,
207,2025-04-04 16:00:00,24.5,35.5,8.3,
208,2025-04-04 16:30:00,23.5,37.0,8.0,
209,2025-04-04 17:00:00,22.5,36.5,6.9,
210,2025-04-04 17:30:00,19.0,42.5,6.0,
211,2025-04-04 18:00:00,18.0,44.5,5.7,
212,2025-04-04 18:30:00,17.0,45.5,5.2,
213,2025-04-04 19:00:00,15.5,50.0,5.1,
214,2025-04-04 19:30:00,15.0,48.0,4.1,
215,2025-04-04 20:00:00,14.0,50.5,3.9,
216,2025-04-04 20:30:00,13.0,57.5,4.8,
217,2025-04-04 21:00:00,14.0,49.0,3.5,
218,2025-04-04 21:30:00,13.0,51.5,3.3,
219,2025-04-04 22:00:00,12.0,56.5,3.6,
220,2025-04-04 22:30:00,13.0,56.5,4.6,
221,2025-04-04 23:00:00,13.5,58.0,5.4,
222,2025-04-04 23:30:00,13.0,59.5,5.3,
223,2025-04-05 00:00:00,11.5,65.0,5.2,
224,2025-04-05 00:30:00,12.5,62.0,5.4,
225,2025-04-05 01:00:00,12.0,67.0,6.1,
226,2025-04-05 01:30:00,13.5,58.5,5.5,
227,2025-04-05 02:00:00,13.0,58.5,5.1,
228,2025-04-05 02:30:00,15.0,49.5,4.5,
229,2025-04-05 03:00:00,14.5,49.0,3.9,
230,2025-04-05 03:30:00,15.0,45.5,3.3,
231,2025-04-05 04:00:00,13.0,53.0,3.7,
232,2025-04-05 04:30:00,14.5,46.5,3.2,
233,2025-04-05 05:00:00,13.5,47.0,2.4,
234,2025-04-05 05:30:00,13.0,49.0,2.5,
235,2025-04-05 06:00:00,15.0,43.5,2.7,
236,2025-04-05 06:30:00,14.5,43.5,2.2,
237,2025-04-05 07:00:00,15.0,43.0,2.5,
238,2025-04-05 07:30:00,16.0,39.5,2.2,
239,2025-04-05 08:00:00,19.5,34.5,3.4,
240,2025-04-05 08:30:00,20.5,38.5,5.9,
241,2025-04-05 09:00:00,20.5,45.0,8.2,
242,2025-04-05 09:30:00,22.0,40.0,7.8,
243,2025-04-05 10:00:00,22.5,37.5,7.3,
244,2025-04-05 10:30:00,25.5,32.0,7.6,
245,2025-04-05 11:00:00,26.0,32.0,8.0,
246,2025-04-05 11:30:00,25.5,29.5,6.4,
247,2025-04-05 12:00:00,25.5,30.5,6.9,
248,2025-04-05 12:30:00,27.0,30.0,8.0,
249,2025-04-05 13:00:00,25.5,28.5,5.9,
250,2025-04-05 13:30:00,28.0,23.0,5.0,
251,2025-04-05 14:00:00,28.5,27.0,7.7,
252,2025-04-05 14:30:00,27.5,27.0,6.8,
253,2025-04-05 15:00:00,29.5,24.0,6.8,
254,2025-04-05 15:30:00,27.5,28.5,7.6,
255,2025-04-05 16:00:00,26.0,34.0,8.9,
256,2025-04-05 16:30:00,24.5,38.5,9.5,
257,2025-04-05 17:00:00,24.0,39.0,9.2,
258,2025-04-05 17:30:00,21.0,38.0,6.2,
259,2025-04-05 18:00:00,19.0,43.0,6.1,
260,2025-04-05 18:30:00,18.5,45.5,6.5,
261,2025-04-05 19:00:00,17.0,46.5,5.5,
262,2025-04-05 19:30:00,15.5,46.0,3.9,
263,2025-04-05 20:00:00,16.0,41.0,2.8,
264,2025-04-05 20:30:00,15.5,39.5,1.8,
265,2025-04-05 21:00:00,16.0,36.5,1.1,
266,2025-04-05 21:30:00,16.0,38.0,1.7,
267,2025-04-05 22:00:00,16.0,39.5,2.2,
268,2025-04-05 22:30:00,15.0,44.5,3.0,
269,2025-04-05 23:00:00,14.5,45.5,2.9,
270,2025-04-05 23:30:00,13.5,45.5,2.0,
271,2025-04-06 00:00:00,13.5,46.5,2.3,
272,2025-04-06 00:30:00,14.0,46.5,2.7,
273,2025-04-06 01:00:00,15.5,43.0,3.0,
274,2025-04-06 01:30:00,14.5,47.0,3.3,
275,2025-04-06 02:00:00,15.5,42.5,2.8,
276,2025-04-06 02:30:00,16.0,41.5,2.9,
277,2025-04-06 03:00:00,16.0,42.5,3.3,
278,2025-04-06 03:30:00,16.0,42.0,3.1,
279,2025-04-06 04:00:00,15.0,46.5,3.6,
280,2025-04-06 04:30:00,13.5,50.0,3.3,
281,2025-04-06 05:00:00,13.5,51.5,3.7,
282,2025-04-06 05:30:00,13.5,51.5,3.7,
283,2025-04-06 06:00:00,14.0,47.5,3.0,
284,2025-04-06 06:30:00,12.0,53.0,2.7,
285,2025-04-06 07:00:00,9.5,61.0,2.4,
286,2025-04-06 07:30:00,9.0,65.0,2.8,
287,2025-04-06 08:00:00,15.0,55.0,6.0,
288,2025-04-06 08:30:00,20.0,46.0,8.0,
289,2025-04-06 09:00:00,20.0,45.5,7.9,
290,2025-04-06 09:30:00,19.5,48.0,8.2,
291,2025-04-06 10:00:00,21.5,42.0,8.1,
292,2025-04-06 10:30:00,21.5,40.5,7.5,
293,2025-04-06 11:00:00,22.0,39.0,7.4,
294,2025-04-06 11:30:00,22.5,44.5,9.8,
295,2025-04-06 12:00:00,24.5,40.5,10.2,
296,2025-04-06 12:30:00,24.0,37.0,8.4,
297,2025-04-06 13:00:00,25.0,40.0,10.5,
298,2025-04-06 13:30:00,26.0,35.5,9.6,
299,2025-04-06 14:00:00,23.5,44.0,10.6,
300,2025-04-06 14:30:00,25.0,41.0,10.8,
301,2025-04-06 15:00:00,24.5,43.0,11.1,
302,2025-04-06 15:30:00,22.5,47.0,10.6,
303,2025-04-06 16:00:00,20.5,51.0,10.0,
304,2025-04-06 16:30:00,17.5,59.5,9.5,
305,2025-04-06 17:00:00,17.0,61.0,9.4,
306,2025-04-06 17:30:00,15.5,70.0,10.1,
307,2025-04-06 18:00:00,15.0,71.0,9.8,
308,2025-04-06 18:30:00,16.0,67.5,10.0,
309,2025-04-06 19:00:00,14.5,68.0,8.7,
310,2025-04-06 19:30:00,15.5,56.5,6.9,
311,2025-04-06 20:00:00,15.0,54.0,5.8,
312,2025-04-06 20:30:00,12.0,69.0,6.5,
313,2025-04-06 21:00:00,11.0,76.0,6.9,
314,2025-04-06 21:30:00,12.0,66.5,6.0,
315,2025-04-06 22:00:00,12.5,70.5,7.3,
316,2025-04-06 22:30:00,12.0,71.5,7.0,
317,2025-04-06 23:00:00,12.0,69.0,6.5,
318,2025-04-06 23:30:00,12.0,68.0,6.3,
319,2025-04-07 00:00:00,12.5,63.0,5.7,
320,2025-04-07 00:30:00,12.0,63.0,5.2,
321,2025-04-07 01:00:00,12.0,66.0,5.9,
322,2025-04-07 01:30:00,13.0,65.5,6.7,
323,2025-04-07 02:00:00,13.0,64.0,6.4,
324,2025-04-07 02:30:00,11.5,67.5,5.7,
325,2025-04-07 03:00:00,11.0,68.5,5.4,
326,2025-04-07 03:30:00,11.5,62.5,4.6,
327,2025-04-07 04:00:00,11.5,64.0,4.9,
328,2025-04-07 04:30:00,12.0,63.5,5.3,
329,2025-04-07 05:00:00,11.5,66.0,5.4,
330,2025-04-07 05:30:00,12.0,64.0,5.4,
331,2025-04-07 06:00:00,12.5,61.0,5.2,
332,2025-04-07 06:30:00,12.0,64.5,5.5,
333,2025-04-07 07:00:00,12.0,64.0,5.4,
334,2025-04-07 07:30:00,13.0,61.5,5.8,
335,2025-04-07 08:00:00,17.5,50.0,7.0,
336,2025-04-07 08:30:00,19.0,49.5,8.2,
337,2025-04-07 09:00:00,20.0,47.5,8.5,
338,2025-04-07 09:30:00,23.0,42.0,9.4,
339,2025-04-07 10:00:00,24.5,38.5,9.5,
340,2025-04-07 10:30:00,24.0,40.0,9.6,
341,2025-04-07 11:00:00,25.5,37.5,9.9,
342,2025-04-07 11:30:00,26.0,37.5,10.4,
343,2025-04-07 12:00:00,25.0,40.0,10.5,
344,2025-04-07 12:30:00,26.5,37.5,10.8,
345,2025-04-07 13:00:00,28.0,34.5,10.9,
346,2025-04-07 13:30:00,27.0,36.5,10.9,
347,2025-04-07 14:00:00,24.5,45.0,11.8,
348,2025-04-07 14:30:00,25.5,44.5,12.5,
349,2025-04-07 15:00:00,24.0,49.5,12.8,
350,2025-04-07 15:30:00,23.5,50.5,12.6,
351,2025-04-07 16:00:00,24.5,50.5,13.6,
352,2025-04-07 16:30:00,23.5,51.0,12.8,
353,2025-04-07 17:00:00,25.0,49.0,13.5,
354,2025-04-07 17:30:00,22.0,53.5,12.1,
355,2025-04-07 18:00:00,17.5,64.0,10.6,
356,2025-04-07 18:30:00,16.5,67.0,10.4,
357,2025-04-07 19:00:00,17.5,64.5,10.7,
358,2025-04-07 19:30:00,17.0,64.5,10.3,
359,2025-04-07 20:00:00,16.0,65.0,9.4,
360,2025-04-07 20:30:00,16.5,61.5,9.1,
361,2025-04-07 21:00:00,15.5,59.0,7.5,
362,2025-04-07 21:30:00,16.0,58.0,7.7,
363,2025-04-07 22:00:00,15.5,58.0,7.3,
364,2025-04-07 22:30:00,15.0,57.5,6.7,
365,2025-04-07 23:00:00,15.0,60.5,7.4,
366,2025-04-07 23:30:00,14.0,63.5,7.2,
367,2025-04-08 00:00:00,14.0,63.5,7.2,
368,2025-04-08 00:30:00,13.5,68.0,7.7,
369,2025-04-08 01:00:00,12.5,73.5,7.9,
370,2025-04-08 01:30:00,12.0,77.5,8.2,
371,2025-04-08 02:00:00,11.5,79.5,8.1,
372,2025-04-08 02:30:00,11.5,79.0,8.0,
373,2025-04-08 03:00:00,11.5,80.0,8.2,
374,2025-04-08 03:30:00,12.0,79.5,8.6,
375,2025-04-08 04:00:00,13.0,76.0,8.9,
376,2025-04-08 04:30:00,12.5,78.0,8.8,
377,2025-04-08 05:00:00,13.0,75.5,8.8,
378,2025-04-08 05:30:00,13.5,73.5,8.9,
379,2025-04-08 06:00:00,14.0,72.0,9.0,
380,2025-04-08 06:30:00,13.0,74.5,8.6,
381,2025-04-08 07:00:00,14.5,71.5,9.4,
382,2025-04-08 07:30:00,13.5,74.0,9.0,
383,2025-04-08 08:00:00,17.5,64.5,10.7,
384,2025-04-08 08:30:00,20.0,57.0,11.2,
385,2025-04-08 09:00:00,22.0,54.0,12.3,
386,2025-04-08 09:30:00,23.5,51.0,12.8,
387,2025-04-08 10:00:00,25.0,46.5,12.7,
388,2025-04-08 10:30:00,25.5,46.0,13.0,
389,2025-04-08 11:00:00,27.0,43.5,13.5,
390,2025-04-08 11:30:00,29.0,40.0,14.0,
391,2025-04-08 12:00:00,28.5,40.5,13.8,
392,2025-04-08 12:30:00,26.5,41.0,12.2,
393,2025-04-08 13:00:00,25.5,43.0,12.0,
394,2025-04-08 13:30:00,24.0,46.0,11.7,
395,2025-04-08 14:00:00,24.0,47.0,12.0,
396,2025-04-08 14:30:00,25.0,44.0,11.9,
397,2025-04-08 15:00:00,25.0,42.5,11.4,
398,2025-04-08 15:30:00,24.5,43.5,11.3,
399,2025-04-08 16:00:00,23.5,45.0,10.9,
400,2025-04-08 16:30:00,24.0,43.5,10.8,
401,2025-04-08 17:00:00,23.0,45.0,10.4,
402,2025-04-08 17:30:00,20.0,50.5,9.4,
403,2025-04-08 18:00:00,18.0,55.0,8.8,
404,2025-04-08 18:30:00,17.5,57.5,9.0,
405,2025-04-08 19:00:00,17.0,58.5,8.8,
406,2025-04-08 19:30:00,16.0,60.0,8.2,
407,2025-04-08 20:00:00,16.5,59.0,8.5,
408,2025-04-08 20:30:00,16.0,59.0,8.0,
409,2025-04-08 21:00:00,16.0,59.0,8.0,
410,2025-04-08 21:30:00,14.5,62.5,7.4,
411,2025-04-08 22:00:00,14.0,66.5,7.9,
412,2025-04-08 22:30:00,13.0,68.0,7.2,
413,2025-04-08 23:00:00,13.0,70.0,7.7,
414,2025-04-08 23:30:00,13.0,71.0,7.9,
415,2025-04-09 00:00:00,13.0,73.5,8.4,
416,2025-04-09 00:30:00,13.0,74.5,8.6,
417,2025-04-09 01:00:00,13.0,75.5,8.8,
418,2025-04-09 01:30:00,12.5,77.0,8.6,
419,2025-04-09 02:00:00,12.5,77.0,8.6,
420,2025-04-09 02:30:00,13.5,73.5,8.9,
421,2025-04-09 03:00:00,13.0,75.0,8.7,
422,2025-04-09 03:30:00,13.0,76.0,8.9,
423,2025-04-09 04:00:00,12.5,76.0,8.4,
424,2025-04-09 04:30:00,13.5,74.5,9.1,
425,2025-04-09 05:00:00,13.0,75.0,8.7,
426,2025-04-09 05:30:00,13.5,74.0,9.0,
427,2025-04-09 06:00:00,13.5,75.5,9.3,
428,2025-04-09 06:30:00,13.5,72.5,8.7,
429,2025-04-09 07:00:00,11.5,78.5,7.9,
430,2025-04-09 07:30:00,11.0,83.0,8.2,
431,2025-04-09 08:00:00,18.0,65.5,11.4,
432,2025-04-09 08:30:00,18.5,61.5,11.0,
433,2025-04-09 09:00:00,19.0,61.5,11.4,
434,2025-04-09 09:30:00,21.0,57.0,12.2,
435,2025-04-09 10:00:00,20.5,56.5,11.6,
436,2025-04-09 10:30:00,22.0,55.0,12.5,
437,2025-04-09 11:00:00,22.5,53.5,12.6,
438,2025-04-09 11:30:00,23.0,51.0,12.3,
439,2025-04-09 12:00:00,23.5,47.5,11.7,
440,2025-04-09 12:30:00,24.5,45.5,12.0,
441,2025-04-09 13:00:00,24.5,44.5,11.6,
442,2025-04-09 13:30:00,26.0,42.5,12.3,
443,2025-04-09 14:00:00,26.5,41.0,12.2,
444,2025-04-09 14:30:00,27.0,39.5,12.1,
445,2025-04-09 15:00:00,28.0,41.0,13.5,
446,2025-04-09 15:30:00,27.0,43.0,13.4,
447,2025-04-09 16:00:00,27.0,42.5,13.2,
448,2025-04-09 16:30:00,27.0,40.5,12.4,
449,2025-04-09 17:00:00,26.0,42.0,12.1,
450,2025-04-09 17:30:00,22.5,48.0,10.9,
451,2025-04-09 18:00:00,19.0,56.0,10.0,
452,2025-04-09 18:30:00,18.0,59.0,9.9,
453,2025-04-09 19:00:00,16.5,63.0,9.4,
454,2025-04-09 19:30:00,15.0,67.0,8.9,
455,2025-04-09 20:00:00,13.5,73.0,8.8,
456,2025-04-09 20:30:00,12.5,75.5,8.3,
457,2025-04-09 21:00:00,12.0,77.5,8.2,
458,2025-04-09 21:30:00,14.0,68.5,8.3,
459,2025-04-09 22:00:00,16.0,61.5,8.6,
460,2025-04-09 22:30:00,16.0,61.5,8.6,
461,2025-04-09 23:00:00,16.0,63.0,9.0,
462,2025-04-09 23:30:00,16.0,64.0,9.2,
463,2025-04-10 00:00:00,15.5,65.0,9.0,
464,2025-04-10 00:30:00,14.0,66.5,7.9,
465,2025-04-10 01:00:00,13.0,73.0,8.3,
466,2025-04-10 01:30:00,11.5,78.0,7.8,
467,2025-04-10 02:00:00,10.5,82.0,7.6,
468,2025-04-10 02:30:00,10.5,83.0,7.7,
469,2025-04-10 03:00:00,10.0,83.5,7.3,
470,2025-04-10 03:30:00,9.5,85.5,7.2,
471,2025-04-10 04:00:00,9.0,87.5,7.0,
472,2025-04-10 04:30:00,9.0,88.5,7.2,
473,2025-04-10 05:00:00,9.0,88.5,7.2,
474,2025-04-10 05:30:00,9.0,89.0,7.3,
475,2025-04-10 06:00:00,9.0,90.5,7.5,
476,2025-04-10 06:30:00,8.5,90.5,7.0,
477,2025-04-10 07:00:00,8.5,91.5,7.2,
478,2025-04-10 07:30:00,10.5,92.5,9.3,
479,2025-04-10 08:00:00,13.0,80.0,9.6,
480,2025-04-10 08:30:00,18.0,72.0,12.9,
481,2025-04-10 09:00:00,22.0,60.0,13.9,
482,2025-04-10 09:30:00,21.5,57.0,12.6,
483,2025-04-10 10:00:00,23.0,55.5,13.6,
484,2025-04-10 10:30:00,24.0,51.5,13.4,
485,2025-04-10 11:00:00,25.0,49.5,13.7,
486,2025-04-10 11:30:00,25.5,49.0,14.0,
487,2025-04-10 12:00:00,26.0,47.0,13.8,
488,2025-04-10 12:30:00,24.0,50.0,12.9,
489,2025-04-10 13:00:00,24.0,48.5,12.5,
490,2025-04-10 13:30:00,23.0,53.0,12.9,
491,2025-04-10 14:00:00,23.0,50.5,12.2,
492,2025-04-10 14:30:00,24.0,50.0,12.9,
493,2025-04-10 15:00:00,27.0,44.5,13.9,
494,2025-04-10 15:30:00,26.0,44.5,13.0,
495,2025-04-10 16:00:00,26.5,43.0,12.9,
496,2025-04-10 16:30:00,28.0,41.0,13.5,
497,2025-04-10 17:00:00,27.0,39.5,12.1,
498,2025-04-10 17:30:00,23.5,46.5,11.4,
499,2025-04-10 18:00:00,21.0,51.5,10.6,
500,2025-04-10 18:30:00,20.5,53.0,10.6,
501,2025-04-10 19:00:00,19.0,55.0,9.8,
502,2025-04-10 19:30:00,19.5,49.5,8.7,
503,2025-04-10 20:00:00,18.5,52.5,8.6,
504,2025-04-10 20:30:00,17.5,55.5,8.5,
505,2025-04-10 21:00:00,17.0,56.0,8.2,
506,2025-04-10 21:30:00,16.5,58.0,8.2,
507,2025-04-10 22:00:00,16.0,59.5,8.1,
508,2025-04-10 22:30:00,15.5,59.0,7.5,
509,2025-04-10 23:00:00,16.5,57.0,8.0,
510,2025-04-10 23:30:00,16.5,59.5,8.6,
511,2025-04-11 00:00:00,16.0,60.0,8.2,
512,2025-04-11 00:30:00,17.0,57.5,8.6,
513,2025-04-11 01:00:00,17.0,57.0,8.4,
514,2025-04-11 01:30:00,14.0,68.5,8.3,
515,2025-04-11 02:00:00,12.5,75.5,8.3,
516,2025-04-11 02:30:00,12.5,77.0,8.6,
517,2025-04-11 03:00:00,14.0,71.5,8.9,
518,2025-04-11 03:30:00,15.5,68.5,9.7,
519,2025-04-11 04:00:00,16.5,64.5,9.8,
520,2025-04-11 04:30:00,17.0,62.5,9.8,
521,2025-04-11 05:00:00,16.0,66.5,9.8,
522,2025-04-11 05:30:00,16.5,65.0,9.9,
523,2025-04-11 06:00:00,16.5,64.5,9.8,
524,2025-04-11 06:30:00,15.0,69.0,9.4,
525,2025-04-11 07:00:00,12.5,76.0,8.4,
526,2025-04-11 07:30:00,13.0,79.5,9.5,
527,2025-04-11 08:00:00,18.5,63.0,11.3,
528,2025-04-11 08:30:00,14.5,74.0,9.9,
529,2025-04-11 09:00:00,20.5,64.0,13.5,
530,2025-04-11 09:30:00,23.5,52.5,13.2,
531,2025-04-11 10:00:00,27.5,43.0,13.8,
532,2025-04-11 10:30:00,24.0,50.5,13.1,
533,2025-04-11 11:00:00,27.5,43.0,13.8,
534,2025-04-11 11:30:00,29.0,43.0,15.2,
535,2025-04-11 12:00:00,28.5,44.5,15.2,
536,2025-04-11 12:30:00,29.0,40.0,14.0,
537,2025-04-11 13:00:00,29.5,38.5,13.9,
538,2025-04-11 13:30:00,30.0,38.0,14.1,
539,2025-04-11 14:00:00,26.0,44.5,13.0,
540,2025-04-11 14:30:00,26.5,44.0,13.3,
541,2025-04-11 15:00:00,26.5,45.0,13.6,
542,2025-04-11 15:30:00,27.0,43.5,13.5,
543,2025-04-11 16:00:00,28.0,40.0,13.1,
544,2025-04-11 16:30:00,22.5,49.0,11.3,
545,2025-04-11 17:00:00,24.5,43.0,11.1,
546,2025-04-11 17:30:00,22.0,47.0,10.2,
547,2025-04-11 18:00:00,21.5,46.0,9.4,
548,2025-04-11 18:30:00,20.5,47.5,9.0,
549,2025-04-11 19:00:00,19.5,50.5,9.0,
550,2025-04-11 19:30:00,18.5,52.0,8.5,
551,2025-04-11 20:00:00,17.0,56.0,8.2,
552,2025-04-11 20:30:00,16.0,57.5,7.6,
553,2025-04-11 21:00:00,15.5,61.5,8.1,
554,2025-04-11 21:30:00,15.0,62.5,7.9,
555,2025-04-11 22:00:00,15.0,66.0,8.7,
556,2025-04-11 22:30:00,14.0,68.0,8.2,
557,2025-04-11 23:00:00,14.0,67.5,8.1,
558,2025-04-11 23:30:00,14.0,68.0,8.2,
559,2025-04-12 00:00:00,13.5,68.0,7.7,
560,2025-04-12 00:30:00,13.5,69.0,7.9,
561,2025-04-12 01:00:00,13.0,69.5,7.6,
562,2025-04-12 01:30:00,14.0,66.0,7.8,
563,2025-04-12 02:00:00,13.5,70.0,8.1,
564,2025-04-12 02:30:00,13.5,70.0,8.1,
565,2025-04-12 03:00:00,12.5,75.5,8.3,
566,2025-04-12 03:30:00,12.0,79.0,8.5,
567,2025-04-12 04:00:00,11.5,78.5,7.9,
568,2025-04-12 04:30:00,11.0,82.5,8.1,
569,2025-04-12 05:00:00,11.0,81.5,8.0,
570,2025-04-12 05:30:00,10.5,83.0,7.7,
571,2025-04-12 06:00:00,10.5,84.5,8.0,
572,2025-04-12 06:30:00,10.5,85.0,8.1,
573,2025-04-12 07:00:00,9.5,86.0,7.3,
574,2025-04-12 07:30:00,11.0,84.0,8.4,
575,2025-04-12 08:00:00,15.0,69.5,9.5,
576,2025-04-12 08:30:00,17.5,62.5,10.3,
577,2025-04-12 09:00:00,19.0,57.5,10.4,
578,2025-04-12 09:30:00,21.0,53.5,11.2,
579,2025-04-12 10:00:00,22.5,50.0,11.6,
580,2025-04-12 10:30:00,22.5,50.5,11.7,
581,2025-04-12 11:00:00,22.5,47.5,10.8,
582,2025-04-12 11:30:00,22.5,46.5,10.5,
583,2025-04-12 12:00:00,25.0,43.5,11.7,
584,2025-04-12 12:30:00,24.0,43.0,10.7,
585,2025-04-12 13:00:00,25.0,41.5,11.0,
586,2025-04-12 13:30:00,24.5,42.0,10.8,
587,2025-04-12 14:00:00,24.5,42.0,10.8,
588,2025-04-12 14:30:00,23.5,42.5,10.0,
589,2025-04-12 15:00:00,23.5,43.0,10.2,
590,2025-04-12 15:30:00,23.0,43.5,9.9,
591,2025-04-12 16:00:00,23.0,43.0,9.8,
592,2025-04-12 16:30:00,23.0,42.0,9.4,
593,2025-04-12 17:00:00,21.5,44.0,8.7,
594,2025-04-12 17:30:00,19.0,49.0,8.1,
595,2025-04-12 18:00:00,16.5,55.5,7.6,
596,2025-04-12 18:30:00,15.0,58.0,6.8,
597,2025-04-12 19:00:00,14.0,59.5,6.2,
598,2025-04-12 19:30:00,13.0,61.5,5.8,
599,2025-04-12 20:00:00,12.0,64.5,5.5,
600,2025-04-12 20:30:00,11.5,67.5,5.7,
601,2025-04-12 21:00:00,11.0,69.5,5.6,
602,2025-04-12 21:30:00,11.0,72.5,6.3,
603,2025-04-12 22:00:00,10.5,74.5,6.2,
604,2025-04-12 22:30:00,10.0,76.5,6.1,
605,2025-04-12 23:00:00,10.0,78.5,6.4,
606,2025-04-12 23:30:00,10.5,78.0,6.8,
607,2025-04-13 00:00:00,10.0,79.5,6.6,
608,2025-04-13 00:30:00,10.0,81.5,7.0,
609,2025-04-13 01:00:00,10.0,81.5,7.0,
610,2025-04-13 01:30:00,10.0,82.0,7.1,
611,2025-04-13 02:00:00,10.0,82.5,7.2,
612,2025-04-13 02:30:00,10.0,83.0,7.3,
613,2025-04-13 03:00:00,9.5,84.0,6.9,
614,2025-04-13 03:30:00,9.5,86.0,7.3,
615,2025-04-13 04:00:00,9.0,86.5,6.9,
616,2025-04-13 04:30:00,9.0,87.0,7.0,
617,2025-04-13 05:00:00,9.0,87.5,7.0,
618,2025-04-13 05:30:00,8.5,88.0,6.6,
619,2025-04-13 06:00:00,8.5,88.0,6.6,
620,2025-04-13 06:30:00,9.0,88.0,7.1,
621,2025-04-13 07:00:00,9.0,88.0,7.1,
622,2025-04-13 07:30:00,10.5,85.5,8.2,
623,2025-04-13 08:00:00,14.0,72.0,9.0,
624,2025-04-13 08:30:00,16.5,65.0,9.9,
625,2025-04-13 09:00:00,17.5,61.0,9.9,
626,2025-04-13 09:30:00,20.0,54.5,10.6,
627,2025-04-13 10:00:00,20.0,54.0,10.4,
628,2025-04-13 10:30:00,19.5,54.0,10.0,
629,2025-04-13 11:00:00,20.5,54.0,10.9,
630,2025-04-13 11:30:00,21.5,51.0,10.9,
631,2025-04-13 12:00:00,22.0,48.0,10.5,
632,2025-04-13 12:30:00,22.5,47.5,10.8,
633,2025-04-13 13:00:00,22.5,48.0,10.9,
634,2025-04-13 13:30:00,22.0,48.0,10.5,
635,2025-04-13 14:00:00,21.5,47.0,9.7,
636,2025-04-13 14:30:00,22.5,48.0,10.9,
637,2025-04-13 15:00:00,21.5,48.0,10.0,
638,2025-04-13 15:30:00,20.0,51.0,9.6,
639,2025-04-13 16:00:00,20.0,50.5,9.4,
640,2025-04-13 16:30:00,19.5,53.0,9.7,
641,2025-04-13 17:00:00,19.0,53.5,9.4,
642,2025-04-13 17:30:00,17.0,58.0,8.7,
643,2025-04-13 18:00:00,15.0,66.5,8.8,
644,2025-04-13 18:30:00,14.0,70.5,8.7,
645,2025-04-13 19:00:00,13.0,73.5,8.4,
646,2025-04-13 19:30:00,12.5,76.0,8.4,
647,2025-04-13 20:00:00,11.0,79.5,7.6,
648,2025-04-13 20:30:00,9.5,84.0,6.9,
649,2025-04-13 21:00:00,9.0,86.5,6.9,
650,2025-04-13 21:30:00,8.5,88.0,6.6,
651,2025-04-13 22:00:00,8.0,88.0,6.1,
652,2025-04-13 22:30:00,7.5,89.0,5.8,
653,2025-04-13 23:00:00,8.5,91.0,7.1,
654,2025-04-13 23:30:00,8.5,91.5,7.2,
655,2025-04-14 00:00:00,9.5,92.5,8.3,
656,2025-04-14 00:30:00,9.0,92.0,7.8,
657,2025-04-14 01:00:00,9.0,92.5,7.9,
658,2025-04-14 01:30:00,8.5,91.5,7.2,
659,2025-04-14 02:00:00,9.0,93.5,8.0,
660,2025-04-14 02:30:00,9.0,94.0,8.1,
661,2025-04-14 03:00:00,8.5,92.5,7.4,
662,2025-04-14 03:30:00,8.5,93.5,7.5,
663,2025-04-14 04:00:00,10.0,94.5,9.2,
664,2025-04-14 04:30:00,10.0,94.0,9.1,
665,2025-04-14 05:00:00,10.5,94.0,9.6,
666,2025-04-14 05:30:00,10.5,94.5,9.7,
667,2025-04-14 06:00:00,10.5,95.0,9.7,
668,2025-04-14 06:30:00,10.5,95.0,9.7,
669,2025-04-14 07:00:00,10.5,95.0,9.7,
670,2025-04-14 07:30:00,10.5,95.0,9.7,
671,2025-04-14 08:00:00,10.5,95.0,9.7,
672,2025-04-14 08:30:00,10.5,94.0,9.6,
673,2025-04-14 09:00:00,11.0,92.5,9.8,
674,2025-04-14 09:30:00,11.0,92.0,9.8,
675,2025-04-14 10:00:00,12.5,87.0,10.4,
676,2025-04-14 10:30:00,12.5,85.0,10.0,
677,2025-04-14 11:00:00,13.5,83.5,10.8,
678,2025-04-14 11:30:00,14.5,79.0,10.9,
679,2025-04-14 12:00:00,14.5,78.0,10.7,
680,2025-04-14 12:30:00,15.0,75.0,10.6,
681,2025-04-14 13:00:00,15.5,72.5,10.6,
682,2025-04-14 13:30:00,15.0,73.5,10.3,
683,2025-04-14 14:00:00,15.0,75.0,10.6,
684,2025-04-14 14:30:00,16.0,72.5,11.1,
685,2025-04-14 15:00:00,17.5,67.0,11.3,
686,2025-04-14 15:30:00,16.0,71.5,10.9,
687,2025-04-14 16:00:00,16.0,70.0,10.5,
688,2025-04-14 16:30:00,16.5,70.5,11.1,
689,2025-04-14 17:00:00,15.0,73.5,10.3,
690,2025-04-14 17:30:00,15.5,71.5,10.4,
691,2025-04-14 18:00:00,15.5,71.0,10.3,
692,2025-04-14 18:30:00,14.5,73.0,9.7,
693,2025-04-14 19:00:00,13.5,80.0,10.1,
694,2025-04-14 19:30:00,12.5,81.5,9.4,
695,2025-04-14 20:00:00,11.0,84.0,8.4,
696,2025-04-14 20:30:00,11.0,86.0,8.8,
697,2025-04-14 21:00:00,11.5,85.0,9.1,
698,2025-04-14 21:30:00,11.5,84.0,8.9,
699,2025-04-14 22:00:00,9.5,87.0,7.4,
700,2025-04-14 22:30:00,8.5,89.5,6.9,
701,2025-04-14 23:00:00,8.5,91.0,7.1,
702,2025-04-14 23:30:00,9.5,90.0,7.9,
703,2025-04-15 00:00:00,10.5,88.5,8.7,
704,2025-04-15 00:30:00,11.0,88.0,9.1,
705,2025-04-15 01:00:00,11.5,87.5,9.5,
706,2025-04-15 01:30:00,12.0,82.0,9.0,
707,2025-04-15 02:00:00,12.0,81.5,8.9,
708,2025-04-15 02:30:00,12.0,81.0,8.8,
709,2025-04-15 03:00:00,12.0,78.5,8.4,
710,2025-04-15 03:30:00,12.0,81.0,8.8,
711,2025-04-15 04:00:00,12.0,79.5,8.6,
712,2025-04-15 04:30:00,11.5,81.0,8.4,
713,2025-04-15 05:00:00,10.5,84.0,7.9,
714,2025-04-15 05:30:00,11.5,80.5,8.3,
715,2025-04-15 06:00:00,12.0,77.0,8.1,
716,2025-04-15 06:30:00,11.5,80.0,8.2,
717,2025-04-15 07:00:00,12.0,77.0,8.1,
718,2025-04-15 07:30:00,12.5,73.5,7.9,
719,2025-04-15 08:00:00,13.0,73.0,8.3,
720,2025-04-15 08:30:00,13.5,73.0,8.8,
721,2025-04-15 09:00:00,14.0,69.5,8.5,
722,2025-04-15 09:30:00,14.5,66.0,8.2,
723,2025-04-15 10:00:00,15.0,64.5,8.4,
724,2025-04-15 10:30:00,15.5,62.0,8.3,
725,2025-04-15 11:00:00,17.0,59.0,8.9,
726,2025-04-15 11:30:00,16.5,58.5,8.3,
727,2025-04-15 12:00:00,17.5,57.0,8.9,
728,2025-04-15 12:30:00,19.5,51.5,9.2,
729,2025-04-15 13:00:00,18.5,54.5,9.2,
730,2025-04-15 13:30:00,19.0,54.0,9.5,
731,2025-04-15 14:00:00,18.0,54.5,8.7,
732,2025-04-15 14:30:00,17.5,55.5,8.5,
733,2025-04-15 15:00:00,18.5,55.5,9.4,
734,2025-04-15 15:30:00,18.0,57.0,9.4,
735,2025-04-15 16:00:00,18.0,57.5,9.5,
736,2025-04-15 16:30:00,18.5,54.0,9.0,
737,2025-04-15 17:00:00,17.0,59.0,8.9,
738,2025-04-15 17:30:00,17.5,58.5,9.3,
739,2025-04-15 18:00:00,15.0,66.0,8.7,
740,2025-04-15 18:30:00,14.0,69.5,8.5,
741,2025-04-15 19:00:00,13.5,72.5,8.7,
742,2025-04-15 19:30:00,12.5,76.0,8.4,
743,2025-04-15 20:00:00,11.0,78.5,7.4,
744,2025-04-15 20:30:00,9.5,82.5,6.7,
745,2025-04-15 21:00:00,8.5,83.5,5.9,
746,2025-04-15 21:30:00,7.5,85.5,5.2,
747,2025-04-15 22:00:00,7.0,87.5,5.1,
748,2025-04-15 22:30:00,7.0,89.5,5.4,
749,2025-04-15 23:00:00,6.5,90.5,5.1,
750,2025-04-15 23:30:00,8.0,91.5,6.7,
751,2025-04-16 00:00:00,8.5,89.5,6.9,
752,2025-04-16 00:30:00,8.5,89.0,6.8,
753,2025-04-16 01:00:00,8.5,89.5,6.9,
754,2025-04-16 01:30:00,7.5,90.5,6.0,
755,2025-04-16 02:00:00,8.0,92.5,6.9,
756,2025-04-16 02:30:00,8.0,92.0,6.8,
757,2025-04-16 03:00:00,8.0,93.0,6.9,
758,2025-04-16 03:30:00,8.0,93.5,7.0,
759,2025-04-16 04:00:00,8.5,94.0,7.6,
760,2025-04-16 04:30:00,9.5,93.0,8.4,
761,2025-04-16 05:00:00,10.0,92.0,8.8,
762,2025-04-16 05:30:00,10.0,91.0,8.6,
763,2025-04-16 06:00:00,9.0,91.5,7.7,
764,2025-04-16 06:30:00,8.0,92.5,6.9,
765,2025-04-16 07:00:00,7.5,94.0,6.6,
766,2025-04-16 07:30:00,8.0,95.0,7.2,
767,2025-04-16 08:00:00,15.5,74.5,11.0,
768,2025-04-16 08:30:00,17.0,66.5,10.7,
769,2025-04-16 09:00:00,17.5,65.5,11.0,
770,2025-04-16 09:30:00,18.5,64.5,11.7,
771,2025-04-16 10:00:00,19.0,62.5,11.7,
772,2025-04-16 10:30:00,20.5,58.0,12.0,
773,2025-04-16 11:00:00,20.5,58.0,12.0,
774,2025-04-16 11:30:00,20.0,60.0,12.0,
775,2025-04-16 12:00:00,21.0,57.0,12.2,
776,2025-04-16 12:30:00,21.0,57.5,12.3,
777,2025-04-16 13:00:00,20.5,57.0,11.7,
778,2025-04-16 13:30:00,21.0,52.0,10.8,
779,2025-04-16 14:00:00,21.5,54.5,11.9,
780,2025-04-16 14:30:00,22.0,50.0,11.1,
781,2025-04-16 15:00:00,21.0,51.0,10.5,
782,2025-04-16 15:30:00,19.5,58.0,11.0,
783,2025-04-16 16:00:00,19.0,60.5,11.2,
784,2025-04-16 16:30:00,20.0,56.5,11.1,
785,2025-04-16 17:00:00,18.5,56.0,9.6,
786,2025-04-16 17:30:00,17.5,58.0,9.2,
787,2025-04-16 18:00:00,17.0,60.0,9.2,
788,2025-04-16 18:30:00,16.5,63.0,9.4,
789,2025-04-16 19:00:00,15.0,67.0,8.9,
790,2025-04-16 19:30:00,14.5,69.5,9.0,
791,2025-04-16 20:00:00,14.5,71.5,9.4,
792,2025-04-16 20:30:00,14.0,72.5,9.1,
793,2025-04-16 21:00:00,13.5,73.5,8.9,
794,2025-04-16 21:30:00,13.5,73.5,8.9,
795,2025-04-16 22:00:00,12.5,74.0,8.0,
796,2025-04-16 22:30:00,10.5,78.0,6.8,
797,2025-04-16 23:00:00,10.0,80.5,6.8,
798,2025-04-16 23:30:00,9.5,81.0,6.4,
799,2025-04-17 00:00:00,8.5,82.5,5.7,
800,2025-04-17 00:30:00,8.5,87.0,6.5,
801,2025-04-17 01:00:00,10.0,83.5,7.3,
802,2025-04-17 01:30:00,11.5,80.5,8.3,
803,2025-04-17 02:00:00,12.0,78.5,8.4,
804,2025-04-17 02:30:00,12.0,77.0,8.1,
805,2025-04-17 03:00:00,12.5,76.0,8.4,
806,2025-04-17 03:30:00,12.5,76.0,8.4,
807,2025-04-17 04:00:00,12.5,77.5,8.7,
808,2025-04-17 04:30:00,12.5,78.5,8.9,
809,2025-04-17 05:00:00,12.5,79.0,9.0,
810,2025-04-17 05:30:00,12.5,80.5,9.2,
811,2025-04-17 06:00:00,12.0,81.5,8.9,
812,2025-04-17 06:30:00,12.0,82.0,9.0,
813,2025-04-17 07:00:00,12.0,83.0,9.2,
814,2025-04-17 07:30:00,12.5,83.0,9.7,
815,2025-04-17 08:00:00,13.5,81.0,10.3,
816,2025-04-17 08:30:00,15.0,76.5,10.9,
817,2025-04-17 09:00:00,17.0,70.0,11.5,
818,2025-04-17 09:30:00,22.5,53.0,12.4,
819,2025-04-17 10:00:00,22.5,53.0,12.4,
820,2025-04-17 10:30:00,22.0,53.5,12.1,
821,2025-04-17 11:00:00,24.5,46.0,12.1,
822,2025-04-17 11:30:00,25.0,44.5,12.1,
823,2025-04-17 12:00:00,25.5,46.0,13.0,
824,2025-04-17 12:30:00,23.5,50.0,12.5,
825,2025-04-17 13:00:00,24.0,48.0,12.3,
826,2025-04-17 13:30:00,24.0,47.5,12.2,
827,2025-04-17 14:00:00,23.5,48.0,11.9,
828,2025-04-17 14:30:00,24.5,47.5,12.6,
829,2025-04-17 15:00:00,24.0,49.0,12.6,
830,2025-04-17 15:30:00,23.5,48.5,12.0,
831,2025-04-17 16:00:00,22.0,52.0,11.7,
832,2025-04-17 16:30:00,22.5,53.0,12.4,
833,2025-04-17 17:00:00,20.5,57.5,11.8,
834,2025-04-17 17:30:00,19.5,55.5,10.4,
835,2025-04-17 18:00:00,16.5,66.5,10.2,
836,2025-04-17 18:30:00,15.5,69.0,9.8,
837,2025-04-17 19:00:00,15.0,70.5,9.7,
838,2025-04-17 19:30:00,14.0,70.0,8.6,
839,2025-04-17 20:00:00,13.0,72.0,8.1,
840,2025-04-17 20:30:00,12.0,76.0,7.9,
841,2025-04-17 21:00:00,10.5,81.0,7.4,
842,2025-04-17 21:30:00,10.0,83.0,7.3,
843,2025-04-17 22:00:00,9.5,85.5,7.2,
844,2025-04-17 22:30:00,9.0,85.0,6.6,
845,2025-04-17 23:00:00,9.5,87.0,7.4,
846,2025-04-17 23:30:00,11.0,84.5,8.5,
847,2025-04-18 00:00:00,12.0,81.5,8.9,
848,2025-04-18 00:30:00,12.5,78.5,8.9,
849,2025-04-18 01:00:00,12.5,79.0,9.0,
850,2025-04-18 01:30:00,12.5,76.5,8.5,
851,2025-04-18 02:00:00,12.0,76.0,7.9,
852,2025-04-18 02:30:00,12.0,76.5,8.0,
853,2025-04-18 03:00:00,12.0,77.0,8.1,
854,2025-04-18 03:30:00,12.0,76.0,7.9,
855,2025-04-18 04:00:00,12.0,75.0,7.7,
856,2025-04-18 04:30:00,12.0,74.5,7.6,
857,2025-04-18 05:00:00,12.0,74.5,7.6,
858,2025-04-18 05:30:00,12.0,74.5,7.6,
859,2025-04-18 06:00:00,12.0,74.5,7.6,
860,2025-04-18 06:30:00,11.5,74.5,7.1,
861,2025-04-18 07:00:00,11.5,74.0,7.0,
862,2025-04-18 07:30:00,12.0,72.0,7.1,
863,2025-04-18 08:00:00,13.0,71.0,7.9,
864,2025-04-18 08:30:00,14.0,69.0,8.4,
865,2025-04-18 09:00:00,14.5,68.5,8.8,
866,2025-04-18 09:30:00,16.0,65.0,9.4,
867,2025-04-18 10:00:00,17.0,63.5,10.0,
868,2025-04-18 10:30:00,19.5,55.5,10.4,
869,2025-04-18 11:00:00,20.5,53.0,10.6,
870,2025-04-18 11:30:00,23.0,47.0,11.1,
871,2025-04-18 12:00:00,23.5,46.5,11.4,
872,2025-04-18 12:30:00,22.5,48.0,10.9,
873,2025-04-18 13:00:00,22.5,47.5,10.8,
874,2025-04-18 13:30:00,23.0,47.0,11.1,
875,2025-04-18 14:00:00,23.0,47.5,11.2,
876,2025-04-18 14:30:00,22.5,47.5,10.8,
877,2025-04-18 15:00:00,22.5,47.5,10.8,
878,2025-04-18 15:30:00,21.5,49.5,10.5,
879,2025-04-18 16:00:00,21.0,49.5,10.0,
880,2025-04-18 16:30:00,20.5,51.5,10.2,
881,2025-04-18 17:00:00,20.0,52.0,9.9,
882,2025-04-18 17:30:00,18.5,55.0,9.3,
883,2025-04-18 18:00:00,15.0,65.5,8.6,
884,2025-04-18 18:30:00,14.5,68.0,8.7,
885,2025-04-18 19:00:00,13.5,71.0,8.4,
886,2025-04-18 19:30:00,13.0,73.5,8.4,
887,2025-04-18 20:00:00,13.0,74.0,8.5,
888,2025-04-18 20:30:00,13.0,74.5,8.6,
889,2025-04-18 21:00:00,12.5,75.0,8.2,
890,2025-04-18 21:30:00,13.0,76.0,8.9,
891,2025-04-18 22:00:00,13.0,76.0,8.9,
892,2025-04-18 22:30:00,13.0,77.0,9.1,
893,2025-04-18 23:00:00,13.0,77.5,9.2,
894,2025-04-18 23:30:00,13.0,78.0,9.3,
895,2025-04-19 00:00:00,12.5,78.0,8.8,
896,2025-04-19 00:30:00,12.5,78.5,8.9,
897,2025-04-19 01:00:00,12.5,79.0,9.0,
898,2025-04-19 01:30:00,12.5,78.5,8.9,
899,2025-04-19 02:00:00,12.0,78.0,8.3,
900,2025-04-19 02:30:00,10.0,83.0,7.3,
901,2025-04-19 03:00:00,9.0,86.0,6.8,
902,2025-04-19 03:30:00,8.5,88.5,6.7,
903,2025-04-19 04:00:00,8.5,89.5,6.9,
904,2025-04-19 04:30:00,7.5,89.0,5.8,
905,2025-04-19 05:00:00,7.0,90.0,5.5,
906,2025-04-19 05:30:00,6.5,91.0,5.1,
907,2025-04-19 06:00:00,6.5,91.5,5.2,
908,2025-04-19 06:30:00,6.5,92.5,5.4,
909,2025-04-19 07:00:00,6.5,93.0,5.5,
910,2025-04-19 07:30:00,9.5,93.0,8.4,
911,2025-04-19 08:00:00,16.0,72.5,11.1,
912,2025-04-19 08:30:00,19.0,60.5,11.2,
913,2025-04-19 09:00:00,19.0,61.5,11.4,
914,2025-04-19 09:30:00,19.5,58.0,11.0,
915,2025-04-19 10:00:00,20.5,55.5,11.3,
916,2025-04-19 10:30:00,21.0,54.5,11.5,
917,2025-04-19 11:00:00,21.0,54.0,11.3,
918,2025-04-19 11:30:00,23.0,50.5,12.2,
919,2025-04-19 12:00:00,22.5,50.5,11.7,
920,2025-04-19 12:30:00,23.5,48.5,12.0,
921,2025-04-19 13:00:00,23.0,50.0,12.0,
922,2025-04-19 13:30:00,23.0,47.0,11.1,
923,2025-04-19 14:00:00,24.5,45.0,11.8,
924,2025-04-19 14:30:00,24.0,45.0,11.3,
925,2025-04-19 15:00:00,23.5,47.0,11.5,
926,2025-04-19 15:30:00,23.0,48.0,11.4,
927,2025-04-19 16:00:00,21.5,51.0,10.9,
928,2025-04-19 16:30:00,20.5,54.0,10.9,
929,2025-04-19 17:00:00,20.0,56.0,11.0,
930,2025-04-19 17:30:00,18.0,59.0,9.9,
931,2025-04-19 18:00:00,15.0,69.0,9.4,
932,2025-04-19 18:30:00,14.5,71.5,9.4,
933,2025-04-19 19:00:00,14.0,73.0,9.2,
934,2025-04-19 19:30:00,14.0,73.0,9.2,
935,2025-04-19 20:00:00,14.0,70.5,8.7,
936,2025-04-19 20:30:00,14.0,72.0,9.0,
937,2025-04-19 21:00:00,13.5,72.5,8.7,
938,2025-04-19 21:30:00,13.0,74.5,8.6,
939,2025-04-19 22:00:00,12.5,74.5,8.1,
940,2025-04-19 22:30:00,11.0,80.5,7.8,
941,2025-04-19 23:00:00,10.0,83.0,7.3,
942,2025-04-19 23:30:00,9.5,84.5,7.0,
943,2025-04-20 00:00:00,11.0,85.5,8.7,
944,2025-04-20 00:30:00,10.5,85.5,8.2,
945,2025-04-20 01:00:00,11.0,84.5,8.5,
946,2025-04-20 01:30:00,11.0,83.5,8.3,
947,2025-04-20 02:00:00,11.0,83.0,8.2,
948,2025-04-20 02:30:00,10.5,84.5,8.0,
949,2025-04-20 03:00:00,10.5,84.5,8.0,
950,2025-04-20 03:30:00,11.0,81.5,8.0,
951,2025-04-20 04:00:00,11.0,78.5,7.4,
952,2025-04-20 04:30:00,10.5,79.0,7.0,
953,2025-04-20 05:00:00,9.0,81.5,6.0,
954,2025-04-20 05:30:00,7.5,85.5,5.2,
955,2025-04-20 06:00:00,7.0,88.5,5.2,
956,2025-04-20 06:30:00,6.5,90.0,5.0,
957,2025-04-20 07:00:00,7.0,91.5,5.7,
958,2025-04-20 07:30:00,11.0,85.5,8.7,
959,2025-04-20 08:00:00,17.5,66.0,11.1,
960,2025-04-20 08:30:00,18.0,64.0,11.1,
961,2025-04-20 09:00:00,17.5,65.5,11.0,
962,2025-04-20 09:30:00,18.0,66.0,11.6,
963,2025-04-20 10:00:00,17.5,67.5,11.4,
964,2025-04-20 10:30:00,18.5,65.0,11.8,
965,2025-04-20 11:00:00,18.0,67.0,11.8,
966,2025-04-20 11:30:00,18.5,64.5,11.7,
967,2025-04-20 12:00:00,19.5,62.0,12.0,
968,2025-04-20 12:30:00,20.5,58.5,12.1,
969,2025-04-20 13:00:00,21.5,54.5,11.9,
970,2025-04-20 13:30:00,22.0,52.5,11.8,
971,2025-04-20 14:00:00,22.0,52.5,11.8,
972,2025-04-20 14:30:00,23.5,48.5,12.0,
973,2025-04-20 15:00:00,23.0,48.0,11.4,
974,2025-04-20 15:30:00,23.0,49.0,11.7,
975,2025-04-20 16:00:00,21.5,51.5,11.1,
976,2025-04-20 16:30:00,20.0,55.0,10.7,
977,2025-04-20 17:00:00,19.0,57.5,10.4,
978,2025-04-20 17:30:00,18.0,60.0,10.1,
979,2025-04-20 18:00:00,16.5,65.5,10.0,
980,2025-04-20 18:30:00,16.0,67.5,10.0,
981,2025-04-20 19:00:00,15.0,70.0,9.6,
982,2025-04-20 19:30:00,13.5,74.5,9.1,
983,2025-04-20 20:00:00,13.0,77.5,9.2,
984,2025-04-20 20:30:00,12.0,80.0,8.7,
985,2025-04-20 21:00:00,12.5,79.0,9.0,
986,2025-04-20 21:30:00,12.0,80.0,8.7,
987,2025-04-20 22:00:00,12.5,77.0,8.6,
988,2025-04-20 22:30:00,12.0,78.0,8.3,
989,2025-04-20 23:00:00,11.0,80.0,7.7,
990,2025-04-20 23:30:00,11.5,82.0,8.5,
991,2025-04-21 00:00:00,10.5,82.5,7.7,
992,2025-04-21 00:30:00,11.5,82.0,8.5,
993,2025-04-21 01:00:00,11.0,82.5,8.1,
994,2025-04-21 01:30:00,11.0,83.0,8.2,
995,2025-04-21 02:00:00,11.0,84.0,8.4,
996,2025-04-21 02:30:00,11.0,83.0,8.2,
997,2025-04-21 03:00:00,10.5,80.5,7.3,
998,2025-04-21 03:30:00,10.5,84.5,8.0,
999,2025-04-21 04:00:00,10.5,84.5,8.0,
1000,2025-04-21 04:30:00,11.0,86.0,8.8,
1001,2025-04-21 05:00:00,11.0,86.5,8.8,
1002,2025-04-21 05:30:00,10.5,88.0,8.6,
1003,2025-04-21 06:00:00,10.5,88.0,8.6,
1004,2025-04-21 06:30:00,10.0,89.0,8.3,
1005,2025-04-21 07:00:00,10.0,88.5,8.2,
1006,2025-04-21 07:30:00,13.5,79.0,9.9,
1007,2025-04-21 08:00:00,17.0,66.5,10.7,
1008,2025-04-21 08:30:00,19.0,61.0,11.3,
1009,2025-04-21 09:00:00,19.0,60.0,11.1,
1010,2025-04-21 09:30:00,19.0,61.0,11.3,
1011,2025-04-21 10:00:00,18.5,63.0,11.3,
1012,2025-04-21 10:30:00,19.0,61.5,11.4,
1013,2025-04-21 11:00:00,19.0,60.0,11.1,
1014,2025-04-21 11:30:00,18.5,64.0,11.6,
1015,2025-04-21 12:00:00,21.0,55.0,11.6,
1016,2025-04-21 12:30:00,22.5,53.5,12.6,
1017,2025-04-21 13:00:00,22.0,52.0,11.7,
1018,2025-04-21 13:30:00,21.5,53.0,11.5,
1019,2025-04-21 14:00:00,20.0,54.5,10.6,
1020,2025-04-21 14:30:00,22.5,50.5,11.7,
1021,2025-04-21 15:00:00,22.0,50.0,11.1,
1022,2025-04-21 15:30:00,22.0,50.5,11.3,
1023,2025-04-21 16:00:00,21.5,52.0,11.2,
1024,2025-04-21 16:30:00,22.0,50.5,11.3,
1025,2025-04-21 17:00:00,20.5,53.5,10.7,
1026,2025-04-21 17:30:00,19.0,57.0,10.3,
1027,2025-04-21 18:00:00,15.5,68.0,9.6,
1028,2025-04-21 18:30:00,14.5,71.5,9.4,
1029,2025-04-21 19:00:00,13.5,74.5,9.1,
1030,2025-04-21 19:30:00,12.5,78.0,8.8,
1031,2025-04-21 20:00:00,12.0,81.5,8.9,
1032,2025-04-21 20:30:00,11.0,84.0,8.4,
1033,2025-04-21 21:00:00,10.5,87.0,8.4,
1034,2025-04-21 21:30:00,10.5,87.5,8.5,
1035,2025-04-21 22:00:00,10.0,88.0,8.1,
1036,2025-04-21 22:30:00,10.0,87.0,7.9,
1037,2025-04-21 23:00:00,9.5,85.0,7.1,
1038,2025-04-21 23:30:00,8.0,87.5,6.1,
1039,2025-04-22 00:00:00,7.5,89.0,5.8,
1040,2025-04-22 00:30:00,7.0,89.5,5.4,
1041,2025-04-22 01:00:00,7.0,91.0,5.6,
1042,2025-04-22 01:30:00,6.5,92.0,5.3,
1043,2025-04-22 02:00:00,6.0,92.0,4.8,
1044,2025-04-22 02:30:00,6.0,93.0,5.0,
1045,2025-04-22 03:00:00,6.5,93.5,5.5,
1046,2025-04-22 03:30:00,6.5,93.5,5.5,
1047,2025-04-22 04:00:00,9.0,95.5,8.3,
1048,2025-04-22 04:30:00,10.0,94.0,9.1,
1049,2025-04-22 05:00:00,10.5,91.5,9.2,
1050,2025-04-22 05:30:00,10.5,90.5,9.0,
1051,2025-04-22 06:00:00,10.5,90.5,9.0,
1052,2025-04-22 06:30:00,10.5,92.0,9.3,
1053,2025-04-22 07:00:00,11.0,92.5,9.8,
1054,2025-04-22 07:30:00,11.5,93.0,10.4,
1055,2025-04-22 08:00:00,12.0,92.0,10.7,
1056,2025-04-22 08:30:00,12.5,89.5,10.8,
1057,2025-04-22 09:00:00,12.5,89.0,10.7,
1058,2025-04-22 09:30:00,12.5,91.0,11.1,
1059,2025-04-22 10:00:00,13.0,91.0,11.6,
1060,2025-04-22 10:30:00,14.0,85.0,11.5,
1061,2025-04-22 11:00:00,14.5,84.0,11.8,
1062,2025-04-22 11:30:00,15.0,80.0,11.6,
1063,2025-04-22 12:00:00,15.5,76.0,11.3,
1064,2025-04-22 12:30:00,16.0,74.5,11.5,
1065,2025-04-22 13:00:00,16.5,74.0,11.9,
1066,2025-04-22 13:30:00,16.5,71.0,11.2,
1067,2025-04-22 14:00:00,16.0,72.0,11.0,
1068,2025-04-22 14:30:00,16.5,70.5,11.1,
1069,2025-04-22 15:00:00,17.0,69.5,11.4,
1070,2025-04-22 15:30:00,17.5,68.0,11.5,
1071,2025-04-22 16:00:00,17.5,66.0,11.1,
1072,2025-04-22 16:30:00,17.5,66.5,11.2,
1073,2025-04-22 17:00:00,17.5,65.0,10.9,
1074,2025-04-22 17:30:00,16.5,67.0,10.4,
1075,2025-04-22 18:00:00,15.5,69.0,9.8,
1076,2025-04-22 18:30:00,13.5,73.5,8.9,
1077,2025-04-22 19:00:00,13.0,76.0,8.9,
1078,2025-04-22 19:30:00,12.0,79.0,8.5,
1079,2025-04-22 20:00:00,10.5,82.0,7.6,
1080,2025-04-22 20:30:00,10.0,86.5,7.9,
1081,2025-04-22 21:00:00,9.0,88.5,7.2,
1082,2025-04-22 21:30:00,9.5,88.5,7.7,
1083,2025-04-22 22:00:00,9.5,88.5,7.7,
1084,2025-04-22 22:30:00,9.5,90.0,7.9,
1085,2025-04-22 23:00:00,10.0,90.5,8.5,
1086,2025-04-22 23:30:00,10.0,88.5,8.2,
1087,2025-04-23 00:00:00,9.5,90.5,8.0,
1088,2025-04-23 00:30:00,9.0,90.0,7.5,
1089,2025-04-23 01:00:00,10.0,91.0,8.6,
1090,2025-04-23 01:30:00,11.0,87.5,9.0,
1091,2025-04-23 02:00:00,11.0,86.5,8.8,
1092,2025-04-23 02:30:00,11.0,86.0,8.8,
1093,2025-04-23 03:00:00,11.0,85.5,8.7,
1094,2025-04-23 03:30:00,11.0,85.0,8.6,
1095,2025-04-23 04:00:00,11.0,85.5,8.7,
1096,2025-04-23 04:30:00,11.0,84.5,8.5,
1097,2025-04-23 05:00:00,11.0,84.5,8.5,
1098,2025-04-23 05:30:00,10.5,84.0,7.9,
1099,2025-04-23 06:00:00,10.5,83.5,7.8,
1100,2025-04-23 06:30:00,10.5,83.5,7.8,
1101,2025-04-23 07:00:00,11.0,82.5,8.1,
1102,2025-04-23 07:30:00,11.5,82.0,8.5,
1103,2025-04-23 08:00:00,12.0,80.5,8.8,
1104,2025-04-23 08:30:00,12.5,77.5,8.7,
1105,2025-04-23 09:00:00,13.5,75.0,9.2,
1106,2025-04-23 09:30:00,14.0,71.0,8.8,
1107,2025-04-23 10:00:00,15.5,68.0,9.6,
1108,2025-04-23 10:30:00,17.0,64.0,10.1,
1109,2025-04-23 11:00:00,17.5,63.5,10.5,
1110,2025-04-23 11:30:00,20.0,56.5,11.1,
1111,2025-04-23 12:00:00,20.5,52.5,10.5,
1112,2025-04-23 12:30:00,22.5,47.5,10.8,
1113,2025-04-23 13:00:00,21.5,49.5,10.5,
1114,2025-04-23 13:30:00,22.0,46.5,10.0,
1115,2025-04-23 14:00:00,22.0,48.0,10.5,
1116,2025-04-23 14:30:00,22.0,47.5,10.3,
1117,2025-04-23 15:00:00,22.0,47.5,10.3,
1118,2025-04-23 15:30:00,21.0,48.0,9.6,
1119,2025-04-23 16:00:00,20.0,49.5,9.1,
1120,2025-04-23 16:30:00,20.0,49.5,9.1,
1121,2025-04-23 17:00:00,18.0,53.5,8.4,
1122,2025-04-23 17:30:00,17.0,55.5,8.0,
1123,2025-04-23 18:00:00,15.0,62.5,7.9,
1124,2025-04-23 18:30:00,14.0,65.0,7.5,
1125,2025-04-23 19:00:00,13.5,66.5,7.4,
1126,2025-04-23 19:30:00,12.5,69.0,7.0,
1127,2025-04-23 20:00:00,11.0,73.0,6.4,
1128,2025-04-23 20:30:00,9.5,78.5,6.0,
1129,2025-04-23 21:00:00,9.0,81.5,6.0,
1130,2025-04-23 21:30:00,9.5,81.5,6.5,
1131,2025-04-23 22:00:00,10.0,79.0,6.5,
1132,2025-04-23 22:30:00,9.5,79.0,6.0,
1133,2025-04-23 23:00:00,9.5,81.0,6.4,
1134,2025-04-23 23:30:00,9.5,80.5,6.3,
1135,2025-04-24 00:00:00,10.0,78.5,6.4,
1136,2025-04-24 00:30:00,11.0,76.5,7.0,
1137,2025-04-24 01:00:00,10.5,77.0,6.6,
1138,2025-04-24 01:30:00,11.0,76.5,7.0,
1139,2025-04-24 02:00:00,11.0,75.5,6.8,
1140,2025-04-24 02:30:00,11.0,76.0,6.9,
1141,2025-04-24 03:00:00,11.5,75.5,7.3,
1142,2025-04-24 03:30:00,11.5,75.5,7.3,
1143,2025-04-24 04:00:00,11.5,75.5,7.3,
1144,2025-04-24 04:30:00,11.5,75.5,7.3,
1145,2025-04-24 05:00:00,11.5,76.5,7.5,
1146,2025-04-24 05:30:00,11.5,76.0,7.4,
1147,2025-04-24 06:00:00,11.5,75.5,7.3,
1148,2025-04-24 06:30:00,11.5,76.0,7.4,
1149,2025-04-24 07:00:00,11.5,77.5,7.7,
1150,2025-04-24 07:30:00,11.5,77.5,7.7,
1151,2025-04-24 08:00:00,12.0,75.5,7.8,
1152,2025-04-24 08:30:00,14.0,69.0,8.4,
1153,2025-04-24 09:00:00,18.5,56.0,9.6,
1154,2025-04-24 09:30:00,20.5,51.5,10.2,
1155,2025-04-24 10:00:00,20.5,51.0,10.0,
1156,2025-04-24 10:30:00,20.5,49.0,9.4,
1157,2025-04-24 11:00:00,22.0,47.5,10.3,
1158,2025-04-24 11:30:00,23.5,44.0,10.6,
1159,2025-04-24 12:00:00,24.0,42.5,10.5,
1160,2025-04-24 12:30:00,23.5,43.0,10.2,
1161,2025-04-24 13:00:00,21.5,44.5,8.9,
1162,2025-04-24 13:30:00,23.0,41.0,9.0,
1163,2025-04-24 14:00:00,22.5,42.5,9.1,
1164,2025-04-24 14:30:00,22.5,43.0,9.3,
1165,2025-04-24 15:00:00,21.0,46.5,9.1,
1166,2025-04-24 15:30:00,22.0,43.5,9.0,
1167,2025-04-24 16:00:00,20.5,46.0,8.5,
1168,2025-04-24 16:30:00,19.5,49.0,8.5,
1169,2025-04-24 17:00:00,18.5,52.5,8.6,
1170,2025-04-24 17:30:00,16.5,56.0,7.7,
1171,2025-04-24 18:00:00,16.0,60.0,8.2,
1172,2025-04-24 18:30:00,14.5,61.0,7.1,
1173,2025-04-24 19:00:00,13.5,61.5,6.3,
1174,2025-04-24 19:30:00,13.0,65.0,6.6,
1175,2025-04-24 20:00:00,12.0,68.0,6.3,
1176,2025-04-24 20:30:00,11.0,70.0,5.7,
1177,2025-04-24 21:00:00,10.0,73.0,5.4,
1178,2025-04-24 21:30:00,10.5,76.5,6.6,
1179,2025-04-24 22:00:00,11.0,73.5,6.5,
1180,2025-04-24 22:30:00,10.5,74.0,6.1,
1181,2025-04-24 23:00:00,10.0,76.0,6.0,
1182,2025-04-24 23:30:00,10.0,77.5,6.3,
1183,2025-04-25 00:00:00,10.0,78.0,6.3,
1184,2025-04-25 00:30:00,9.5,79.5,6.1,
1185,2025-04-25 01:00:00,9.5,80.5,6.3,
1186,2025-04-25 01:30:00,9.5,80.0,6.2,
1187,2025-04-25 02:00:00,10.5,78.0,6.8,
1188,2025-04-25 02:30:00,10.5,76.5,6.6,
1189,2025-04-25 03:00:00,11.0,75.0,6.7,
1190,2025-04-25 03:30:00,11.0,73.5,6.5,
1191,2025-04-25 04:00:00,11.0,72.0,6.2,
1192,2025-04-25 04:30:00,11.0,71.0,6.0,
1193,2025-04-25 05:00:00,11.0,71.0,6.0,
1194,2025-04-25 05:30:00,10.5,71.5,5.6,
1195,2025-04-25 06:00:00,11.0,70.5,5.9,
1196,2025-04-25 06:30:00,11.0,68.0,5.3,
1197,2025-04-25 07:00:00,11.0,67.0,5.1,
1198,2025-04-25 07:30:00,14.0,60.5,6.5,
1199,2025-04-25 08:00:00,17.0,53.0,7.4,
1200,2025-04-25 08:30:00,19.5,47.0,7.9,
1201,2025-04-25 09:00:00,18.5,47.0,7.0,
1202,2025-04-25 09:30:00,17.5,53.0,7.8,
1203,2025-04-25 10:00:00,17.5,48.5,6.5,
1204,2025-04-25 10:30:00,19.5,43.0,6.6,
1205,2025-04-25 11:00:00,20.0,41.0,6.4,
1206,2025-04-25 11:30:00,20.5,42.5,7.3,
1207,2025-04-25 12:00:00,23.0,39.0,8.3,
1208,2025-04-25 12:30:00,24.0,37.0,8.4,
1209,2025-04-25 13:00:00,24.5,32.5,7.0,
1210,2025-04-25 13:30:00,22.0,39.5,7.6,
1211,2025-04-25 14:00:00,24.0,35.5,7.8,
1212,2025-04-25 14:30:00,20.0,45.0,7.7,
1213,2025-04-25 15:00:00,20.5,46.0,8.5,
1214,2025-04-25 15:30:00,21.0,46.5,9.1,
1215,2025-04-25 16:00:00,21.5,42.5,8.2,
1216,2025-04-25 16:30:00,20.5,47.0,8.8,
1217,2025-04-25 17:00:00,19.0,49.5,8.2,
1218,2025-04-25 17:30:00,18.0,53.0,8.3,
1219,2025-04-25 18:00:00,16.0,58.0,7.7,
1220,2025-04-25 18:30:00,15.0,61.5,7.7,
1221,2025-04-25 19:00:00,14.0,63.5,7.2,
1222,2025-04-25 19:30:00,13.5,66.5,7.4,
1223,2025-04-25 20:00:00,13.0,67.5,7.1,
1224,2025-04-25 20:30:00,11.5,69.5,6.1,
1225,2025-04-25 21:00:00,10.5,73.5,6.0,
1226,2025-04-25 21:30:00,9.0,78.5,5.5,
1227,2025-04-25 22:00:00,8.5,81.0,5.4,
1228,2025-04-25 22:30:00,8.5,81.5,5.5,
1229,2025-04-25 23:00:00,7.5,82.0,4.6,
1230,2025-04-25 23:30:00,7.5,83.5,4.9,
1231,2025-04-26 00:00:00,7.5,84.0,5.0,
1232,2025-04-26 00:30:00,7.0,85.0,4.7,
1233,2025-04-26 01:00:00,7.0,85.0,4.7,
1234,2025-04-26 01:30:00,6.5,86.5,4.4,
1235,2025-04-26 02:00:00,6.0,88.5,4.2,
1236,2025-04-26 02:30:00,6.0,90.0,4.5,
1237,2025-04-26 03:00:00,7.5,90.5,6.0,
1238,2025-04-26 03:30:00,9.5,87.0,7.4,
1239,2025-04-26 04:00:00,10.0,86.0,7.8,
1240,2025-04-26 04:30:00,10.0,88.5,8.2,
1241,2025-04-26 05:00:00,9.5,89.5,7.9,
1242,2025-04-26 05:30:00,9.5,91.0,8.1,
1243,2025-04-26 06:00:00,9.5,91.5,8.2,
1244,2025-04-26 06:30:00,10.0,95.5,9.3,
1245,2025-04-26 07:00:00,10.5,94.5,9.7,
1246,2025-04-26 07:30:00,10.5,93.5,9.5,
1247,2025-04-26 08:00:00,11.0,94.0,10.1,
1248,2025-04-26 08:30:00,16.5,81.0,13.2,
1249,2025-04-26 09:00:00,17.5,69.5,11.9,
1250,2025-04-26 09:30:00,18.0,63.5,11.0,
1251,2025-04-26 10:00:00,18.0,63.5,11.0,
1252,2025-04-26 10:30:00,16.5,69.0,10.8,
1253,2025-04-26 11:00:00,14.5,68.0,8.7,
1254,2025-04-26 11:30:00,15.5,82.5,12.5,
1255,2025-04-26 12:00:00,16.5,77.0,12.5,
1256,2025-04-26 12:30:00,17.5,68.0,11.5,
1257,2025-04-26 13:00:00,18.5,63.0,11.3,
1258,2025-04-26 13:30:00,18.0,61.0,10.4,
1259,2025-04-26 14:00:00,19.0,61.0,11.3,
1260,2025-04-26 14:30:00,19.5,58.0,11.0,
1261,2025-04-26 15:00:00,19.0,59.5,10.9,
1262,2025-04-26 15:30:00,19.5,56.5,10.6,
1263,2025-04-26 16:00:00,19.0,55.5,9.9,
1264,2025-04-26 16:30:00,18.5,55.5,9.4,
1265,2025-04-26 17:00:00,17.5,55.5,8.5,
1266,2025-04-26 17:30:00,17.0,57.5,8.6,
1267,2025-04-26 18:00:00,14.0,66.0,7.8,
1268,2025-04-26 18:30:00,13.5,68.0,7.7,
1269,2025-04-26 19:00:00,12.5,70.5,7.3,
1270,2025-04-26 19:30:00,12.0,74.0,7.5,
1271,2025-04-26 20:00:00,11.5,77.5,7.7,
1272,2025-04-26 20:30:00,11.0,78.0,7.3,
1273,2025-04-26 21:00:00,10.0,82.5,7.2,
1274,2025-04-26 21:30:00,8.5,84.5,6.0,
1275,2025-04-26 22:00:00,9.0,86.0,6.8,
1276,2025-04-26 22:30:00,9.0,87.5,7.0,
1277,2025-04-26 23:00:00,8.0,89.0,6.3,
1278,2025-04-26 23:30:00,7.5,90.0,6.0,
1279,2025-04-27 00:00:00,7.5,90.5,6.0,
1280,2025-04-27 00:30:00,7.0,92.0,5.8,
1281,2025-04-27 01:00:00,7.0,91.5,5.7,
1282,2025-04-27 01:30:00,7.0,92.5,5.9,
1283,2025-04-27 02:00:00,7.0,93.5,6.0,
1284,2025-04-27 02:30:00,7.5,93.5,6.5,
1285,2025-04-27 03:00:00,8.5,93.0,7.4,
1286,2025-04-27 03:30:00,9.0,92.0,7.8,
1287,2025-04-27 04:00:00,9.5,91.0,8.1,
1288,2025-04-27 04:30:00,10.0,90.0,8.4,
1289,2025-04-27 05:00:00,10.0,90.5,8.5,
1290,2025-04-27 05:30:00,10.0,91.5,8.7,
1291,2025-04-27 06:00:00,10.0,93.0,8.9,
1292,2025-04-27 06:30:00,10.0,93.5,9.0,
1293,2025-04-27 07:00:00,10.0,94.5,9.2,
1294,2025-04-27 07:30:00,10.5,94.5,9.7,
1295,2025-04-27 08:00:00,12.5,90.5,11.0,
1296,2025-04-27 08:30:00,16.0,76.0,11.8,
1297,2025-04-27 09:00:00,18.5,70.0,12.9,
1298,2025-04-27 09:30:00,18.5,65.5,11.9,
1299,2025-04-27 10:00:00,18.5,65.5,11.9,
1300,2025-04-27 10:30:00,19.0,61.5,11.4,
1301,2025-04-27 11:00:00,18.5,65.0,11.8,
1302,2025-04-27 11:30:00,20.5,57.0,11.7,
1303,2025-04-27 12:00:00,22.5,56.5,13.4,
1304,2025-04-27 12:30:00,23.0,54.0,13.2,
1305,2025-04-27 13:00:00,22.0,56.0,12.8,
1306,2025-04-27 13:30:00,21.5,54.0,11.8,
1307,2025-04-27 14:00:00,22.0,53.0,12.0,
1308,2025-04-27 14:30:00,23.0,50.5,12.2,
1309,2025-04-27 15:00:00,22.0,53.5,12.1,
1310,2025-04-27 15:30:00,21.5,52.0,11.2,
1311,2025-04-27 16:00:00,21.5,52.5,11.4,
1312,2025-04-27 16:30:00,21.5,50.5,10.8,
1313,2025-04-27 17:00:00,19.5,54.5,10.1,
1314,2025-04-27 17:30:00,18.0,57.5,9.5,
1315,2025-04-27 18:00:00,15.0,66.5,8.8,
1316,2025-04-27 18:30:00,14.5,66.5,8.3,
1317,2025-04-27 19:00:00,14.5,67.5,8.6,
1318,2025-04-27 19:30:00,13.5,68.5,7.8,
1319,2025-04-27 20:00:00,12.5,72.5,7.7,
1320,2025-04-27 20:30:00,11.5,75.5,7.3,
1321,2025-04-27 21:00:00,11.0,77.5,7.2,
1322,2025-04-27 21:30:00,10.5,79.0,7.0,
1323,2025-04-27 22:00:00,10.5,80.0,7.2,
1324,2025-04-27 22:30:00,10.5,80.0,7.2,
1325,2025-04-27 23:00:00,10.0,80.5,6.8,
1326,2025-04-27 23:30:00,10.0,82.5,7.2,
1327,2025-04-28 00:00:00,10.5,80.0,7.2,
1328,2025-04-28 00:30:00,10.5,80.0,7.2,
1329,2025-04-28 01:00:00,11.0,79.0,7.5,
1330,2025-04-28 01:30:00,10.5,78.5,6.9,
1331,2025-04-28 02:00:00,11.0,79.0,7.5,
1332,2025-04-28 02:30:00,11.0,79.5,7.6,
1333,2025-04-28 03:00:00,10.5,80.5,7.3,
1334,2025-04-28 03:30:00,10.0,83.0,7.3,
1335,2025-04-28 04:00:00,9.5,83.0,6.8,
1336,2025-04-28 04:30:00,10.0,83.5,7.3,
1337,2025-04-28 05:00:00,10.0,85.0,7.6,
1338,2025-04-28 05:30:00,9.5,86.0,7.3,
1339,2025-04-28 06:00:00,9.5,87.0,7.4,
1340,2025-04-28 06:30:00,9.0,88.0,7.1,
1341,2025-04-28 07:00:00,9.0,88.0,7.1,
1342,2025-04-28 07:30:00,14.0,76.5,9.9,
1343,2025-04-28 08:00:00,16.5,67.0,10.4,
1344,2025-04-28 08:30:00,19.0,58.5,10.7,
1345,2025-04-28 09:00:00,20.5,55.5,11.3,
1346,2025-04-28 09:30:00,21.0,53.0,11.1,
1347,2025-04-28 10:00:00,21.5,52.0,11.2,
1348,2025-04-28 10:30:00,23.5,47.5,11.7,
1349,2025-04-28 11:00:00,24.0,44.5,11.2,
1350,2025-04-28 11:30:00,24.5,46.0,12.1,
1351,2025-04-28 12:00:00,23.5,47.5,11.7,
1352,2025-04-28 12:30:00,24.5,44.0,11.5,
1353,2025-04-28 13:00:00,20.0,52.5,10.0,
1354,2025-04-28 13:30:00,23.0,49.0,11.7,
1355,2025-04-28 14:00:00,23.5,46.5,11.4,
1356,2025-04-28 14:30:00,22.5,49.5,11.4,
1357,2025-04-28 15:00:00,22.5,49.5,11.4,
1358,2025-04-28 15:30:00,22.0,49.5,11.0,
1359,2025-04-28 16:00:00,22.0,51.0,11.4,
1360,2025-04-28 16:30:00,21.5,52.0,11.2,
1361,2025-04-28 17:00:00,21.0,52.0,10.8,
1362,2025-04-28 17:30:00,20.5,52.5,10.5,
1363,2025-04-28 18:00:00,17.0,60.5,9.3,
1364,2025-04-28 18:30:00,16.0,62.5,8.8,
1365,2025-04-28 19:00:00,15.0,66.5,8.8,
1366,2025-04-28 19:30:00,14.0,70.5,8.7,
1367,2025-04-28 20:00:00,13.5,72.5,8.7,
1368,2025-04-28 20:30:00,13.0,74.5,8.6,
1369,2025-04-28 21:00:00,12.5,76.0,8.4,
1370,2025-04-28 21:30:00,12.0,78.5,8.4,
1371,2025-04-28 22:00:00,11.5,80.5,8.3,
1372,2025-04-28 22:30:00,11.5,80.0,8.2,
1373,2025-04-28 23:00:00,10.5,84.0,7.9,
1374,2025-04-28 23:30:00,11.0,83.5,8.3,
1375,2025-04-29 00:00:00,11.0,84.5,8.5,
1376,2025-04-29 00:30:00,11.0,86.0,8.8,
1377,2025-04-29 01:00:00,10.5,86.5,8.3,
1378,2025-04-29 01:30:00,11.0,86.0,8.8,
1379,2025-04-29 02:00:00,10.5,86.5,8.3,
1380,2025-04-29 02:30:00,10.0,89.0,8.3,
1381,2025-04-29 03:00:00,10.0,89.0,8.3,
1382,2025-04-29 03:30:00,10.5,87.5,8.5,
1383,2025-04-29 04:00:00,9.5,88.5,7.7,
1384,2025-04-29 04:30:00,9.5,89.5,7.9,
1385,2025-04-29 05:00:00,9.5,91.5,8.2,
1386,2025-04-29 05:30:00,9.5,88.5,7.7,
1387,2025-04-29 06:00:00,10.5,89.5,8.8,
1388,2025-04-29 06:30:00,10.0,87.5,8.0,
1389,2025-04-29 07:00:00,9.0,89.5,7.4,
1390,2025-04-29 07:30:00,14.0,78.0,10.2,
1391,2025-04-29 08:00:00,17.0,69.5,11.4,
1392,2025-04-29 08:30:00,19.0,64.0,12.0,
1393,2025-04-29 09:00:00,19.0,63.0,11.8,
1394,2025-04-29 09:30:00,21.0,59.0,12.7,
1395,2025-04-29 10:00:00,21.0,58.5,12.6,
1396,2025-04-29 10:30:00,22.0,55.0,12.5,
1397,2025-04-29 11:00:00,21.5,55.0,12.1,
1398,2025-04-29 11:30:00,23.0,52.5,12.8,
1399,2025-04-29 12:00:00,22.5,53.5,12.6,
1400,2025-04-29 12:30:00,24.0,50.0,12.9,
1401,2025-04-29 13:00:00,23.5,50.0,12.5,
1402,2025-04-29 13:30:00,24.5,48.5,12.9,
1403,2025-04-29 14:00:00,24.5,49.5,13.2,
1404,2025-04-29 14:30:00,23.0,52.5,12.8,
1405,2025-04-29 15:00:00,22.5,54.0,12.7,
1406,2025-04-29 15:30:00,21.5,54.5,11.9,
1407,2025-04-29 16:00:00,20.5,57.0,11.7,
1408,2025-04-29 16:30:00,20.0,58.0,11.5,
1409,2025-04-29 17:00:00,20.0,59.0,11.7,
1410,2025-04-29 17:30:00,19.0,61.0,11.3,
1411,2025-04-29 18:00:00,16.0,70.5,10.6,
1412,2025-04-29 18:30:00,15.0,74.0,10.4,
1413,2025-04-29 19:00:00,14.0,76.5,9.9,
1414,2025-04-29 19:30:00,13.5,79.0,9.9,
1415,2025-04-29 20:00:00,12.5,78.5,8.9,
1416,2025-04-29 20:30:00,13.0,78.5,9.4,
1417,2025-04-29 21:00:00,12.5,80.0,9.1,
1418,2025-04-29 21:30:00,12.0,82.0,9.0,
1419,2025-04-29 22:00:00,12.0,83.5,9.3,
1420,2025-04-29 22:30:00,11.5,85.0,9.1,
1421,2025-04-29 23:00:00,11.0,87.5,9.0,
1422,2025-04-29 23:30:00,11.5,87.5,9.5,
1423,2025-04-30 00:00:00,11.0,88.0,9.1,
1424,2025-04-30 00:30:00,11.0,89.0,9.3,
1425,2025-04-30 01:00:00,11.0,89.0,9.3,
1426,2025-04-30 01:30:00,9.5,90.0,7.9,
1427,2025-04-30 02:00:00,8.5,91.0,7.1,
1428,2025-04-30 02:30:00,8.0,92.0,6.8,
1429,2025-04-30 03:00:00,9.0,94.0,8.1,
1430,2025-04-30 03:30:00,10.5,94.5,9.7,
1431,2025-04-30 04:00:00,11.0,93.0,9.9,
1432,2025-04-30 04:30:00,11.5,91.0,10.1,
1433,2025-04-30 05:00:00,12.0,91.5,10.7,
1434,2025-04-30 05:30:00,11.5,94.0,10.6,
1435,2025-04-30 06:00:00,11.5,94.5,10.6,
1436,2025-04-30 06:30:00,11.5,93.5,10.5,
1437,2025-04-30 07:00:00,12.0,92.5,10.8,
1438,2025-04-30 07:30:00,12.0,92.0,10.7,
1439,2025-04-30 08:00:00,12.5,91.5,11.2,
1440,2025-04-30 08:30:00,12.5,90.0,10.9,
1441,2025-04-30 09:00:00,13.0,88.5,11.1,
1442,2025-04-30 09:30:00,14.0,86.0,11.7,
1443,2025-04-30 10:00:00,15.0,81.5,11.9,
1444,2025-04-30 10:30:00,14.5,83.0,11.6,
1445,2025-04-30 11:00:00,16.0,79.0,12.4,
1446,2025-04-30 11:30:00,16.0,78.0,12.2,
1447,2025-04-30 12:00:00,17.5,74.0,12.8,
1448,2025-04-30 12:30:00,17.5,73.0,12.6,
1449,2025-04-30 13:00:00,18.0,71.0,12.7,
1450,2025-04-30 13:30:00,19.0,67.0,12.7,
1451,2025-04-30 14:00:00,17.5,71.0,12.2,
1452,2025-04-30 14:30:00,17.0,72.5,12.0,
1453,2025-04-30 15:00:00,17.0,73.0,12.1,
1454,2025-04-30 15:30:00,18.5,69.5,12.8,
1455,2025-04-30 16:00:00,17.5,70.5,12.1,
1456,2025-04-30 16:30:00,17.0,70.5,11.6,
1457,2025-04-30 17:00:00,16.5,71.5,11.3,
1458,2025-04-30 17:30:00,16.0,73.0,11.2,
1459,2025-04-30 18:00:00,16.0,73.5,11.3,
1460,2025-04-30 18:30:00,15.5,75.0,11.1,
1461,2025-04-30 19:00:00,14.5,80.5,11.2,
1462,2025-04-30 19:30:00,14.0,82.0,11.0,
1463,2025-04-30 20:00:00,13.5,83.0,10.7,
1464,2025-04-30 20:30:00,13.5,84.0,10.9,
1465,2025-04-30 21:00:00,13.5,84.0,10.9,
1466,2025-04-30 21:30:00,13.5,84.0,10.9,
1467,2025-04-30 22:00:00,13.5,82.5,10.6,
1468,2025-04-30 22:30:00,13.0,83.0,10.2,
1469,2025-04-30 23:00:00,13.0,83.5,10.3,
1470,2025-04-30 23:30:00,13.0,84.0,10.4,
1471,2025-05-01 00:00:00,13.0,84.5,10.5,
1472,2025-05-01 00:30:00,12.5,84.5,10.0,
1473,2025-05-01 01:00:00,12.5,85.0,10.0,
1474,2025-05-01 01:30:00,12.5,84.5,10.0,
1475,2025-05-01 02:00:00,12.5,84.5,10.0,
1476,2025-05-01 02:30:00,12.5,85.0,10.0,
1477,2025-05-01 03:00:00,12.5,85.0,10.0,
1478,2025-05-01 03:30:00,12.5,85.0,10.0,
1479,2025-05-01 04:00:00,12.5,85.5,10.1,
1480,2025-05-01 04:30:00,12.5,86.0,10.2,
1481,2025-05-01 05:00:00,12.5,85.5,10.1,
1482,2025-05-01 05:30:00,12.5,86.5,10.3,
1483,2025-05-01 06:00:00,12.0,86.0,9.7,
1484,2025-05-01 06:30:00,12.0,86.5,9.8,
1485,2025-05-01 07:00:00,12.0,88.0,10.1,
1486,2025-05-01 07:30:00,12.0,88.5,10.2,
1487,2025-05-01 08:00:00,12.5,88.5,10.7,
1488,2025-05-01 08:30:00,12.5,88.0,10.6,
1489,2025-05-01 09:00:00,13.5,85.0,11.0,
1490,2025-05-01 09:30:00,14.5,81.5,11.4,
1491,2025-05-01 10:00:00,16.0,78.5,12.3,
1492,2025-05-01 10:30:00,15.5,78.5,11.8,
1493,2025-05-01 11:00:00,16.5,75.0,12.1,
1494,2025-05-01 11:30:00,18.0,71.5,12.8,
1495,2025-05-01 12:00:00,17.5,70.0,12.0,
1496,2025-05-01 12:30:00,17.5,71.0,12.2,
1497,2025-05-01 13:00:00,18.0,70.0,12.5,
1498,2025-05-01 13:30:00,18.0,70.0,12.5,
1499,2025-05-01 14:00:00,19.5,65.5,12.9,
1500,2025-05-01 14:30:00,20.0,63.0,12.7,
1501,2025-05-01 15:00:00,20.0,63.5,12.9,
1502,2025-05-01 15:30:00,19.0,65.0,12.3,
1503,2025-05-01 16:00:00,17.5,67.5,11.4,
1504,2025-05-01 16:30:00,17.5,68.5,11.6,
1505,2025-05-01 17:00:00,18.0,68.0,12.0,
1506,2025-05-01 17:30:00,19.0,66.0,12.5,
1507,2025-05-01 18:00:00,17.5,68.0,11.5,
1508,2025-05-01 18:30:00,17.0,70.5,11.6,
1509,2025-05-01 19:00:00,15.5,74.0,10.9,
1510,2025-05-01 19:30:00,15.0,76.0,10.8,
1511,2025-05-01 20:00:00,13.5,78.5,9.8,
1512,2025-05-01 20:30:00,12.5,83.0,9.7,
1513,2025-05-01 21:00:00,11.5,85.5,9.2,
1514,2025-05-01 21:30:00,11.5,88.0,9.6,
1515,2025-05-01 22:00:00,11.0,88.5,9.2,
1516,2025-05-01 22:30:00,11.0,89.5,9.3,
1517,2025-05-01 23:00:00,11.5,89.0,9.8,
1518,2025-05-01 23:30:00,10.5,89.5,8.8,
1519,2025-05-02 00:00:00,11.0,91.5,9.7,
1520,2025-05-02 00:30:00,11.0,92.0,9.8,
1521,2025-05-02 01:00:00,11.0,91.0,9.6,
1522,2025-05-02 01:30:00,11.0,91.5,9.7,
1523,2025-05-02 02:00:00,10.5,93.0,9.4,
1524,2025-05-02 02:30:00,11.5,93.0,10.4,
1525,2025-05-02 03:00:00,11.5,91.0,10.1,
1526,2025-05-02 03:30:00,12.0,90.5,10.5,
1527,2025-05-02 04:00:00,12.0,90.0,10.4,
1528,2025-05-02 04:30:00,12.0,89.5,10.3,
1529,2025-05-02 05:00:00,12.0,89.5,10.3,
1530,2025-05-02 05:30:00,12.0,89.5,10.3,
1531,2025-05-02 06:00:00,11.5,89.5,9.8,
1532,2025-05-02 06:30:00,11.5,90.0,9.9,
1533,2025-05-02 07:00:00,12.0,89.5,10.3,
1534,2025-05-02 07:30:00,12.5,87.5,10.5,
1535,2025-05-02 08:00:00,13.0,85.5,10.6,
1536,2025-05-02 08:30:00,13.5,84.0,10.9,
1537,2025-05-02 09:00:00,14.5,81.0,11.3,
1538,2025-05-02 09:30:00,15.5,77.5,11.6,
1539,2025-05-02 10:00:00,17.5,72.0,12.4,
1540,2025-05-02 10:30:00,19.0,65.0,12.3,
1541,2025-05-02 11:00:00,18.0,68.5,12.1,
1542,2025-05-02 11:30:00,19.0,65.5,12.4,
1543,2025-05-02 12:00:00,22.5,56.0,13.3,
1544,2025-05-02 12:30:00,24.0,51.5,13.4,
1545,2025-05-02 13:00:00,24.0,51.0,13.2,
1546,2025-05-02 13:30:00,23.0,52.0,12.6,
1547,2025-05-02 14:00:00,22.5,52.5,12.3,
1548,2025-05-02 14:30:00,22.5,51.5,12.0,
1549,2025-05-02 15:00:00,22.5,51.5,12.0,
1550,2025-05-02 15:30:00,22.5,50.5,11.7,
1551,2025-05-02 16:00:00,22.0,52.0,11.7,
1552,2025-05-02 16:30:00,21.0,54.0,11.3,
1553,2025-05-02 17:00:00,19.5,56.5,10.6,
1554,2025-05-02 17:30:00,19.0,58.5,10.7,
1555,2025-05-02 18:00:00,16.5,66.5,10.2,
1556,2025-05-02 18:30:00,15.5,67.5,9.5,
1557,2025-05-02 19:00:00,15.0,67.0,8.9,
1558,2025-05-02 19:30:00,14.5,69.5,9.0,
1559,2025-05-02 20:00:00,13.5,73.5,8.9,
1560,2025-05-02 20:30:00,13.0,78.0,9.3,
1561,2025-05-02 21:00:00,13.0,80.0,9.6,
1562,2025-05-02 21:30:00,13.0,81.5,9.9,
1563,2025-05-02 22:00:00,12.5,83.0,9.7,
1564,2025-05-02 22:30:00,12.5,84.0,9.9,
1565,2025-05-02 23:00:00,12.5,83.5,9.8,
1566,2025-05-02 23:30:00,13.0,81.5,9.9,
1567,2025-05-03 00:00:00,12.0,83.5,9.3,
1568,2025-05-03 00:30:00,12.0,83.5,9.3,
1569,2025-05-03 01:00:00,12.0,84.0,9.4,
1570,2025-05-03 01:30:00,12.0,85.0,9.6,
1571,2025-05-03 02:00:00,12.0,86.0,9.7,
1572,2025-05-03 02:30:00,11.5,86.5,9.3,
1573,2025-05-03 03:00:00,11.5,87.0,9.4,
1574,2025-05-03 03:30:00,11.0,87.5,9.0,
1575,2025-05-03 04:00:00,11.0,89.0,9.3,
1576,2025-05-03 04:30:00,12.0,87.5,10.0,
1577,2025-05-03 05:00:00,12.0,86.0,9.7,
1578,2025-05-03 05:30:00,12.5,85.0,10.0,
1579,2025-05-03 06:00:00,12.0,86.0,9.7,
1580,2025-05-03 06:30:00,12.5,85.5,10.1,
1581,2025-05-03 07:00:00,12.5,85.0,10.0,
1582,2025-05-03 07:30:00,13.5,82.5,10.6,
1583,2025-05-03 08:00:00,14.0,80.5,10.7,
1584,2025-05-03 08:30:00,14.0,82.0,11.0,
1585,2025-05-03 09:00:00,16.0,77.5,12.1,
1586,2025-05-03 09:30:00,16.5,73.5,11.8,
1587,2025-05-03 10:00:00,17.5,69.5,11.9,
1588,2025-05-03 10:30:00,17.0,69.0,11.3,
1589,2025-05-03 11:00:00,16.0,73.5,11.3,
1590,2025-05-03 11:30:00,17.0,71.0,11.7,
1591,2025-05-03 12:00:00,16.0,73.0,11.2,
1592,2025-05-03 12:30:00,19.0,66.0,12.5,
1593,2025-05-03 13:00:00,22.5,56.0,13.3,
1594,2025-05-03 13:30:00,23.0,54.0,13.2,
1595,2025-05-03 14:00:00,22.5,53.5,12.6,
1596,2025-05-03 14:30:00,22.5,51.5,12.0,
1597,2025-05-03 15:00:00,21.5,53.5,11.7,
1598,2025-05-03 15:30:00,20.0,56.0,11.0,
1599,2025-05-03 16:00:00,20.0,53.0,10.1,
1600,2025-05-03 16:30:00,18.0,60.0,10.1,
1601,2025-05-03 17:00:00,16.5,64.0,9.7,
1602,2025-05-03 17:30:00,16.5,61.5,9.1,
1603,2025-05-03 18:00:00,15.0,66.5,8.8,
1604,2025-05-03 18:30:00,14.5,66.5,8.3,
1605,2025-05-03 19:00:00,13.5,68.0,7.7,
1606,2025-05-03 19:30:00,13.0,69.5,7.6,
1607,2025-05-03 20:00:00,12.5,71.0,7.4,
1608,2025-05-03 20:30:00,12.0,71.5,7.0,
1609,2025-05-03 21:00:00,11.5,72.5,6.7,
1610,2025-05-03 21:30:00,11.5,71.5,6.5,
1611,2025-05-03 22:00:00,11.0,73.5,6.5,
1612,2025-05-03 22:30:00,11.5,73.5,6.9,
1613,2025-05-03 23:00:00,11.0,74.0,6.6,
1614,2025-05-03 23:30:00,11.0,76.5,7.0,
1615,2025-05-04 00:00:00,11.0,76.5,7.0,
1616,2025-05-04 00:30:00,11.0,76.5,7.0,
1617,2025-05-04 01:00:00,11.0,77.0,7.1,
1618,2025-05-04 01:30:00,11.0,76.0,6.9,
1619,2025-05-04 02:00:00,11.0,75.5,6.8,
1620,2025-05-04 02:30:00,11.0,74.5,6.6,
1621,2025-05-04 03:00:00,11.0,75.5,6.8,
1622,2025-05-04 03:30:00,10.5,76.5,6.6,
1623,2025-05-04 04:00:00,10.5,76.5,6.6,
1624,2025-05-04 04:30:00,10.5,77.5,6.7,
1625,2025-05-04 05:00:00,11.0,77.0,7.1,
1626,2025-05-04 05:30:00,11.0,77.0,7.1,
1627,2025-05-04 06:00:00,11.0,76.5,7.0,
1628,2025-05-04 06:30:00,10.5,78.0,6.8,
1629,2025-05-04 07:00:00,10.5,78.0,6.8,
1630,2025-05-04 07:30:00,13.5,69.5,8.0,
1631,2025-05-04 08:00:00,16.5,62.0,9.2,
1632,2025-05-04 08:30:00,17.0,61.5,9.6,
1633,2025-05-04 09:00:00,18.0,55.5,9.0,
1634,2025-05-04 09:30:00,19.0,53.5,9.4,
1635,2025-05-04 10:00:00,20.0,51.0,9.6,
1636,2025-05-04 10:30:00,22.5,45.0,10.0,
1637,2025-05-04 11:00:00,23.5,44.5,10.7,
1638,2025-05-04 11:30:00,22.5,44.5,9.8,
1639,2025-05-04 12:00:00,22.0,45.5,9.7,
1640,2025-05-04 12:30:00,21.5,48.5,10.2,
1641,2025-05-04 13:00:00,19.5,53.5,9.8,
1642,2025-05-04 13:30:00,21.5,49.5,10.5,
1643,2025-05-04 14:00:00,22.0,48.5,10.6,
1644,2025-05-04 14:30:00,21.0,49.5,10.0,
1645,2025-05-04 15:00:00,21.0,50.0,10.2,
1646,2025-05-04 15:30:00,21.5,50.5,10.8,
1647,2025-05-04 16:00:00,21.0,48.0,9.6,
1648,2025-05-04 16:30:00,19.5,51.5,9.2,
1649,2025-05-04 17:00:00,19.0,53.0,9.2,
1650,2025-05-04 17:30:00,18.5,53.5,8.9,
1651,2025-05-04 18:00:00,16.0,60.0,8.2,
1652,2025-05-04 18:30:00,15.0,63.5,8.1,
1653,2025-05-04 19:00:00,14.5,64.0,7.8,
1654,2025-05-04 19:30:00,13.5,67.0,7.5,
1655,2025-05-04 20:00:00,12.0,70.0,6.7,
1656,2025-05-04 20:30:00,11.0,74.0,6.6,
1657,2025-05-04 21:00:00,11.0,74.5,6.6,
1658,2025-05-04 21:30:00,11.0,74.0,6.6,
1659,2025-05-04 22:00:00,11.0,75.5,6.8,
1660,2025-05-04 22:30:00,10.0,79.0,6.5,
1661,2025-05-04 23:00:00,10.0,81.0,6.9,
1662,2025-05-04 23:30:00,10.0,81.0,6.9,
1663,2025-05-05 00:00:00,10.0,83.5,7.3,
1664,2025-05-05 00:30:00,10.0,81.5,7.0,
1665,2025-05-05 01:00:00,9.5,83.5,6.8,
1666,2025-05-05 01:30:00,9.5,84.0,6.9,
1667,2025-05-05 02:00:00,10.0,86.0,7.8,
1668,2025-05-05 02:30:00,11.0,82.0,8.0,
1669,2025-05-05 03:00:00,10.5,81.5,7.5,
1670,2025-05-05 03:30:00,9.0,85.5,6.7,
1671,2025-05-05 04:00:00,8.0,88.0,6.1,
1672,2025-05-05 04:30:00,7.5,89.0,5.8,
1673,2025-05-05 05:00:00,8.0,91.0,6.6,
1674,2025-05-05 05:30:00,8.0,91.0,6.6,
1675,2025-05-05 06:00:00,8.0,90.5,6.5,
1676,2025-05-05 06:30:00,7.5,90.5,6.0,
1677,2025-05-05 07:00:00,8.5,91.5,7.2,
1678,2025-05-05 07:30:00,13.5,78.0,9.7,
1679,2025-05-05 08:00:00,17.5,68.5,11.6,
1680,2025-05-05 08:30:00,18.0,65.0,11.3,
1681,2025-05-05 09:00:00,19.0,61.5,11.4,
1682,2025-05-05 09:30:00,19.0,62.5,11.7,
1683,2025-05-05 10:00:00,20.0,58.5,11.6,
1684,2025-05-05 10:30:00,19.5,58.0,11.0,
1685,2025-05-05 11:00:00,19.5,60.5,11.7,
1686,2025-05-05 11:30:00,20.0,61.0,12.3,
1687,2025-05-05 12:00:00,19.5,61.5,11.9,
1688,2025-05-05 12:30:00,20.0,61.0,12.3,
1689,2025-05-05 13:00:00,19.5,62.0,12.0,
1690,2025-05-05 13:30:00,20.5,58.0,12.0,
1691,2025-05-05 14:00:00,20.0,58.5,11.6,
1692,2025-05-05 14:30:00,20.0,58.0,11.5,
1693,2025-05-05 15:00:00,20.0,58.5,11.6,
1694,2025-05-05 15:30:00,19.5,59.0,11.3,
1695,2025-05-05 16:00:00,19.5,58.0,11.0,
1696,2025-05-05 16:30:00,19.5,59.0,11.3,
1697,2025-05-05 17:00:00,19.0,60.0,11.1,
1698,2025-05-05 17:30:00,18.0,63.0,10.9,
1699,2025-05-05 18:00:00,15.5,71.5,10.4,
1700,2025-05-05 18:30:00,14.5,74.5,10.0,
1701,2025-05-05 19:00:00,15.5,80.5,12.2,
