Percos,Time,Celsius(°C),Humidity(%rh),Dew Point(°C),Comments,Serial Number
1,2025-04-01 21:00:00,10.5,81.5,7.5,,000011734
2,2025-04-01 21:30:00,10.5,78.5,6.9,
3,2025-04-01 22:00:00,11.0,78.0,7.3,
4,2025-04-01 22:30:00,10.5,79.0,7.0,
5,2025-04-01 23:00:00,11.0,77.0,7.1,
6,2025-04-01 23:30:00,10.0,77.0,6.2,
7,2025-04-02 00:00:00,10.0,78.5,6.4,
8,2025-04-02 00:30:00,9.5,81.5,6.5,
9,2025-04-02 01:00:00,9.5,86.5,7.4,
10,2025-04-02 01:30:00,9.0,87.5,7.0,
11,2025-04-02 02:00:00,9.0,87.5,7.0,
12,2025-04-02 02:30:00,9.0,86.5,6.9,
13,2025-04-02 03:00:00,9.5,82.0,6.6,
14,2025-04-02 03:30:00,9.0,84.5,6.5,
15,2025-04-02 04:00:00,9.0,84.5,6.5,
16,2025-04-02 04:30:00,9.5,84.0,6.9,
17,2025-04-02 05:00:00,9.5,80.5,6.3,
18,2025-04-02 05:30:00,9.5,85.0,7.1,
19,2025-04-02 06:00:00,10.0,83.5,7.3,
20,2025-04-02 06:30:00,9.5,81.5,6.5,
21,2025-04-02 07:00:00,9.0,84.0,6.4,
22,2025-04-02 07:30:00,10.0,83.0,7.3,
23,2025-04-02 08:00:00,11.5,81.0,8.4,
24,2025-04-02 08:30:00,13.0,73.0,8.3,
25,2025-04-02 09:00:00,14.0,68.0,8.2,
26,2025-04-02 09:30:00,15.0,64.5,8.4,
27,2025-04-02 10:00:00,15.5,62.5,8.4,
28,2025-04-02 10:30:00,16.5,59.5,8.6,
29,2025-04-02 11:00:00,16.5,53.0,6.9,
30,2025-04-02 11:30:00,16.5,52.5,6.8,
31,2025-04-02 12:00:00,16.5,54.5,7.3,
32,2025-04-02 12:30:00,17.5,52.0,7.5,
33,2025-04-02 13:00:00,17.5,55.5,8.5,
34,2025-04-02 13:30:00,17.0,57.0,8.4,
35,2025-04-02 14:00:00,17.0,55.5,8.0,
36,2025-04-02 14:30:00,17.0,57.0,8.4,
37,2025-04-02 15:00:00,17.0,56.5,8.3,
38,2025-04-02 15:30:00,16.5,57.5,8.1,
39,2025-04-02 16:00:00,16.0,58.5,7.9,
40,2025-04-02 16:30:00,15.5,57.5,7.2,
41,2025-04-02 17:00:00,14.5,60.5,7.0,
42,2025-04-02 17:30:00,13.0,66.0,6.8,
43,2025-04-02 18:00:00,13.0,65.0,6.6,
44,2025-04-02 18:30:00,12.5,68.0,6.8,
45,2025-04-02 19:00:00,11.5,71.5,6.5,
46,2025-04-02 19:30:00,11.0,71.0,6.0,
47,2025-04-02 20:00:00,11.0,72.5,6.3,
48,2025-04-02 20:30:00,10.5,73.5,6.0,
49,2025-04-02 21:00:00,10.5,72.5,5.8,
50,2025-04-02 21:30:00,10.5,75.5,6.4,
51,2025-04-02 22:00:00,10.0,75.5,5.9,
52,2025-04-02 22:30:00,10.0,74.5,5.7,
53,2025-04-02 23:00:00,10.0,75.5,5.9,
54,2025-04-02 23:30:00,9.5,75.0,5.3,
55,2025-04-03 00:00:00,10.0,72.5,5.3,
56,2025-04-03 00:30:00,10.0,74.5,5.7,
57,2025-04-03 01:00:00,10.0,75.5,5.9,
58,2025-04-03 01:30:00,9.5,78.0,5.9,
59,2025-04-03 02:00:00,9.5,79.5,6.1,
60,2025-04-03 02:30:00,9.0,81.0,5.9,
61,2025-04-03 03:00:00,9.0,82.5,6.2,
62,2025-04-03 03:30:00,9.0,82.0,6.1,
63,2025-04-03 04:00:00,9.0,83.0,6.3,
64,2025-04-03 04:30:00,8.5,84.0,6.0,
65,2025-04-03 05:00:00,8.0,85.5,5.7,
66,2025-04-03 05:30:00,7.5,87.0,5.5,
67,2025-04-03 06:00:00,8.0,85.5,5.7,
68,2025-04-03 06:30:00,6.5,88.5,4.7,
69,2025-04-03 07:00:00,7.5,85.0,5.1,
70,2025-04-03 07:30:00,9.0,79.5,5.7,
71,2025-04-03 08:00:00,12.0,69.0,6.5,
72,2025-04-03 08:30:00,13.5,62.0,6.4,
73,2025-04-03 09:00:00,15.5,56.5,6.9,
74,2025-04-03 09:30:00,17.0,53.5,7.5,
75,2025-04-03 10:00:00,18.0,51.5,7.9,
76,2025-04-03 10:30:00,17.5,53.0,7.8,
77,2025-04-03 11:00:00,17.5,54.5,8.2,
78,2025-04-03 11:30:00,17.0,52.5,7.2,
79,2025-04-03 12:00:00,17.0,52.0,7.1,
80,2025-04-03 12:30:00,16.0,57.0,7.5,
81,2025-04-03 13:00:00,16.5,54.0,7.2,
82,2025-04-03 13:30:00,18.5,51.5,8.3,
83,2025-04-03 14:00:00,18.5,53.5,8.9,
84,2025-04-03 14:30:00,18.0,55.5,9.0,
85,2025-04-03 15:00:00,17.5,56.5,8.8,
86,2025-04-03 15:30:00,17.0,56.5,8.3,
87,2025-04-03 16:00:00,17.0,57.0,8.4,
88,2025-04-03 16:30:00,16.5,57.5,8.1,
89,2025-04-03 17:00:00,16.0,59.0,8.0,
90,2025-04-03 17:30:00,15.0,61.0,7.5,
91,2025-04-03 18:00:00,14.0,64.5,7.4,
92,2025-04-03 18:30:00,13.0,66.0,6.8,
93,2025-04-03 19:00:00,12.5,66.5,6.4,
94,2025-04-03 19:30:00,11.5,69.5,6.1,
95,2025-04-03 20:00:00,11.0,70.0,5.7,
96,2025-04-03 20:30:00,10.5,73.5,6.0,
97,2025-04-03 21:00:00,10.5,72.5,5.8,
98,2025-04-03 21:30:00,10.5,74.0,6.1,
99,2025-04-03 22:00:00,10.5,74.0,6.1,
100,2025-04-03 22:30:00,10.0,73.0,5.4,
101,2025-04-03 23:00:00,9.5,74.5,5.2,
102,2025-04-03 23:30:00,10.5,75.5,6.4,
103,2025-04-04 00:00:00,10.5,77.5,6.7,
104,2025-04-04 00:30:00,9.0,80.5,5.8,
105,2025-04-04 01:00:00,8.0,83.0,5.3,
106,2025-04-04 01:30:00,9.5,86.5,7.4,
107,2025-04-04 02:00:00,9.0,86.0,6.8,
108,2025-04-04 02:30:00,8.5,86.5,6.4,
109,2025-04-04 03:00:00,8.0,86.5,5.9,
110,2025-04-04 03:30:00,10.0,81.0,6.9,
111,2025-04-04 04:00:00,9.5,79.0,6.0,
112,2025-04-04 04:30:00,9.5,78.5,6.0,
113,2025-04-04 05:00:00,10.0,74.5,5.7,
114,2025-04-04 05:30:00,11.0,68.5,5.4,
115,2025-04-04 06:00:00,11.0,68.0,5.3,
116,2025-04-04 06:30:00,10.5,67.5,4.7,
117,2025-04-04 07:00:00,10.5,68.5,5.0,
118,2025-04-04 07:30:00,11.5,66.0,5.4,
119,2025-04-04 08:00:00,12.5,60.5,5.1,
120,2025-04-04 08:30:00,14.5,55.5,5.7,
121,2025-04-04 09:00:00,18.0,51.0,7.7,
122,2025-04-04 09:30:00,19.5,46.5,7.7,
123,2025-04-04 10:00:00,21.5,42.0,8.1,
124,2025-04-04 10:30:00,23.5,37.0,8.0,
125,2025-04-04 11:00:00,24.5,38.0,9.3,
126,2025-04-04 11:30:00,23.0,41.0,9.0,
127,2025-04-04 12:00:00,24.0,39.0,9.2,
128,2025-04-04 12:30:00,23.0,42.0,9.4,
129,2025-04-04 13:00:00,22.0,43.0,8.9,
130,2025-04-04 13:30:00,21.5,44.5,8.9,
131,2025-04-04 14:00:00,21.5,44.5,8.9,
132,2025-04-04 14:30:00,21.5,44.0,8.7,
133,2025-04-04 15:00:00,21.5,44.5,8.9,
134,2025-04-04 15:30:00,22.0,43.5,9.0,
135,2025-04-04 16:00:00,21.0,42.5,7.8,
136,2025-04-04 16:30:00,20.5,43.0,7.5,
137,2025-04-04 17:00:00,18.5,44.0,6.0,
138,2025-04-04 17:30:00,17.5,48.5,6.5,
139,2025-04-04 18:00:00,17.5,50.0,7.0,
140,2025-04-04 18:30:00,16.5,49.5,5.9,
141,2025-04-04 19:00:00,15.5,51.0,5.4,
142,2025-04-04 19:30:00,15.0,51.5,5.1,
143,2025-04-04 20:00:00,14.5,50.5,4.4,
144,2025-04-04 20:30:00,13.0,59.0,5.2,
145,2025-04-04 21:00:00,13.5,51.0,3.6,
146,2025-04-04 21:30:00,13.5,52.5,4.0,
147,2025-04-04 22:00:00,12.5,60.5,5.1,
148,2025-04-04 22:30:00,12.5,60.5,5.1,
149,2025-04-04 23:00:00,13.5,59.0,5.7,
150,2025-04-04 23:30:00,11.0,68.5,5.4,
151,2025-04-05 00:00:00,12.5,64.5,6.0,
152,2025-04-05 00:30:00,13.0,62.0,5.9,
153,2025-04-05 01:00:00,13.0,64.0,6.4,
154,2025-04-05 01:30:00,13.5,61.0,6.1,
155,2025-04-05 02:00:00,11.5,64.0,4.9,
156,2025-04-05 02:30:00,13.0,58.0,4.9,
157,2025-04-05 03:00:00,14.0,54.5,5.0,
158,2025-04-05 03:30:00,12.5,56.5,4.1,
159,2025-04-05 04:00:00,13.0,52.5,3.5,
160,2025-04-05 04:30:00,13.0,52.0,3.4,
161,2025-04-05 05:00:00,12.0,55.0,3.3,
162,2025-04-05 05:30:00,13.0,52.5,3.5,
163,2025-04-05 06:00:00,15.0,46.0,3.5,
164,2025-04-05 06:30:00,15.5,42.5,2.8,
165,2025-04-05 07:00:00,15.5,42.0,2.7,
166,2025-04-05 07:30:00,17.5,39.0,3.4,
167,2025-04-05 08:00:00,19.0,40.5,5.3,
168,2025-04-05 08:30:00,18.5,47.5,7.1,
169,2025-04-05 09:00:00,20.0,45.0,7.7,
170,2025-04-05 09:30:00,21.0,42.5,7.8,
171,2025-04-05 10:00:00,21.0,40.5,7.1,
172,2025-04-05 10:30:00,24.0,40.5,9.8,
173,2025-04-05 11:00:00,24.5,38.5,9.5,
174,2025-04-05 11:30:00,23.5,35.0,7.2,
175,2025-04-05 12:00:00,23.5,32.0,5.9,
176,2025-04-05 12:30:00,23.5,32.5,6.1,
177,2025-04-05 13:00:00,23.5,33.0,6.3,
178,2025-04-05 13:30:00,24.5,32.0,6.7,
179,2025-04-05 14:00:00,26.0,29.0,6.6,
180,2025-04-05 14:30:00,26.0,29.5,6.8,
181,2025-04-05 15:00:00,24.5,29.5,5.6,
182,2025-04-05 15:30:00,22.5,37.5,7.3,
183,2025-04-05 16:00:00,20.5,52.0,10.3,
184,2025-04-05 16:30:00,20.5,50.0,9.7,
185,2025-04-05 17:00:00,19.5,49.5,8.7,
186,2025-04-05 17:30:00,18.5,49.5,7.7,
187,2025-04-05 18:00:00,17.5,50.0,7.0,
188,2025-04-05 18:30:00,17.0,51.0,6.8,
189,2025-04-05 19:00:00,16.5,50.5,6.2,
190,2025-04-05 19:30:00,16.0,45.0,4.1,
191,2025-04-05 20:00:00,15.0,46.0,3.5,
192,2025-04-05 20:30:00,15.0,44.0,2.9,
193,2025-04-05 21:00:00,14.5,41.5,1.6,
194,2025-04-05 21:30:00,15.0,41.0,1.9,
195,2025-04-05 22:00:00,16.0,42.0,3.1,
196,2025-04-05 22:30:00,15.5,44.0,3.3,
197,2025-04-05 23:00:00,16.5,40.0,2.9,
198,2025-04-05 23:30:00,16.5,39.0,2.5,
199,2025-04-06 00:00:00,16.5,40.0,2.9,
200,2025-04-06 00:30:00,15.5,42.5,2.8,
201,2025-04-06 01:00:00,16.0,42.5,3.3,
202,2025-04-06 01:30:00,15.5,45.0,3.6,
203,2025-04-06 02:00:00,15.0,47.0,3.8,
204,2025-04-06 02:30:00,15.0,47.5,3.9,
205,2025-04-06 03:00:00,14.5,49.5,4.1,
206,2025-04-06 03:30:00,14.5,48.5,3.8,
207,2025-04-06 04:00:00,14.5,48.5,3.8,
208,2025-04-06 04:30:00,14.5,49.5,4.1,
209,2025-04-06 05:00:00,15.5,46.5,4.1,
210,2025-04-06 05:30:00,13.5,51.5,3.7,
211,2025-04-06 06:00:00,14.0,49.5,3.6,
212,2025-04-06 06:30:00,12.0,55.5,3.4,
213,2025-04-06 07:00:00,9.5,63.0,2.8,
214,2025-04-06 07:30:00,12.5,66.0,6.3,
215,2025-04-06 08:00:00,16.0,56.5,7.4,
216,2025-04-06 08:30:00,18.0,48.5,7.0,
217,2025-04-06 09:00:00,18.5,50.0,7.9,
218,2025-04-06 09:30:00,19.0,50.0,8.4,
219,2025-04-06 10:00:00,20.0,47.5,8.5,
220,2025-04-06 10:30:00,20.5,45.0,8.2,
221,2025-04-06 11:00:00,20.5,51.0,10.0,
222,2025-04-06 11:30:00,21.5,48.5,10.2,
223,2025-04-06 12:00:00,23.5,42.0,9.9,
224,2025-04-06 12:30:00,21.5,42.0,8.1,
225,2025-04-06 13:00:00,22.5,45.0,10.0,
226,2025-04-06 13:30:00,24.0,41.5,10.1,
227,2025-04-06 14:00:00,21.0,51.5,10.6,
228,2025-04-06 14:30:00,21.5,51.5,11.1,
229,2025-04-06 15:00:00,19.0,57.5,10.4,
230,2025-04-06 15:30:00,18.0,61.0,10.4,
231,2025-04-06 16:00:00,15.0,69.0,9.4,
232,2025-04-06 16:30:00,14.5,73.5,9.8,
233,2025-04-06 17:00:00,14.0,80.5,10.7,
234,2025-04-06 17:30:00,14.5,79.5,11.0,
235,2025-04-06 18:00:00,14.5,78.5,10.8,
236,2025-04-06 18:30:00,14.5,76.0,10.3,
237,2025-04-06 19:00:00,15.0,68.5,9.3,
238,2025-04-06 19:30:00,15.0,59.5,7.2,
239,2025-04-06 20:00:00,15.0,53.5,5.6,
240,2025-04-06 20:30:00,11.5,83.0,8.7,
241,2025-04-06 21:00:00,11.5,82.0,8.5,
242,2025-04-06 21:30:00,13.0,67.5,7.1,
243,2025-04-06 22:00:00,13.0,69.0,7.5,
244,2025-04-06 22:30:00,13.0,68.0,7.2,
245,2025-04-06 23:00:00,12.5,66.0,6.3,
246,2025-04-06 23:30:00,12.5,64.0,5.9,
247,2025-04-07 00:00:00,13.0,61.0,5.7,
248,2025-04-07 00:30:00,13.0,65.0,6.6,
249,2025-04-07 01:00:00,12.5,67.5,6.7,
250,2025-04-07 01:30:00,15.0,58.5,6.9,
251,2025-04-07 02:00:00,13.0,65.0,6.6,
252,2025-04-07 02:30:00,11.5,70.0,6.2,
253,2025-04-07 03:00:00,13.0,63.5,6.2,
254,2025-04-07 03:30:00,13.0,57.5,4.8,
255,2025-04-07 04:00:00,13.5,56.5,5.0,
256,2025-04-07 04:30:00,13.5,57.5,5.3,
257,2025-04-07 05:00:00,13.0,57.0,4.7,
258,2025-04-07 05:30:00,13.0,58.0,4.9,
259,2025-04-07 06:00:00,13.0,59.5,5.3,
260,2025-04-07 06:30:00,13.5,57.5,5.3,
261,2025-04-07 07:00:00,14.0,57.0,5.6,
262,2025-04-07 07:30:00,16.0,52.0,6.2,
263,2025-04-07 08:00:00,17.5,48.0,6.4,
264,2025-04-07 08:30:00,18.5,49.0,7.6,
265,2025-04-07 09:00:00,20.5,47.5,9.0,
266,2025-04-07 09:30:00,21.5,49.0,10.3,
267,2025-04-07 10:00:00,22.0,44.5,9.4,
268,2025-04-07 10:30:00,23.0,43.0,9.8,
269,2025-04-07 11:00:00,24.0,40.5,9.8,
270,2025-04-07 11:30:00,23.0,44.0,10.1,
271,2025-04-07 12:00:00,21.0,49.5,10.0,
272,2025-04-07 12:30:00,23.0,44.5,10.3,
273,2025-04-07 13:00:00,23.5,45.5,11.1,
274,2025-04-07 13:30:00,22.0,50.5,11.3,
275,2025-04-07 14:00:00,20.5,57.5,11.8,
276,2025-04-07 14:30:00,22.0,54.5,12.4,
277,2025-04-07 15:00:00,20.5,61.0,12.7,
278,2025-04-07 15:30:00,20.5,61.0,12.7,
279,2025-04-07 16:00:00,20.5,62.5,13.1,
280,2025-04-07 16:30:00,20.5,62.5,13.1,
281,2025-04-07 17:00:00,20.0,62.0,12.5,
282,2025-04-07 17:30:00,19.0,66.5,12.6,
283,2025-04-07 18:00:00,16.0,73.5,11.3,
284,2025-04-07 18:30:00,16.0,72.0,11.0,
285,2025-04-07 19:00:00,16.5,69.0,10.8,
286,2025-04-07 19:30:00,16.5,68.0,10.6,
287,2025-04-07 20:00:00,16.5,66.5,10.2,
288,2025-04-07 20:30:00,16.0,65.5,9.5,
289,2025-04-07 21:00:00,16.0,60.0,8.2,
290,2025-04-07 21:30:00,16.0,58.5,7.9,
291,2025-04-07 22:00:00,15.5,57.5,7.2,
292,2025-04-07 22:30:00,15.0,59.5,7.2,
293,2025-04-07 23:00:00,15.0,61.5,7.7,
294,2025-04-07 23:30:00,14.5,64.5,7.9,
295,2025-04-08 00:00:00,14.0,66.0,7.8,
296,2025-04-08 00:30:00,13.5,70.5,8.2,
297,2025-04-08 01:00:00,13.0,75.0,8.7,
298,2025-04-08 01:30:00,12.5,77.0,8.6,
299,2025-04-08 02:00:00,12.0,80.5,8.8,
300,2025-04-08 02:30:00,12.0,82.0,9.0,
301,2025-04-08 03:00:00,12.0,80.5,8.8,
302,2025-04-08 03:30:00,13.5,76.0,9.4,
303,2025-04-08 04:00:00,14.0,74.0,9.4,
304,2025-04-08 04:30:00,14.0,74.0,9.4,
305,2025-04-08 05:00:00,15.0,71.5,9.9,
306,2025-04-08 05:30:00,14.0,73.5,9.3,
307,2025-04-08 06:00:00,15.0,72.0,10.0,
308,2025-04-08 06:30:00,14.5,73.0,9.7,
309,2025-04-08 07:00:00,15.0,69.5,9.5,
310,2025-04-08 07:30:00,15.5,69.5,10.0,
311,2025-04-08 08:00:00,18.0,64.5,11.2,
312,2025-04-08 08:30:00,17.5,63.5,10.5,
313,2025-04-08 09:00:00,20.0,59.5,11.9,
314,2025-04-08 09:30:00,23.0,54.5,13.3,
315,2025-04-08 10:00:00,23.5,51.5,12.9,
316,2025-04-08 10:30:00,23.5,51.0,12.8,
317,2025-04-08 11:00:00,24.5,50.0,13.4,
318,2025-04-08 11:30:00,27.5,42.5,13.6,
319,2025-04-08 12:00:00,24.0,49.5,12.8,
320,2025-04-08 12:30:00,22.0,52.0,11.7,
321,2025-04-08 13:00:00,21.5,53.0,11.5,
322,2025-04-08 13:30:00,21.0,55.0,11.6,
323,2025-04-08 14:00:00,21.5,54.5,11.9,
324,2025-04-08 14:30:00,21.5,52.5,11.4,
325,2025-04-08 15:00:00,21.0,53.5,11.2,
326,2025-04-08 15:30:00,21.0,53.0,11.1,
327,2025-04-08 16:00:00,20.5,53.5,10.7,
328,2025-04-08 16:30:00,20.5,54.0,10.9,
329,2025-04-08 17:00:00,19.5,54.5,10.1,
330,2025-04-08 17:30:00,18.0,59.0,9.9,
331,2025-04-08 18:00:00,17.0,60.5,9.3,
332,2025-04-08 18:30:00,17.0,60.5,9.3,
333,2025-04-08 19:00:00,16.0,63.0,9.0,
334,2025-04-08 19:30:00,16.5,61.0,9.0,
335,2025-04-08 20:00:00,16.5,60.0,8.7,
336,2025-04-08 20:30:00,17.0,58.5,8.8,
337,2025-04-08 21:00:00,16.5,59.5,8.6,
338,2025-04-08 21:30:00,16.0,61.5,8.6,
339,2025-04-08 22:00:00,15.0,64.0,8.3,
340,2025-04-08 22:30:00,12.0,74.5,7.6,
341,2025-04-08 23:00:00,13.0,72.5,8.2,
342,2025-04-08 23:30:00,13.0,74.5,8.6,
343,2025-04-09 00:00:00,13.0,76.5,9.0,
344,2025-04-09 00:30:00,13.0,77.0,9.1,
345,2025-04-09 01:00:00,13.0,78.5,9.4,
346,2025-04-09 01:30:00,13.0,78.0,9.3,
347,2025-04-09 02:00:00,13.5,77.0,9.6,
348,2025-04-09 02:30:00,13.5,76.0,9.4,
349,2025-04-09 03:00:00,14.0,74.0,9.4,
350,2025-04-09 03:30:00,13.5,76.0,9.4,
351,2025-04-09 04:00:00,14.0,74.5,9.5,
352,2025-04-09 04:30:00,14.0,73.5,9.3,
353,2025-04-09 05:00:00,15.0,71.5,9.9,
354,2025-04-09 05:30:00,14.5,73.0,9.7,
355,2025-04-09 06:00:00,15.0,71.5,9.9,
356,2025-04-09 06:30:00,12.5,76.5,8.5,
357,2025-04-09 07:00:00,10.5,81.5,7.5,
358,2025-04-09 07:30:00,15.0,76.0,10.8,
359,2025-04-09 08:00:00,18.5,65.5,11.9,
360,2025-04-09 08:30:00,19.5,61.0,11.8,
361,2025-04-09 09:00:00,20.0,61.5,12.4,
362,2025-04-09 09:30:00,20.0,60.0,12.0,
363,2025-04-09 10:00:00,20.0,60.5,12.1,
364,2025-04-09 10:30:00,21.0,59.0,12.7,
365,2025-04-09 11:00:00,21.5,57.5,12.8,
366,2025-04-09 11:30:00,21.5,54.5,11.9,
367,2025-04-09 12:00:00,22.5,52.5,12.3,
368,2025-04-09 12:30:00,22.5,50.0,11.6,
369,2025-04-09 13:00:00,23.5,49.5,12.3,
370,2025-04-09 13:30:00,24.0,49.0,12.6,
371,2025-04-09 14:00:00,24.5,46.0,12.1,
372,2025-04-09 14:30:00,24.5,46.0,12.1,
373,2025-04-09 15:00:00,25.5,45.5,12.9,
374,2025-04-09 15:30:00,23.0,51.5,12.5,
375,2025-04-09 16:00:00,23.0,52.0,12.6,
376,2025-04-09 16:30:00,22.0,52.5,11.8,
377,2025-04-09 17:00:00,21.5,53.0,11.5,
378,2025-04-09 17:30:00,18.0,61.5,10.5,
379,2025-04-09 18:00:00,17.5,64.5,10.7,
380,2025-04-09 18:30:00,16.5,67.5,10.5,
381,2025-04-09 19:00:00,15.0,71.0,9.8,
382,2025-04-09 19:30:00,14.0,76.0,9.8,
383,2025-04-09 20:00:00,13.0,79.5,9.5,
384,2025-04-09 20:30:00,12.5,81.5,9.4,
385,2025-04-09 21:00:00,12.5,81.5,9.4,
386,2025-04-09 21:30:00,13.5,73.5,8.9,
387,2025-04-09 22:00:00,16.5,63.5,9.6,
388,2025-04-09 22:30:00,16.5,63.0,9.4,
389,2025-04-09 23:00:00,16.0,65.5,9.5,
390,2025-04-09 23:30:00,16.0,65.5,9.5,
391,2025-04-10 00:00:00,14.0,70.0,8.6,
392,2025-04-10 00:30:00,13.5,74.0,9.0,
393,2025-04-10 01:00:00,12.0,80.5,8.8,
394,2025-04-10 01:30:00,11.5,80.5,8.3,
395,2025-04-10 02:00:00,11.0,85.0,8.6,
396,2025-04-10 02:30:00,10.5,86.0,8.3,
397,2025-04-10 03:00:00,10.5,87.5,8.5,
398,2025-04-10 03:30:00,9.5,89.5,7.9,
399,2025-04-10 04:00:00,9.5,90.0,7.9,
400,2025-04-10 04:30:00,10.0,91.5,8.7,
401,2025-04-10 05:00:00,10.0,91.0,8.6,
402,2025-04-10 05:30:00,9.5,91.5,8.2,
403,2025-04-10 06:00:00,9.5,91.5,8.2,
404,2025-04-10 06:30:00,9.0,92.0,7.8,
405,2025-04-10 07:00:00,9.0,92.5,7.9,
406,2025-04-10 07:30:00,12.5,88.0,10.6,
407,2025-04-10 08:00:00,11.5,89.5,9.8,
408,2025-04-10 08:30:00,20.0,71.0,14.6,
409,2025-04-10 09:00:00,20.0,63.0,12.7,
410,2025-04-10 09:30:00,22.0,58.5,13.5,
411,2025-04-10 10:00:00,21.5,58.0,12.9,
412,2025-04-10 10:30:00,22.0,56.0,12.8,
413,2025-04-10 11:00:00,23.5,54.0,13.7,
414,2025-04-10 11:30:00,21.5,58.0,12.9,
415,2025-04-10 12:00:00,21.5,57.5,12.8,
416,2025-04-10 12:30:00,19.5,64.0,12.5,
417,2025-04-10 13:00:00,18.5,63.5,11.4,
418,2025-04-10 13:30:00,21.0,61.5,13.3,
419,2025-04-10 14:00:00,20.0,63.0,12.7,
420,2025-04-10 14:30:00,21.0,57.5,12.3,
421,2025-04-10 15:00:00,24.0,53.0,13.8,
422,2025-04-10 15:30:00,21.0,56.5,12.0,
423,2025-04-10 16:00:00,22.0,55.0,12.5,
424,2025-04-10 16:30:00,24.5,48.5,12.9,
425,2025-04-10 17:00:00,23.0,50.5,12.2,
426,2025-04-10 17:30:00,21.0,55.5,11.8,
427,2025-04-10 18:00:00,18.5,59.5,10.5,
428,2025-04-10 18:30:00,19.0,59.0,10.8,
429,2025-04-10 19:00:00,18.5,59.5,10.5,
430,2025-04-10 19:30:00,19.5,52.0,9.4,
431,2025-04-10 20:00:00,18.5,54.0,9.0,
432,2025-04-10 20:30:00,17.5,57.5,9.0,
433,2025-04-10 21:00:00,16.5,60.0,8.7,
434,2025-04-10 21:30:00,16.5,60.0,8.7,
435,2025-04-10 22:00:00,16.5,60.0,8.7,
436,2025-04-10 22:30:00,17.0,56.5,8.3,
437,2025-04-10 23:00:00,18.0,54.5,8.7,
438,2025-04-10 23:30:00,17.5,56.5,8.8,
439,2025-04-11 00:00:00,18.0,56.0,9.1,
440,2025-04-11 00:30:00,18.5,54.5,9.2,
441,2025-04-11 01:00:00,18.5,55.5,9.4,
442,2025-04-11 01:30:00,12.5,79.0,9.0,
443,2025-04-11 02:00:00,13.0,78.5,9.4,
444,2025-04-11 02:30:00,14.0,74.0,9.4,
445,2025-04-11 03:00:00,14.0,77.5,10.1,
446,2025-04-11 03:30:00,17.0,65.0,10.4,
447,2025-04-11 04:00:00,18.0,62.0,10.6,
448,2025-04-11 04:30:00,14.5,74.0,9.9,
449,2025-04-11 05:00:00,17.5,63.5,10.5,
450,2025-04-11 05:30:00,18.5,59.5,10.5,
451,2025-04-11 06:00:00,17.0,65.0,10.4,
452,2025-04-11 06:30:00,13.5,73.5,8.9,
453,2025-04-11 07:00:00,13.0,78.0,9.3,
454,2025-04-11 07:30:00,17.0,70.0,11.5,
455,2025-04-11 08:00:00,17.0,65.5,10.5,
456,2025-04-11 08:30:00,14.5,80.0,11.1,
457,2025-04-11 09:00:00,21.0,63.0,13.7,
458,2025-04-11 09:30:00,24.0,53.5,14.0,
459,2025-04-11 10:00:00,22.5,54.0,12.7,
460,2025-04-11 10:30:00,23.5,54.5,13.8,
461,2025-04-11 11:00:00,24.5,50.0,13.4,
462,2025-04-11 11:30:00,27.5,45.5,14.7,
463,2025-04-11 12:00:00,28.0,44.5,14.8,
464,2025-04-11 12:30:00,26.5,47.0,14.3,
465,2025-04-11 13:00:00,29.0,42.5,15.0,
466,2025-04-11 13:30:00,24.5,47.0,12.5,
467,2025-04-11 14:00:00,21.5,56.0,12.4,
468,2025-04-11 14:30:00,20.5,59.0,12.2,
469,2025-04-11 15:00:00,21.0,58.5,12.6,
470,2025-04-11 15:30:00,22.0,54.5,12.4,
471,2025-04-11 16:00:00,24.0,50.5,13.1,
472,2025-04-11 16:30:00,20.5,56.5,11.6,
473,2025-04-11 17:00:00,20.5,56.5,11.6,
474,2025-04-11 17:30:00,20.5,54.0,10.9,
475,2025-04-11 18:00:00,20.5,53.5,10.7,
476,2025-04-11 18:30:00,20.0,52.0,9.9,
477,2025-04-11 19:00:00,18.5,55.0,9.3,
478,2025-04-11 19:30:00,18.0,55.0,8.8,
479,2025-04-11 20:00:00,16.5,60.5,8.8,
480,2025-04-11 20:30:00,16.5,59.0,8.5,
481,2025-04-11 21:00:00,15.5,63.5,8.6,
482,2025-04-11 21:30:00,15.0,65.5,8.6,
483,2025-04-11 22:00:00,15.0,67.0,8.9,
484,2025-04-11 22:30:00,14.5,68.0,8.7,
485,2025-04-11 23:00:00,15.0,67.0,8.9,
486,2025-04-11 23:30:00,14.0,68.5,8.3,
487,2025-04-12 00:00:00,14.5,66.0,8.2,
488,2025-04-12 00:30:00,14.0,67.0,8.0,
489,2025-04-12 01:00:00,13.5,69.5,8.0,
490,2025-04-12 01:30:00,13.5,68.5,7.8,
491,2025-04-12 02:00:00,13.5,71.5,8.5,
492,2025-04-12 02:30:00,13.5,73.0,8.8,
493,2025-04-12 03:00:00,13.0,76.0,8.9,
494,2025-04-12 03:30:00,12.0,80.0,8.7,
495,2025-04-12 04:00:00,12.0,81.5,8.9,
496,2025-04-12 04:30:00,11.5,82.0,8.5,
497,2025-04-12 05:00:00,11.5,80.5,8.3,
498,2025-04-12 05:30:00,11.5,83.0,8.7,
499,2025-04-12 06:00:00,11.0,84.5,8.5,
500,2025-04-12 06:30:00,10.5,86.0,8.3,
501,2025-04-12 07:00:00,10.5,85.5,8.2,
502,2025-04-12 07:30:00,13.5,78.5,9.8,
503,2025-04-12 08:00:00,15.5,69.5,10.0,
504,2025-04-12 08:30:00,17.5,64.5,10.7,
505,2025-04-12 09:00:00,18.5,60.5,10.7,
506,2025-04-12 09:30:00,18.5,62.0,11.1,
507,2025-04-12 10:00:00,18.5,60.0,10.6,
508,2025-04-12 10:30:00,19.0,58.0,10.6,
509,2025-04-12 11:00:00,19.5,56.5,10.6,
510,2025-04-12 11:30:00,20.0,53.5,10.3,
511,2025-04-12 12:00:00,20.5,53.0,10.6,
512,2025-04-12 12:30:00,20.0,54.0,10.4,
513,2025-04-12 13:00:00,20.0,53.0,10.1,
514,2025-04-12 13:30:00,20.0,53.0,10.1,
515,2025-04-12 14:00:00,20.0,52.5,10.0,
516,2025-04-12 14:30:00,19.5,54.0,10.0,
517,2025-04-12 15:00:00,19.5,54.0,10.0,
518,2025-04-12 15:30:00,19.0,54.0,9.5,
519,2025-04-12 16:00:00,19.0,55.0,9.8,
520,2025-04-12 16:30:00,18.5,54.5,9.2,
521,2025-04-12 17:00:00,17.5,56.0,8.6,
522,2025-04-12 17:30:00,16.5,59.5,8.6,
523,2025-04-12 18:00:00,15.0,64.0,8.3,
524,2025-04-12 18:30:00,14.5,63.0,7.5,
525,2025-04-12 19:00:00,13.5,65.5,7.2,
526,2025-04-12 19:30:00,12.5,65.5,6.2,
527,2025-04-12 20:00:00,12.0,67.0,6.1,
528,2025-04-12 20:30:00,11.5,69.5,6.1,
529,2025-04-12 21:00:00,11.5,71.5,6.5,
530,2025-04-12 21:30:00,11.0,74.0,6.6,
531,2025-04-12 22:00:00,11.0,75.5,6.8,
532,2025-04-12 22:30:00,11.0,76.5,7.0,
533,2025-04-12 23:00:00,10.5,79.5,7.1,
534,2025-04-12 23:30:00,10.5,79.5,7.1,
535,2025-04-13 00:00:00,10.5,80.5,7.3,
536,2025-04-13 00:30:00,10.0,81.5,7.0,
537,2025-04-13 01:00:00,10.0,82.5,7.2,
538,2025-04-13 01:30:00,10.0,83.5,7.3,
539,2025-04-13 02:00:00,10.0,84.5,7.5,
540,2025-04-13 02:30:00,10.0,84.5,7.5,
541,2025-04-13 03:00:00,9.5,85.5,7.2,
542,2025-04-13 03:30:00,9.5,87.5,7.5,
543,2025-04-13 04:00:00,9.5,87.0,7.4,
544,2025-04-13 04:30:00,9.5,87.5,7.5,
545,2025-04-13 05:00:00,9.5,88.5,7.7,
546,2025-04-13 05:30:00,9.0,88.5,7.2,
547,2025-04-13 06:00:00,9.5,88.0,7.6,
548,2025-04-13 06:30:00,9.5,89.0,7.8,
549,2025-04-13 07:00:00,9.5,90.0,7.9,
550,2025-04-13 07:30:00,11.5,82.0,8.5,
551,2025-04-13 08:00:00,13.0,76.5,9.0,
552,2025-04-13 08:30:00,16.0,66.0,9.7,
553,2025-04-13 09:00:00,17.0,63.5,10.0,
554,2025-04-13 09:30:00,19.0,60.5,11.2,
555,2025-04-13 10:00:00,18.0,63.0,10.9,
556,2025-04-13 10:30:00,19.5,58.0,11.0,
557,2025-04-13 11:00:00,19.5,56.0,10.5,
558,2025-04-13 11:30:00,19.5,57.5,10.9,
559,2025-04-13 12:00:00,20.0,55.5,10.8,
560,2025-04-13 12:30:00,20.0,54.5,10.6,
561,2025-04-13 13:00:00,19.0,57.5,10.4,
562,2025-04-13 13:30:00,20.0,55.5,10.8,
563,2025-04-13 14:00:00,19.5,55.5,10.4,
564,2025-04-13 14:30:00,19.5,55.0,10.2,
565,2025-04-13 15:00:00,19.0,57.5,10.4,
566,2025-04-13 15:30:00,18.0,59.0,9.9,
567,2025-04-13 16:00:00,17.0,62.0,9.7,
568,2025-04-13 16:30:00,17.0,62.5,9.8,
569,2025-04-13 17:00:00,16.5,64.0,9.7,
570,2025-04-13 17:30:00,15.5,67.0,9.4,
571,2025-04-13 18:00:00,14.0,72.0,9.0,
572,2025-04-13 18:30:00,13.5,76.5,9.5,
573,2025-04-13 19:00:00,12.5,79.0,9.0,
574,2025-04-13 19:30:00,12.0,82.0,9.0,
575,2025-04-13 20:00:00,11.0,86.0,8.8,
576,2025-04-13 20:30:00,10.0,87.5,8.0,
577,2025-04-13 21:00:00,10.0,91.0,8.6,
578,2025-04-13 21:30:00,9.5,91.5,8.2,
579,2025-04-13 22:00:00,9.5,93.5,8.5,
580,2025-04-13 22:30:00,10.0,94.0,9.1,
581,2025-04-13 23:00:00,10.0,94.0,9.1,
582,2025-04-13 23:30:00,10.0,94.5,9.2,
583,2025-04-14 00:00:00,9.5,95.0,8.7,
584,2025-04-14 00:30:00,9.5,95.5,8.8,
585,2025-04-14 01:00:00,9.5,96.0,8.9,
586,2025-04-14 01:30:00,8.5,94.5,7.7,
587,2025-04-14 02:00:00,9.0,96.5,8.5,
588,2025-04-14 02:30:00,9.5,96.0,8.9,
589,2025-04-14 03:00:00,8.5,95.0,7.7,
590,2025-04-14 03:30:00,9.5,96.5,9.0,
591,2025-04-14 04:00:00,10.5,97.0,10.0,
592,2025-04-14 04:30:00,10.5,97.0,10.0,
593,2025-04-14 05:00:00,10.5,96.5,10.0,
594,2025-04-14 05:30:00,10.5,97.5,10.1,
595,2025-04-14 06:00:00,10.5,97.5,10.1,
596,2025-04-14 06:30:00,10.5,98.0,10.2,
597,2025-04-14 07:00:00,10.5,98.0,10.2,
598,2025-04-14 07:30:00,10.5,98.5,10.3,
599,2025-04-14 08:00:00,10.5,98.5,10.3,
600,2025-04-14 08:30:00,11.0,98.0,10.7,
601,2025-04-14 09:00:00,11.0,97.0,10.5,
602,2025-04-14 09:30:00,11.5,95.0,10.7,
603,2025-04-14 10:00:00,12.0,91.0,10.6,
604,2025-04-14 10:30:00,12.5,88.0,10.6,
605,2025-04-14 11:00:00,13.5,85.5,11.1,
606,2025-04-14 11:30:00,14.5,82.0,11.5,
607,2025-04-14 12:00:00,14.5,82.5,11.6,
608,2025-04-14 12:30:00,15.0,79.5,11.5,
609,2025-04-14 13:00:00,15.5,76.5,11.4,
610,2025-04-14 13:30:00,15.0,78.0,11.2,
611,2025-04-14 14:00:00,14.5,80.0,11.1,
612,2025-04-14 14:30:00,16.0,75.0,11.6,
613,2025-04-14 15:00:00,17.0,71.5,11.8,
614,2025-04-14 15:30:00,15.5,77.0,11.5,
615,2025-04-14 16:00:00,16.0,75.0,11.6,
616,2025-04-14 16:30:00,16.5,74.0,11.9,
617,2025-04-14 17:00:00,15.0,79.0,11.4,
618,2025-04-14 17:30:00,16.0,76.5,11.9,
619,2025-04-14 18:00:00,15.5,77.0,11.5,
620,2025-04-14 18:30:00,14.5,81.0,11.3,
621,2025-04-14 19:00:00,13.5,84.5,10.9,
622,2025-04-14 19:30:00,12.5,84.5,10.0,
623,2025-04-14 20:00:00,11.0,86.5,8.8,
624,2025-04-14 20:30:00,11.0,89.5,9.3,
625,2025-04-14 21:00:00,11.5,88.0,9.6,
626,2025-04-14 21:30:00,11.5,88.0,9.6,
627,2025-04-14 22:00:00,10.0,90.0,8.4,
628,2025-04-14 22:30:00,9.0,92.0,7.8,
629,2025-04-14 23:00:00,9.0,91.5,7.7,
630,2025-04-14 23:30:00,10.0,91.5,8.7,
631,2025-04-15 00:00:00,10.5,90.5,9.0,
632,2025-04-15 00:30:00,11.0,91.0,9.6,
633,2025-04-15 01:00:00,12.0,88.0,10.1,
634,2025-04-15 01:30:00,12.5,84.0,9.9,
635,2025-04-15 02:00:00,12.5,83.5,9.8,
636,2025-04-15 02:30:00,12.5,84.0,9.9,
637,2025-04-15 03:00:00,12.5,82.0,9.5,
638,2025-04-15 03:30:00,12.0,84.0,9.4,
639,2025-04-15 04:00:00,12.5,83.5,9.8,
640,2025-04-15 04:30:00,12.0,84.0,9.4,
641,2025-04-15 05:00:00,12.0,83.0,9.2,
642,2025-04-15 05:30:00,12.0,80.5,8.8,
643,2025-04-15 06:00:00,11.5,79.5,8.1,
644,2025-04-15 06:30:00,12.0,80.5,8.8,
645,2025-04-15 07:00:00,12.5,79.5,9.1,
646,2025-04-15 07:30:00,12.5,78.0,8.8,
647,2025-04-15 08:00:00,13.0,78.5,9.4,
648,2025-04-15 08:30:00,13.5,77.0,9.6,
649,2025-04-15 09:00:00,14.0,73.5,9.3,
650,2025-04-15 09:30:00,14.5,72.0,9.5,
651,2025-04-15 10:00:00,15.0,69.5,9.5,
652,2025-04-15 10:30:00,15.5,68.0,9.6,
653,2025-04-15 11:00:00,17.0,64.5,10.3,
654,2025-04-15 11:30:00,16.0,67.0,9.9,
655,2025-04-15 12:00:00,18.0,63.5,11.0,
656,2025-04-15 12:30:00,18.5,61.0,10.8,
657,2025-04-15 13:00:00,18.0,62.0,10.6,
658,2025-04-15 13:30:00,18.0,61.5,10.5,
659,2025-04-15 14:00:00,18.0,62.0,10.6,
660,2025-04-15 14:30:00,17.0,63.5,10.0,
661,2025-04-15 15:00:00,17.5,63.5,10.5,
662,2025-04-15 15:30:00,18.0,63.0,10.9,
663,2025-04-15 16:00:00,17.5,66.0,11.1,
664,2025-04-15 16:30:00,16.5,67.0,10.4,
665,2025-04-15 17:00:00,16.5,68.5,10.7,
666,2025-04-15 17:30:00,16.5,67.0,10.4,
667,2025-04-15 18:00:00,15.0,72.5,10.1,
668,2025-04-15 18:30:00,14.0,77.5,10.1,
669,2025-04-15 19:00:00,13.0,80.0,9.6,
670,2025-04-15 19:30:00,12.5,81.5,9.4,
671,2025-04-15 20:00:00,11.5,83.5,8.8,
672,2025-04-15 20:30:00,10.5,83.0,7.7,
673,2025-04-15 21:00:00,9.0,85.5,6.7,
674,2025-04-15 21:30:00,8.0,87.0,6.0,
675,2025-04-15 22:00:00,8.0,88.5,6.2,
676,2025-04-15 22:30:00,8.0,89.0,6.3,
677,2025-04-15 23:00:00,8.5,89.0,6.8,
678,2025-04-15 23:30:00,9.5,89.5,7.9,
679,2025-04-16 00:00:00,9.5,89.0,7.8,
680,2025-04-16 00:30:00,9.5,89.5,7.9,
681,2025-04-16 01:00:00,9.5,90.0,7.9,
682,2025-04-16 01:30:00,9.0,92.0,7.8,
683,2025-04-16 02:00:00,9.5,91.5,8.2,
684,2025-04-16 02:30:00,9.0,92.0,7.8,
685,2025-04-16 03:00:00,9.0,93.0,7.9,
686,2025-04-16 03:30:00,9.0,94.0,8.1,
687,2025-04-16 04:00:00,10.0,94.0,9.1,
688,2025-04-16 04:30:00,10.5,93.0,9.4,
689,2025-04-16 05:00:00,10.5,92.5,9.3,
690,2025-04-16 05:30:00,10.0,91.5,8.7,
691,2025-04-16 06:00:00,8.5,94.5,7.7,
692,2025-04-16 06:30:00,8.5,94.5,7.7,
693,2025-04-16 07:00:00,7.5,94.0,6.6,
694,2025-04-16 07:30:00,10.0,93.0,8.9,
695,2025-04-16 08:00:00,15.5,75.0,11.1,
696,2025-04-16 08:30:00,17.0,72.0,11.9,
697,2025-04-16 09:00:00,17.5,71.0,12.2,
698,2025-04-16 09:30:00,18.0,69.5,12.3,
699,2025-04-16 10:00:00,19.5,66.0,13.0,
700,2025-04-16 10:30:00,20.0,65.0,13.2,
701,2025-04-16 11:00:00,20.0,64.5,13.1,
702,2025-04-16 11:30:00,20.5,63.0,13.2,
703,2025-04-16 12:00:00,21.0,62.0,13.4,
704,2025-04-16 12:30:00,21.0,61.0,13.2,
705,2025-04-16 13:00:00,21.0,60.5,13.1,
706,2025-04-16 13:30:00,21.0,59.0,12.7,
707,2025-04-16 14:00:00,20.5,61.5,12.8,
708,2025-04-16 14:30:00,20.5,60.5,12.6,
709,2025-04-16 15:00:00,20.5,61.0,12.7,
710,2025-04-16 15:30:00,18.5,66.5,12.1,
711,2025-04-16 16:00:00,17.5,70.0,12.0,
712,2025-04-16 16:30:00,18.5,67.0,12.3,
713,2025-04-16 17:00:00,17.5,68.0,11.5,
714,2025-04-16 17:30:00,17.0,67.5,10.9,
715,2025-04-16 18:00:00,16.5,69.0,10.8,
716,2025-04-16 18:30:00,15.5,69.5,10.0,
717,2025-04-16 19:00:00,15.0,73.0,10.2,
718,2025-04-16 19:30:00,14.5,74.5,10.0,
719,2025-04-16 20:00:00,14.0,76.5,9.9,
720,2025-04-16 20:30:00,14.0,77.5,10.1,
721,2025-04-16 21:00:00,13.5,79.0,9.9,
722,2025-04-16 21:30:00,13.5,77.0,9.6,
723,2025-04-16 22:00:00,12.5,77.0,8.6,
724,2025-04-16 22:30:00,11.5,78.0,7.8,
725,2025-04-16 23:00:00,11.0,79.5,7.6,
726,2025-04-16 23:30:00,11.0,79.0,7.5,
727,2025-04-17 00:00:00,11.0,81.5,8.0,
728,2025-04-17 00:30:00,11.5,81.5,8.4,
729,2025-04-17 01:00:00,12.0,80.0,8.7,
730,2025-04-17 01:30:00,12.5,78.5,8.9,
731,2025-04-17 02:00:00,12.5,77.5,8.7,
732,2025-04-17 02:30:00,12.5,77.0,8.6,
733,2025-04-17 03:00:00,12.5,77.5,8.7,
734,2025-04-17 03:30:00,12.5,78.0,8.8,
735,2025-04-17 04:00:00,12.5,79.0,9.0,
736,2025-04-17 04:30:00,12.5,80.5,9.2,
737,2025-04-17 05:00:00,12.5,81.0,9.3,
738,2025-04-17 05:30:00,12.5,82.0,9.5,
739,2025-04-17 06:00:00,12.5,82.5,9.6,
740,2025-04-17 06:30:00,12.5,85.0,10.0,
741,2025-04-17 07:00:00,12.0,87.0,9.9,
742,2025-04-17 07:30:00,12.5,86.0,10.2,
743,2025-04-17 08:00:00,13.5,83.0,10.7,
744,2025-04-17 08:30:00,14.5,79.5,11.0,
745,2025-04-17 09:00:00,17.0,73.0,12.1,
746,2025-04-17 09:30:00,22.0,55.5,12.7,
747,2025-04-17 10:00:00,22.0,55.5,12.7,
748,2025-04-17 10:30:00,22.5,53.0,12.4,
749,2025-04-17 11:00:00,23.0,50.5,12.2,
750,2025-04-17 11:30:00,23.0,47.5,11.2,
751,2025-04-17 12:00:00,23.5,49.5,12.3,
752,2025-04-17 12:30:00,21.0,54.5,11.5,
753,2025-04-17 13:00:00,21.0,55.5,11.8,
754,2025-04-17 13:30:00,21.5,56.5,12.5,
755,2025-04-17 14:00:00,21.0,57.0,12.2,
756,2025-04-17 14:30:00,21.5,53.5,11.7,
757,2025-04-17 15:00:00,20.5,57.5,11.8,
758,2025-04-17 15:30:00,21.0,57.5,12.3,
759,2025-04-17 16:00:00,20.0,59.5,11.9,
760,2025-04-17 16:30:00,19.0,64.0,12.0,
761,2025-04-17 17:00:00,19.0,65.0,12.3,
762,2025-04-17 17:30:00,18.0,66.0,11.6,
763,2025-04-17 18:00:00,16.5,70.0,11.0,
764,2025-04-17 18:30:00,15.5,73.5,10.8,
765,2025-04-17 19:00:00,14.5,75.5,10.2,
766,2025-04-17 19:30:00,13.5,74.5,9.1,
767,2025-04-17 20:00:00,13.0,78.0,9.3,
768,2025-04-17 20:30:00,12.5,84.0,9.9,
769,2025-04-17 21:00:00,12.0,84.0,9.4,
770,2025-04-17 21:30:00,11.0,84.0,8.4,
771,2025-04-17 22:00:00,11.0,88.0,9.1,
772,2025-04-17 22:30:00,10.5,86.5,8.3,
773,2025-04-17 23:00:00,11.0,85.0,8.6,
774,2025-04-17 23:30:00,12.5,83.0,9.7,
775,2025-04-18 00:00:00,12.5,81.0,9.3,
776,2025-04-18 00:30:00,13.0,79.5,9.5,
777,2025-04-18 01:00:00,12.5,81.0,9.3,
778,2025-04-18 01:30:00,12.5,79.0,9.0,
779,2025-04-18 02:00:00,12.5,78.0,8.8,
780,2025-04-18 02:30:00,12.5,79.0,9.0,
781,2025-04-18 03:00:00,12.0,78.0,8.3,
782,2025-04-18 03:30:00,12.0,78.0,8.3,
783,2025-04-18 04:00:00,12.0,77.0,8.1,
784,2025-04-18 04:30:00,12.0,76.0,7.9,
785,2025-04-18 05:00:00,12.0,76.0,7.9,
786,2025-04-18 05:30:00,12.0,76.0,7.9,
787,2025-04-18 06:00:00,12.0,75.5,7.8,
788,2025-04-18 06:30:00,12.0,75.0,7.7,
789,2025-04-18 07:00:00,12.0,73.5,7.4,
790,2025-04-18 07:30:00,12.5,72.0,7.6,
791,2025-04-18 08:00:00,13.0,72.5,8.2,
792,2025-04-18 08:30:00,14.0,72.5,9.1,
793,2025-04-18 09:00:00,14.5,73.5,9.8,
794,2025-04-18 09:30:00,15.0,71.0,9.8,
795,2025-04-18 10:00:00,16.0,67.0,9.9,
796,2025-04-18 10:30:00,17.5,63.5,10.5,
797,2025-04-18 11:00:00,20.0,56.5,11.1,
798,2025-04-18 11:30:00,20.5,54.5,11.0,
799,2025-04-18 12:00:00,20.5,55.0,11.2,
800,2025-04-18 12:30:00,20.0,55.0,10.7,
801,2025-04-18 13:00:00,20.5,55.0,11.2,
802,2025-04-18 13:30:00,20.5,55.0,11.2,
803,2025-04-18 14:00:00,20.0,55.5,10.8,
804,2025-04-18 14:30:00,20.0,54.5,10.6,
805,2025-04-18 15:00:00,19.5,56.5,10.6,
806,2025-04-18 15:30:00,19.0,58.0,10.6,
807,2025-04-18 16:00:00,18.5,58.5,10.2,
808,2025-04-18 16:30:00,18.0,59.0,9.9,
809,2025-04-18 17:00:00,17.5,60.5,9.8,
810,2025-04-18 17:30:00,16.5,63.5,9.6,
811,2025-04-18 18:00:00,15.5,67.5,9.5,
812,2025-04-18 18:30:00,14.0,72.5,9.1,
813,2025-04-18 19:00:00,13.0,76.0,8.9,
814,2025-04-18 19:30:00,12.5,78.5,8.9,
815,2025-04-18 20:00:00,13.0,78.0,9.3,
816,2025-04-18 20:30:00,13.0,78.0,9.3,
817,2025-04-18 21:00:00,12.5,79.5,9.1,
818,2025-04-18 21:30:00,13.0,80.0,9.6,
819,2025-04-18 22:00:00,13.0,80.0,9.6,
820,2025-04-18 22:30:00,13.0,80.5,9.7,
821,2025-04-18 23:00:00,13.0,81.5,9.9,
822,2025-04-18 23:30:00,13.0,81.0,9.8,
823,2025-04-19 00:00:00,12.5,81.5,9.4,
824,2025-04-19 00:30:00,12.5,82.0,9.5,
825,2025-04-19 01:00:00,12.5,82.0,9.5,
826,2025-04-19 01:30:00,12.5,82.5,9.6,
827,2025-04-19 02:00:00,11.5,83.5,8.8,
828,2025-04-19 02:30:00,10.5,86.5,8.3,
829,2025-04-19 03:00:00,9.5,88.0,7.6,
830,2025-04-19 03:30:00,10.0,89.5,8.4,
831,2025-04-19 04:00:00,9.5,89.5,7.9,
832,2025-04-19 04:30:00,8.5,89.5,6.9,
833,2025-04-19 05:00:00,8.0,90.5,6.5,
834,2025-04-19 05:30:00,9.0,93.0,7.9,
835,2025-04-19 06:00:00,9.5,93.0,8.4,
836,2025-04-19 06:30:00,8.5,93.0,7.4,
837,2025-04-19 07:00:00,8.5,93.5,7.5,
838,2025-04-19 07:30:00,12.0,86.0,9.7,
839,2025-04-19 08:00:00,17.5,72.0,12.4,
840,2025-04-19 08:30:00,19.5,61.5,11.9,
841,2025-04-19 09:00:00,19.0,63.0,11.8,
842,2025-04-19 09:30:00,19.0,62.5,11.7,
843,2025-04-19 10:00:00,19.5,61.0,11.8,
844,2025-04-19 10:30:00,20.0,60.5,12.1,
845,2025-04-19 11:00:00,21.0,57.0,12.2,
846,2025-04-19 11:30:00,22.5,51.5,12.0,
847,2025-04-19 12:00:00,22.0,52.5,11.8,
848,2025-04-19 12:30:00,22.5,51.5,12.0,
849,2025-04-19 13:00:00,22.0,52.5,11.8,
850,2025-04-19 13:30:00,21.5,52.5,11.4,
851,2025-04-19 14:00:00,21.5,52.0,11.2,
852,2025-04-19 14:30:00,21.0,55.0,11.6,
853,2025-04-19 15:00:00,20.0,57.0,11.2,
854,2025-04-19 15:30:00,19.0,58.5,10.7,
855,2025-04-19 16:00:00,18.0,63.0,10.9,
856,2025-04-19 16:30:00,18.0,65.0,11.3,
857,2025-04-19 17:00:00,17.0,67.0,10.8,
858,2025-04-19 17:30:00,16.0,69.5,10.4,
859,2025-04-19 18:00:00,15.5,72.0,10.5,
860,2025-04-19 18:30:00,14.5,76.5,10.4,
861,2025-04-19 19:00:00,13.5,79.0,9.9,
862,2025-04-19 19:30:00,13.0,80.0,9.6,
863,2025-04-19 20:00:00,13.0,76.5,9.0,
864,2025-04-19 20:30:00,12.5,80.0,9.1,
865,2025-04-19 21:00:00,11.5,83.0,8.7,
866,2025-04-19 21:30:00,12.5,82.0,9.5,
867,2025-04-19 22:00:00,11.5,82.5,8.6,
868,2025-04-19 22:30:00,12.0,83.5,9.3,
869,2025-04-19 23:00:00,11.0,84.0,8.4,
870,2025-04-19 23:30:00,11.5,85.0,9.1,
871,2025-04-20 00:00:00,12.0,83.5,9.3,
872,2025-04-20 00:30:00,11.5,84.5,9.0,
873,2025-04-20 01:00:00,11.5,85.5,9.2,
874,2025-04-20 01:30:00,12.0,82.5,9.1,
875,2025-04-20 02:00:00,12.0,80.5,8.8,
876,2025-04-20 02:30:00,12.0,80.5,8.8,
877,2025-04-20 03:00:00,12.0,82.0,9.0,
878,2025-04-20 03:30:00,12.5,77.0,8.6,
879,2025-04-20 04:00:00,12.5,75.5,8.3,
880,2025-04-20 04:30:00,11.5,77.5,7.7,
881,2025-04-20 05:00:00,9.5,82.0,6.6,
882,2025-04-20 05:30:00,8.5,85.0,6.1,
883,2025-04-20 06:00:00,7.5,87.5,5.6,
884,2025-04-20 06:30:00,7.5,91.0,6.1,
885,2025-04-20 07:00:00,9.5,92.0,8.3,
886,2025-04-20 07:30:00,14.5,74.0,9.9,
887,2025-04-20 08:00:00,18.5,64.5,11.7,
888,2025-04-20 08:30:00,16.5,72.5,11.5,
889,2025-04-20 09:00:00,18.5,66.5,12.1,
890,2025-04-20 09:30:00,17.5,71.0,12.2,
891,2025-04-20 10:00:00,17.0,73.0,12.1,
892,2025-04-20 10:30:00,18.0,70.5,12.6,
893,2025-04-20 11:00:00,18.0,69.5,12.3,
894,2025-04-20 11:30:00,19.0,68.0,13.0,
895,2025-04-20 12:00:00,20.0,64.5,13.1,
896,2025-04-20 12:30:00,20.0,63.0,12.7,
897,2025-04-20 13:00:00,19.5,62.5,12.2,
898,2025-04-20 13:30:00,20.5,59.0,12.2,
899,2025-04-20 14:00:00,21.0,56.0,11.9,
900,2025-04-20 14:30:00,20.5,56.0,11.4,
901,2025-04-20 15:00:00,20.0,57.0,11.2,
902,2025-04-20 15:30:00,19.0,60.5,11.2,
903,2025-04-20 16:00:00,18.0,63.5,11.0,
904,2025-04-20 16:30:00,17.5,64.5,10.7,
905,2025-04-20 17:00:00,17.0,67.0,10.8,
906,2025-04-20 17:30:00,16.5,69.0,10.8,
907,2025-04-20 18:00:00,15.5,71.5,10.4,
908,2025-04-20 18:30:00,14.5,74.5,10.0,
909,2025-04-20 19:00:00,13.5,78.5,9.8,
910,2025-04-20 19:30:00,13.0,81.0,9.8,
911,2025-04-20 20:00:00,12.5,84.0,9.9,
912,2025-04-20 20:30:00,12.0,85.5,9.6,
913,2025-04-20 21:00:00,12.0,86.5,9.8,
914,2025-04-20 21:30:00,12.0,86.0,9.7,
915,2025-04-20 22:00:00,13.0,79.5,9.5,
916,2025-04-20 22:30:00,12.0,81.5,8.9,
917,2025-04-20 23:00:00,11.5,83.5,8.8,
918,2025-04-20 23:30:00,12.0,82.0,9.0,
919,2025-04-21 00:00:00,11.5,83.5,8.8,
920,2025-04-21 00:30:00,12.0,83.0,9.2,
921,2025-04-21 01:00:00,12.0,81.5,8.9,
922,2025-04-21 01:30:00,12.0,81.5,8.9,
923,2025-04-21 02:00:00,11.5,82.5,8.6,
924,2025-04-21 02:30:00,11.5,82.0,8.5,
925,2025-04-21 03:00:00,10.5,84.5,8.0,
926,2025-04-21 03:30:00,11.0,85.0,8.6,
927,2025-04-21 04:00:00,11.5,85.0,9.1,
928,2025-04-21 04:30:00,11.5,85.5,9.2,
929,2025-04-21 05:00:00,11.5,87.0,9.4,
930,2025-04-21 05:30:00,10.5,89.0,8.8,
931,2025-04-21 06:00:00,11.0,88.5,9.2,
932,2025-04-21 06:30:00,10.5,89.5,8.8,
933,2025-04-21 07:00:00,11.5,85.0,9.1,
934,2025-04-21 07:30:00,15.5,73.5,10.8,
935,2025-04-21 08:00:00,18.0,65.5,11.4,
936,2025-04-21 08:30:00,18.5,63.0,11.3,
937,2025-04-21 09:00:00,19.0,62.5,11.7,
938,2025-04-21 09:30:00,19.0,61.0,11.3,
939,2025-04-21 10:00:00,19.5,63.5,12.4,
940,2025-04-21 10:30:00,19.5,61.0,11.8,
941,2025-04-21 11:00:00,19.0,62.5,11.7,
942,2025-04-21 11:30:00,18.5,64.0,11.6,
943,2025-04-21 12:00:00,20.0,60.0,12.0,
944,2025-04-21 12:30:00,21.0,59.0,12.7,
945,2025-04-21 13:00:00,21.0,56.0,11.9,
946,2025-04-21 13:30:00,21.0,56.0,11.9,
947,2025-04-21 14:00:00,20.5,56.5,11.6,
948,2025-04-21 14:30:00,20.0,56.5,11.1,
949,2025-04-21 15:00:00,20.0,57.0,11.2,
950,2025-04-21 15:30:00,20.0,57.0,11.2,
951,2025-04-21 16:00:00,19.0,59.0,10.8,
952,2025-04-21 16:30:00,18.5,61.0,10.8,
953,2025-04-21 17:00:00,18.0,63.0,10.9,
954,2025-04-21 17:30:00,17.0,65.5,10.5,
955,2025-04-21 18:00:00,15.5,70.5,10.2,
956,2025-04-21 18:30:00,14.0,75.5,9.7,
957,2025-04-21 19:00:00,13.0,79.5,9.5,
958,2025-04-21 19:30:00,12.0,83.0,9.2,
959,2025-04-21 20:00:00,11.5,86.5,9.3,
960,2025-04-21 20:30:00,11.0,88.5,9.2,
961,2025-04-21 21:00:00,11.0,90.0,9.4,
962,2025-04-21 21:30:00,11.0,90.0,9.4,
963,2025-04-21 22:00:00,11.0,90.5,9.5,
964,2025-04-21 22:30:00,11.0,90.5,9.5,
965,2025-04-21 23:00:00,10.5,90.0,8.9,
966,2025-04-21 23:30:00,10.0,90.0,8.4,
967,2025-04-22 00:00:00,9.5,90.5,8.0,
968,2025-04-22 00:30:00,9.0,91.5,7.7,
969,2025-04-22 01:00:00,8.5,91.0,7.1,
970,2025-04-22 01:30:00,8.0,92.5,6.9,
971,2025-04-22 02:00:00,8.0,94.0,7.1,
972,2025-04-22 02:30:00,9.0,95.0,8.2,
973,2025-04-22 03:00:00,8.0,94.5,7.2,
974,2025-04-22 03:30:00,8.0,95.0,7.2,
975,2025-04-22 04:00:00,10.0,96.5,9.5,
976,2025-04-22 04:30:00,10.5,95.5,9.8,
977,2025-04-22 05:00:00,10.5,94.5,9.7,
978,2025-04-22 05:30:00,10.5,94.0,9.6,
979,2025-04-22 06:00:00,10.5,93.5,9.5,
980,2025-04-22 06:30:00,11.0,94.5,10.2,
981,2025-04-22 07:00:00,11.5,95.0,10.7,
982,2025-04-22 07:30:00,11.5,95.0,10.7,
983,2025-04-22 08:00:00,12.0,94.5,11.1,
984,2025-04-22 08:30:00,12.5,91.0,11.1,
985,2025-04-22 09:00:00,12.5,93.0,11.4,
986,2025-04-22 09:30:00,12.5,94.5,11.6,
987,2025-04-22 10:00:00,13.0,92.5,11.8,
988,2025-04-22 10:30:00,13.5,88.5,11.6,
989,2025-04-22 11:00:00,14.0,88.0,12.0,
990,2025-04-22 11:30:00,14.5,85.0,12.0,
991,2025-04-22 12:00:00,15.5,82.0,12.4,
992,2025-04-22 12:30:00,16.5,78.0,12.7,
993,2025-04-22 13:00:00,16.5,76.5,12.4,
994,2025-04-22 13:30:00,16.5,75.0,12.1,
995,2025-04-22 14:00:00,16.0,75.0,11.6,
996,2025-04-22 14:30:00,16.5,74.0,11.9,
997,2025-04-22 15:00:00,17.0,71.5,11.8,
998,2025-04-22 15:30:00,16.5,73.0,11.6,
999,2025-04-22 16:00:00,16.5,72.0,11.4,
1000,2025-04-22 16:30:00,16.5,71.5,11.3,
1001,2025-04-22 17:00:00,16.0,72.0,11.0,
1002,2025-04-22 17:30:00,15.5,73.0,10.7,
1003,2025-04-22 18:00:00,14.5,75.0,10.1,
1004,2025-04-22 18:30:00,13.5,78.0,9.7,
1005,2025-04-22 19:00:00,13.0,80.0,9.6,
1006,2025-04-22 19:30:00,12.0,82.5,9.1,
1007,2025-04-22 20:00:00,11.0,85.5,8.7,
1008,2025-04-22 20:30:00,11.0,87.5,9.0,
1009,2025-04-22 21:00:00,10.5,88.5,8.7,
1010,2025-04-22 21:30:00,11.0,87.0,8.9,
1011,2025-04-22 22:00:00,10.5,88.5,8.7,
1012,2025-04-22 22:30:00,10.5,89.0,8.8,
1013,2025-04-22 23:00:00,10.5,90.0,8.9,
1014,2025-04-22 23:30:00,10.0,90.0,8.4,
1015,2025-04-23 00:00:00,10.0,90.5,8.5,
1016,2025-04-23 00:30:00,9.5,91.0,8.1,
1017,2025-04-23 01:00:00,10.5,92.0,9.3,
1018,2025-04-23 01:30:00,11.0,89.5,9.3,
1019,2025-04-23 02:00:00,11.5,88.0,9.6,
1020,2025-04-23 02:30:00,11.5,87.5,9.5,
1021,2025-04-23 03:00:00,11.5,87.5,9.5,
1022,2025-04-23 03:30:00,11.0,87.0,8.9,
1023,2025-04-23 04:00:00,11.0,86.5,8.8,
1024,2025-04-23 04:30:00,11.0,86.5,8.8,
1025,2025-04-23 05:00:00,11.0,85.5,8.7,
1026,2025-04-23 05:30:00,11.0,85.0,8.6,
1027,2025-04-23 06:00:00,11.0,85.0,8.6,
1028,2025-04-23 06:30:00,11.0,84.5,8.5,
1029,2025-04-23 07:00:00,11.0,84.0,8.4,
1030,2025-04-23 07:30:00,11.5,83.5,8.8,
1031,2025-04-23 08:00:00,12.0,82.5,9.1,
1032,2025-04-23 08:30:00,12.5,79.5,9.1,
1033,2025-04-23 09:00:00,13.5,76.5,9.5,
1034,2025-04-23 09:30:00,14.5,74.0,9.9,
1035,2025-04-23 10:00:00,15.0,70.5,9.7,
1036,2025-04-23 10:30:00,16.5,68.0,10.6,
1037,2025-04-23 11:00:00,17.5,66.5,11.2,
1038,2025-04-23 11:30:00,18.0,62.0,10.6,
1039,2025-04-23 12:00:00,19.5,56.5,10.6,
1040,2025-04-23 12:30:00,20.0,55.0,10.7,
1041,2025-04-23 13:00:00,20.0,54.5,10.6,
1042,2025-04-23 13:30:00,19.5,54.0,10.0,
1043,2025-04-23 14:00:00,19.0,56.5,10.2,
1044,2025-04-23 14:30:00,19.5,54.0,10.0,
1045,2025-04-23 15:00:00,18.5,54.5,9.2,
1046,2025-04-23 15:30:00,19.0,55.0,9.8,
1047,2025-04-23 16:00:00,18.0,55.5,9.0,
1048,2025-04-23 16:30:00,18.0,57.5,9.5,
1049,2025-04-23 17:00:00,17.0,58.0,8.7,
1050,2025-04-23 17:30:00,16.5,62.0,9.2,
1051,2025-04-23 18:00:00,15.5,62.5,8.4,
1052,2025-04-23 18:30:00,14.0,67.5,8.1,
1053,2025-04-23 19:00:00,13.0,70.5,7.8,
1054,2025-04-23 19:30:00,12.5,72.5,7.7,
1055,2025-04-23 20:00:00,11.5,76.5,7.5,
1056,2025-04-23 20:30:00,10.5,79.5,7.1,
1057,2025-04-23 21:00:00,11.0,79.5,7.6,
1058,2025-04-23 21:30:00,10.5,79.5,7.1,
1059,2025-04-23 22:00:00,10.5,79.5,7.1,
1060,2025-04-23 22:30:00,10.5,78.5,6.9,
1061,2025-04-23 23:00:00,10.5,78.5,6.9,
1062,2025-04-23 23:30:00,10.5,79.0,7.0,
1063,2025-04-24 00:00:00,10.5,79.0,7.0,
1064,2025-04-24 00:30:00,11.0,77.0,7.1,
1065,2025-04-24 01:00:00,11.5,76.5,7.5,
1066,2025-04-24 01:30:00,11.5,76.5,7.5,
1067,2025-04-24 02:00:00,11.5,76.0,7.4,
1068,2025-04-24 02:30:00,11.5,76.0,7.4,
1069,2025-04-24 03:00:00,11.5,76.5,7.5,
1070,2025-04-24 03:30:00,11.5,76.5,7.5,
1071,2025-04-24 04:00:00,11.5,77.0,7.6,
1072,2025-04-24 04:30:00,11.5,77.5,7.7,
1073,2025-04-24 05:00:00,11.5,78.0,7.8,
1074,2025-04-24 05:30:00,11.5,77.5,7.7,
1075,2025-04-24 06:00:00,11.5,76.5,7.5,
1076,2025-04-24 06:30:00,11.5,77.5,7.7,
1077,2025-04-24 07:00:00,11.5,79.5,8.1,
1078,2025-04-24 07:30:00,11.5,79.0,8.0,
1079,2025-04-24 08:00:00,12.5,75.5,8.3,
1080,2025-04-24 08:30:00,14.5,68.5,8.8,
1081,2025-04-24 09:00:00,17.0,59.5,9.1,
1082,2025-04-24 09:30:00,18.0,56.5,9.2,
1083,2025-04-24 10:00:00,20.0,52.0,9.9,
1084,2025-04-24 10:30:00,21.0,51.0,10.5,
1085,2025-04-24 11:00:00,19.5,52.5,9.5,
1086,2025-04-24 11:30:00,20.5,52.0,10.3,
1087,2025-04-24 12:00:00,21.0,49.0,9.9,
1088,2025-04-24 12:30:00,20.5,48.5,9.3,
1089,2025-04-24 13:00:00,19.5,50.5,9.0,
1090,2025-04-24 13:30:00,20.0,47.5,8.5,
1091,2025-04-24 14:00:00,20.5,47.5,9.0,
1092,2025-04-24 14:30:00,19.5,51.0,9.1,
1093,2025-04-24 15:00:00,19.5,51.0,9.1,
1094,2025-04-24 15:30:00,19.0,52.0,8.9,
1095,2025-04-24 16:00:00,18.0,54.5,8.7,
1096,2025-04-24 16:30:00,17.0,57.0,8.4,
1097,2025-04-24 17:00:00,16.0,61.5,8.6,
1098,2025-04-24 17:30:00,15.5,64.5,8.8,
1099,2025-04-24 18:00:00,15.0,66.5,8.8,
1100,2025-04-24 18:30:00,13.5,66.5,7.4,
1101,2025-04-24 19:00:00,13.0,68.0,7.2,
1102,2025-04-24 19:30:00,12.5,73.0,7.8,
1103,2025-04-24 20:00:00,12.0,72.0,7.1,
1104,2025-04-24 20:30:00,11.5,74.0,7.0,
1105,2025-04-24 21:00:00,11.0,75.0,6.7,
1106,2025-04-24 21:30:00,11.5,77.0,7.6,
1107,2025-04-24 22:00:00,11.0,75.0,6.7,
1108,2025-04-24 22:30:00,10.5,76.0,6.5,
1109,2025-04-24 23:00:00,10.5,78.5,6.9,
1110,2025-04-24 23:30:00,10.5,79.0,7.0,
1111,2025-04-25 00:00:00,10.5,79.0,7.0,
1112,2025-04-25 00:30:00,10.0,81.0,6.9,
1113,2025-04-25 01:00:00,10.0,81.5,7.0,
1114,2025-04-25 01:30:00,10.5,80.5,7.3,
1115,2025-04-25 02:00:00,10.5,78.5,6.9,
1116,2025-04-25 02:30:00,11.0,78.0,7.3,
1117,2025-04-25 03:00:00,11.0,76.0,6.9,
1118,2025-04-25 03:30:00,11.0,75.0,6.7,
1119,2025-04-25 04:00:00,11.0,73.5,6.5,
1120,2025-04-25 04:30:00,11.0,72.0,6.2,
1121,2025-04-25 05:00:00,11.0,72.0,6.2,
1122,2025-04-25 05:30:00,11.0,72.5,6.3,
1123,2025-04-25 06:00:00,11.0,71.0,6.0,
1124,2025-04-25 06:30:00,11.5,68.0,5.8,
1125,2025-04-25 07:00:00,11.5,68.0,5.8,
1126,2025-04-25 07:30:00,13.0,63.5,6.2,
1127,2025-04-25 08:00:00,16.0,55.5,7.1,
1128,2025-04-25 08:30:00,18.0,50.5,7.6,
1129,2025-04-25 09:00:00,17.0,49.5,6.4,
1130,2025-04-25 09:30:00,16.0,58.0,7.7,
1131,2025-04-25 10:00:00,17.5,51.0,7.3,
1132,2025-04-25 10:30:00,18.0,47.0,6.5,
1133,2025-04-25 11:00:00,19.0,46.0,7.1,
1134,2025-04-25 11:30:00,20.0,45.5,7.9,
1135,2025-04-25 12:00:00,20.0,42.5,6.9,
1136,2025-04-25 12:30:00,22.0,39.0,7.4,
1137,2025-04-25 13:00:00,21.0,40.5,7.1,
1138,2025-04-25 13:30:00,20.0,45.5,7.9,
1139,2025-04-25 14:00:00,19.5,46.5,7.7,
1140,2025-04-25 14:30:00,19.0,50.0,8.4,
1141,2025-04-25 15:00:00,19.5,49.5,8.7,
1142,2025-04-25 15:30:00,20.5,48.0,9.1,
1143,2025-04-25 16:00:00,19.0,48.5,7.9,
1144,2025-04-25 16:30:00,19.5,51.5,9.2,
1145,2025-04-25 17:00:00,17.5,54.0,8.1,
1146,2025-04-25 17:30:00,17.0,59.0,8.9,
1147,2025-04-25 18:00:00,14.5,65.5,8.1,
1148,2025-04-25 18:30:00,14.0,67.0,8.0,
1149,2025-04-25 19:00:00,13.5,70.0,8.1,
1150,2025-04-25 19:30:00,13.0,71.5,8.0,
1151,2025-04-25 20:00:00,12.5,72.5,7.7,
1152,2025-04-25 20:30:00,11.5,75.5,7.3,
1153,2025-04-25 21:00:00,11.0,79.0,7.5,
1154,2025-04-25 21:30:00,10.5,80.0,7.2,
1155,2025-04-25 22:00:00,9.5,81.0,6.4,
1156,2025-04-25 22:30:00,9.0,81.5,6.0,
1157,2025-04-25 23:00:00,9.0,82.0,6.1,
1158,2025-04-25 23:30:00,9.0,82.5,6.2,
1159,2025-04-26 00:00:00,9.0,83.0,6.3,
1160,2025-04-26 00:30:00,9.5,82.0,6.6,
1161,2025-04-26 01:00:00,8.5,83.5,5.9,
1162,2025-04-26 01:30:00,8.0,86.5,5.9,
1163,2025-04-26 02:00:00,7.0,88.0,5.2,
1164,2025-04-26 02:30:00,6.5,89.0,4.8,
1165,2025-04-26 03:00:00,9.0,88.0,7.1,
1166,2025-04-26 03:30:00,10.0,86.5,7.9,
1167,2025-04-26 04:00:00,10.0,89.0,8.3,
1168,2025-04-26 04:30:00,10.0,91.5,8.7,
1169,2025-04-26 05:00:00,9.5,92.5,8.3,
1170,2025-04-26 05:30:00,9.0,94.5,8.2,
1171,2025-04-26 06:00:00,9.5,95.0,8.7,
1172,2025-04-26 06:30:00,10.5,96.5,10.0,
1173,2025-04-26 07:00:00,10.5,96.0,9.9,
1174,2025-04-26 07:30:00,10.5,96.0,9.9,
1175,2025-04-26 08:00:00,14.0,96.5,13.5,
1176,2025-04-26 08:30:00,15.5,81.5,12.3,
1177,2025-04-26 09:00:00,16.5,73.5,11.8,
1178,2025-04-26 09:30:00,18.0,69.0,12.2,
1179,2025-04-26 10:00:00,15.5,71.0,10.3,
1180,2025-04-26 10:30:00,17.0,71.0,11.7,
1181,2025-04-26 11:00:00,13.0,75.5,8.8,
1182,2025-04-26 11:30:00,15.5,78.0,11.7,
1183,2025-04-26 12:00:00,16.5,72.0,11.4,
1184,2025-04-26 12:30:00,16.5,70.0,11.0,
1185,2025-04-26 13:00:00,17.5,69.5,11.9,
1186,2025-04-26 13:30:00,17.5,70.5,12.1,
1187,2025-04-26 14:00:00,19.5,62.0,12.0,
1188,2025-04-26 14:30:00,19.5,60.0,11.5,
1189,2025-04-26 15:00:00,18.5,60.5,10.7,
1190,2025-04-26 15:30:00,17.5,62.0,10.1,
1191,2025-04-26 16:00:00,17.0,61.0,9.4,
1192,2025-04-26 16:30:00,17.0,61.0,9.4,
1193,2025-04-26 17:00:00,16.0,63.0,9.0,
1194,2025-04-26 17:30:00,15.5,64.0,8.7,
1195,2025-04-26 18:00:00,15.0,65.0,8.5,
1196,2025-04-26 18:30:00,14.0,67.5,8.1,
1197,2025-04-26 19:00:00,12.5,72.5,7.7,
1198,2025-04-26 19:30:00,11.5,79.0,8.0,
1199,2025-04-26 20:00:00,11.5,81.5,8.4,
1200,2025-04-26 20:30:00,11.0,82.0,8.0,
1201,2025-04-26 21:00:00,11.0,82.5,8.1,
1202,2025-04-26 21:30:00,10.0,85.0,7.6,
1203,2025-04-26 22:00:00,10.0,84.0,7.4,
1204,2025-04-26 22:30:00,10.0,85.0,7.6,
1205,2025-04-26 23:00:00,9.5,84.0,6.9,
1206,2025-04-26 23:30:00,9.0,85.0,6.6,
1207,2025-04-27 00:00:00,9.0,86.0,6.8,
1208,2025-04-27 00:30:00,8.5,87.0,6.5,
1209,2025-04-27 01:00:00,8.5,87.0,6.5,
1210,2025-04-27 01:30:00,9.0,87.5,7.0,
1211,2025-04-27 02:00:00,8.5,88.5,6.7,
1212,2025-04-27 02:30:00,9.0,88.0,7.1,
1213,2025-04-27 03:00:00,10.0,87.0,7.9,
1214,2025-04-27 03:30:00,10.5,86.0,8.3,
1215,2025-04-27 04:00:00,11.0,85.5,8.7,
1216,2025-04-27 04:30:00,10.5,88.5,8.7,
1217,2025-04-27 05:00:00,10.0,90.0,8.4,
1218,2025-04-27 05:30:00,10.0,91.5,8.7,
1219,2025-04-27 06:00:00,10.0,92.5,8.8,
1220,2025-04-27 06:30:00,10.0,93.5,9.0,
1221,2025-04-27 07:00:00,10.5,94.5,9.7,
1222,2025-04-27 07:30:00,11.0,95.0,10.2,
1223,2025-04-27 08:00:00,12.5,93.0,11.4,
1224,2025-04-27 08:30:00,14.0,84.0,11.3,
1225,2025-04-27 09:00:00,18.0,74.0,13.3,
1226,2025-04-27 09:30:00,18.5,68.0,12.5,
1227,2025-04-27 10:00:00,20.0,64.5,13.1,
1228,2025-04-27 10:30:00,19.5,65.0,12.7,
1229,2025-04-27 11:00:00,19.0,63.0,11.8,
1230,2025-04-27 11:30:00,20.5,60.5,12.6,
1231,2025-04-27 12:00:00,18.5,64.0,11.6,
1232,2025-04-27 12:30:00,21.0,59.5,12.8,
1233,2025-04-27 13:00:00,20.0,61.0,12.3,
1234,2025-04-27 13:30:00,20.0,59.5,11.9,
1235,2025-04-27 14:00:00,20.5,59.5,12.3,
1236,2025-04-27 14:30:00,20.0,60.5,12.1,
1237,2025-04-27 15:00:00,19.5,61.0,11.8,
1238,2025-04-27 15:30:00,19.0,60.5,11.2,
1239,2025-04-27 16:00:00,19.0,60.5,11.2,
1240,2025-04-27 16:30:00,19.0,57.5,10.4,
1241,2025-04-27 17:00:00,15.5,70.5,10.2,
1242,2025-04-27 17:30:00,15.5,68.5,9.7,
1243,2025-04-27 18:00:00,14.0,73.5,9.3,
1244,2025-04-27 18:30:00,14.5,71.5,9.4,
1245,2025-04-27 19:00:00,14.0,70.5,8.7,
1246,2025-04-27 19:30:00,13.0,74.0,8.5,
1247,2025-04-27 20:00:00,12.5,75.0,8.2,
1248,2025-04-27 20:30:00,12.0,77.0,8.1,
1249,2025-04-27 21:00:00,11.5,78.5,7.9,
1250,2025-04-27 21:30:00,11.0,80.0,7.7,
1251,2025-04-27 22:00:00,10.5,80.0,7.2,
1252,2025-04-27 22:30:00,10.5,81.0,7.4,
1253,2025-04-27 23:00:00,11.0,81.0,7.9,
1254,2025-04-27 23:30:00,11.5,80.5,8.3,
1255,2025-04-28 00:00:00,11.0,80.0,7.7,
1256,2025-04-28 00:30:00,11.0,80.0,7.7,
1257,2025-04-28 01:00:00,11.0,79.5,7.6,
1258,2025-04-28 01:30:00,11.0,79.0,7.5,
1259,2025-04-28 02:00:00,11.5,79.5,8.1,
1260,2025-04-28 02:30:00,11.0,79.5,7.6,
1261,2025-04-28 03:00:00,10.5,82.0,7.6,
1262,2025-04-28 03:30:00,10.5,83.0,7.7,
1263,2025-04-28 04:00:00,10.5,83.0,7.7,
1264,2025-04-28 04:30:00,10.5,83.5,7.8,
1265,2025-04-28 05:00:00,10.5,84.0,7.9,
1266,2025-04-28 05:30:00,10.5,84.5,8.0,
1267,2025-04-28 06:00:00,10.5,85.0,8.1,
1268,2025-04-28 06:30:00,10.5,86.0,8.3,
1269,2025-04-28 07:00:00,12.0,82.5,9.1,
1270,2025-04-28 07:30:00,13.5,76.5,9.5,
1271,2025-04-28 08:00:00,15.0,71.5,9.9,
1272,2025-04-28 08:30:00,17.0,63.5,10.0,
1273,2025-04-28 09:00:00,18.5,57.0,9.8,
1274,2025-04-28 09:30:00,19.0,56.5,10.2,
1275,2025-04-28 10:00:00,19.5,56.5,10.6,
1276,2025-04-28 10:30:00,21.5,51.5,11.1,
1277,2025-04-28 11:00:00,23.0,48.0,11.4,
1278,2025-04-28 11:30:00,21.0,54.5,11.5,
1279,2025-04-28 12:00:00,20.5,56.0,11.4,
1280,2025-04-28 12:30:00,19.5,56.5,10.6,
1281,2025-04-28 13:00:00,20.5,56.0,11.4,
1282,2025-04-28 13:30:00,20.5,55.5,11.3,
1283,2025-04-28 14:00:00,20.0,56.0,11.0,
1284,2025-04-28 14:30:00,19.5,59.0,11.3,
1285,2025-04-28 15:00:00,19.5,58.0,11.0,
1286,2025-04-28 15:30:00,19.5,58.5,11.2,
1287,2025-04-28 16:00:00,19.0,61.0,11.3,
1288,2025-04-28 16:30:00,18.5,62.0,11.1,
1289,2025-04-28 17:00:00,18.0,63.5,11.0,
1290,2025-04-28 17:30:00,17.5,64.5,10.7,
1291,2025-04-28 18:00:00,17.0,64.5,10.3,
1292,2025-04-28 18:30:00,16.0,65.0,9.4,
1293,2025-04-28 19:00:00,14.5,72.0,9.5,
1294,2025-04-28 19:30:00,14.0,75.5,9.7,
1295,2025-04-28 20:00:00,13.5,78.0,9.7,
1296,2025-04-28 20:30:00,13.0,78.5,9.4,
1297,2025-04-28 21:00:00,13.0,80.0,9.6,
1298,2025-04-28 21:30:00,12.5,81.0,9.3,
1299,2025-04-28 22:00:00,12.0,81.5,8.9,
1300,2025-04-28 22:30:00,11.0,85.5,8.7,
1301,2025-04-28 23:00:00,11.5,87.0,9.4,
1302,2025-04-28 23:30:00,11.5,84.0,8.9,
1303,2025-04-29 00:00:00,11.0,89.0,9.3,
1304,2025-04-29 00:30:00,11.0,85.5,8.7,
1305,2025-04-29 01:00:00,10.0,89.5,8.4,
1306,2025-04-29 01:30:00,10.5,89.5,8.8,
1307,2025-04-29 02:00:00,11.0,89.5,9.3,
1308,2025-04-29 02:30:00,12.0,85.0,9.6,
1309,2025-04-29 03:00:00,12.0,84.0,9.4,
1310,2025-04-29 03:30:00,11.5,85.0,9.1,
1311,2025-04-29 04:00:00,11.5,86.5,9.3,
1312,2025-04-29 04:30:00,10.5,88.0,8.6,
1313,2025-04-29 05:00:00,10.5,89.0,8.8,
1314,2025-04-29 05:30:00,10.5,89.0,8.8,
1315,2025-04-29 06:00:00,9.5,89.0,7.8,
1316,2025-04-29 06:30:00,10.0,91.0,8.6,
1317,2025-04-29 07:00:00,12.0,88.5,10.2,
1318,2025-04-29 07:30:00,16.0,76.0,11.8,
1319,2025-04-29 08:00:00,18.5,66.0,12.0,
1320,2025-04-29 08:30:00,18.5,64.0,11.6,
1321,2025-04-29 09:00:00,20.0,60.5,12.1,
1322,2025-04-29 09:30:00,19.0,62.5,11.7,
1323,2025-04-29 10:00:00,20.0,60.5,12.1,
1324,2025-04-29 10:30:00,19.5,61.5,11.9,
1325,2025-04-29 11:00:00,20.5,60.0,12.5,
1326,2025-04-29 11:30:00,21.5,58.0,12.9,
1327,2025-04-29 12:00:00,22.0,55.5,12.7,
1328,2025-04-29 12:30:00,21.5,56.5,12.5,
1329,2025-04-29 13:00:00,21.0,59.5,12.8,
1330,2025-04-29 13:30:00,21.0,59.0,12.7,
1331,2025-04-29 14:00:00,20.5,60.5,12.6,
1332,2025-04-29 14:30:00,19.0,65.0,12.3,
1333,2025-04-29 15:00:00,19.0,65.0,12.3,
1334,2025-04-29 15:30:00,18.5,66.5,12.1,
1335,2025-04-29 16:00:00,18.0,68.0,12.0,
1336,2025-04-29 16:30:00,18.5,68.0,12.5,
1337,2025-04-29 17:00:00,17.5,70.0,12.0,
1338,2025-04-29 17:30:00,16.5,71.5,11.3,
1339,2025-04-29 18:00:00,15.5,75.0,11.1,
1340,2025-04-29 18:30:00,14.5,78.0,10.7,
1341,2025-04-29 19:00:00,13.5,83.0,10.7,
1342,2025-04-29 19:30:00,12.5,85.5,10.1,
1343,2025-04-29 20:00:00,12.0,85.5,9.6,
1344,2025-04-29 20:30:00,12.0,87.5,10.0,
1345,2025-04-29 21:00:00,12.0,87.0,9.9,
1346,2025-04-29 21:30:00,11.5,88.5,9.7,
1347,2025-04-29 22:00:00,12.0,87.0,9.9,
1348,2025-04-29 22:30:00,12.0,87.0,9.9,
1349,2025-04-29 23:00:00,12.0,88.5,10.2,
1350,2025-04-29 23:30:00,11.5,90.0,9.9,
1351,2025-04-30 00:00:00,11.5,91.0,10.1,
1352,2025-04-30 00:30:00,11.0,90.5,9.5,
1353,2025-04-30 01:00:00,11.0,92.0,9.8,
1354,2025-04-30 01:30:00,10.0,91.5,8.7,
1355,2025-04-30 02:00:00,10.0,94.0,9.1,
1356,2025-04-30 02:30:00,9.0,92.5,7.9,
1357,2025-04-30 03:00:00,10.0,94.5,9.2,
1358,2025-04-30 03:30:00,11.5,95.0,10.7,
1359,2025-04-30 04:00:00,11.5,94.5,10.6,
1360,2025-04-30 04:30:00,11.5,94.5,10.6,
1361,2025-04-30 05:00:00,12.0,95.0,11.2,
1362,2025-04-30 05:30:00,12.0,96.0,11.4,
1363,2025-04-30 06:00:00,12.0,96.0,11.4,
1364,2025-04-30 06:30:00,12.0,95.5,11.3,
1365,2025-04-30 07:00:00,12.0,95.0,11.2,
1366,2025-04-30 07:30:00,12.0,95.0,11.2,
1367,2025-04-30 08:00:00,12.5,94.5,11.6,
1368,2025-04-30 08:30:00,12.5,93.5,11.5,
1369,2025-04-30 09:00:00,13.0,92.0,11.7,
1370,2025-04-30 09:30:00,14.0,89.0,12.2,
1371,2025-04-30 10:00:00,15.0,85.5,12.6,
1372,2025-04-30 10:30:00,14.5,85.0,12.0,
1373,2025-04-30 11:00:00,15.5,82.5,12.5,
1374,2025-04-30 11:30:00,16.5,79.5,12.9,
1375,2025-04-30 12:00:00,17.0,78.0,13.1,
1376,2025-04-30 12:30:00,17.5,76.0,13.2,
1377,2025-04-30 13:00:00,18.0,74.5,13.4,
1378,2025-04-30 13:30:00,18.5,72.5,13.5,
1379,2025-04-30 14:00:00,18.0,73.0,13.1,
1380,2025-04-30 14:30:00,17.0,74.5,12.4,
1381,2025-04-30 15:00:00,17.5,74.5,12.9,
1382,2025-04-30 15:30:00,17.5,73.5,12.7,
1383,2025-04-30 16:00:00,16.5,75.5,12.2,
1384,2025-04-30 16:30:00,16.0,76.0,11.8,
1385,2025-04-30 17:00:00,15.5,77.0,11.5,
1386,2025-04-30 17:30:00,15.0,78.5,11.3,
1387,2025-04-30 18:00:00,15.0,79.5,11.5,
1388,2025-04-30 18:30:00,14.5,83.0,11.6,
1389,2025-04-30 19:00:00,14.0,86.5,11.8,
1390,2025-04-30 19:30:00,13.5,87.0,11.4,
1391,2025-04-30 20:00:00,13.0,87.5,11.0,
1392,2025-04-30 20:30:00,13.0,88.0,11.1,
1393,2025-04-30 21:00:00,13.0,88.5,11.1,
1394,2025-04-30 21:30:00,13.0,88.5,11.1,
1395,2025-04-30 22:00:00,13.0,86.0,10.7,
1396,2025-04-30 22:30:00,13.0,86.5,10.8,
1397,2025-04-30 23:00:00,13.0,87.5,11.0,
1398,2025-04-30 23:30:00,13.0,87.0,10.9,
1399,2025-05-01 00:00:00,13.0,87.5,11.0,
1400,2025-05-01 00:30:00,12.5,87.5,10.5,
1401,2025-05-01 01:00:00,12.5,87.5,10.5,
1402,2025-05-01 01:30:00,12.5,87.0,10.4,
1403,2025-05-01 02:00:00,12.5,87.5,10.5,
1404,2025-05-01 02:30:00,12.5,87.5,10.5,
1405,2025-05-01 03:00:00,12.5,87.0,10.4,
1406,2025-05-01 03:30:00,12.5,87.5,10.5,
1407,2025-05-01 04:00:00,12.5,87.0,10.4,
1408,2025-05-01 04:30:00,12.5,87.5,10.5,
1409,2025-05-01 05:00:00,12.5,87.5,10.5,
1410,2025-05-01 05:30:00,12.5,88.5,10.7,
1411,2025-05-01 06:00:00,12.0,89.0,10.2,
1412,2025-05-01 06:30:00,12.0,90.0,10.4,
1413,2025-05-01 07:00:00,12.0,91.0,10.6,
1414,2025-05-01 07:30:00,12.0,92.0,10.7,
1415,2025-05-01 08:00:00,12.0,91.5,10.7,
1416,2025-05-01 08:30:00,12.5,91.5,11.2,
1417,2025-05-01 09:00:00,13.5,88.0,11.6,
1418,2025-05-01 09:30:00,14.5,85.0,12.0,
1419,2025-05-01 10:00:00,15.0,83.0,12.1,
1420,2025-05-01 10:30:00,16.0,80.0,12.6,
1421,2025-05-01 11:00:00,16.5,77.0,12.5,
1422,2025-05-01 11:30:00,18.0,72.0,12.9,
1423,2025-05-01 12:00:00,18.0,71.5,12.8,
1424,2025-05-01 12:30:00,17.5,72.5,12.5,
1425,2025-05-01 13:00:00,18.0,71.5,12.8,
1426,2025-05-01 13:30:00,18.5,69.5,12.8,
1427,2025-05-01 14:00:00,19.0,68.0,13.0,
1428,2025-05-01 14:30:00,18.5,68.0,12.5,
1429,2025-05-01 15:00:00,18.5,67.5,12.4,
1430,2025-05-01 15:30:00,18.5,68.0,12.5,
1431,2025-05-01 16:00:00,17.0,72.0,11.9,
1432,2025-05-01 16:30:00,16.5,74.0,11.9,
1433,2025-05-01 17:00:00,17.0,73.5,12.2,
1434,2025-05-01 17:30:00,18.0,71.5,12.8,
1435,2025-05-01 18:00:00,17.5,72.0,12.4,
1436,2025-05-01 18:30:00,17.0,73.0,12.1,
1437,2025-05-01 19:00:00,15.0,79.5,11.5,
1438,2025-05-01 19:30:00,14.5,80.0,11.1,
1439,2025-05-01 20:00:00,13.0,84.0,10.4,
1440,2025-05-01 20:30:00,12.5,87.0,10.4,
1441,2025-05-01 21:00:00,12.0,88.5,10.2,
1442,2025-05-01 21:30:00,11.5,90.0,9.9,
1443,2025-05-01 22:00:00,11.5,91.0,10.1,
1444,2025-05-01 22:30:00,11.5,91.0,10.1,
1445,2025-05-01 23:00:00,11.5,91.0,10.1,
1446,2025-05-01 23:30:00,11.5,91.5,10.2,
1447,2025-05-02 00:00:00,11.5,92.0,10.2,
1448,2025-05-02 00:30:00,11.5,92.5,10.3,
1449,2025-05-02 01:00:00,11.0,92.5,9.8,
1450,2025-05-02 01:30:00,11.0,93.0,9.9,
1451,2025-05-02 02:00:00,11.5,93.5,10.5,
1452,2025-05-02 02:30:00,12.0,92.5,10.8,
1453,2025-05-02 03:00:00,12.0,91.5,10.7,
1454,2025-05-02 03:30:00,12.0,91.0,10.6,
1455,2025-05-02 04:00:00,12.0,90.5,10.5,
1456,2025-05-02 04:30:00,12.0,91.0,10.6,
1457,2025-05-02 05:00:00,12.0,90.5,10.5,
1458,2025-05-02 05:30:00,12.0,90.5,10.5,
1459,2025-05-02 06:00:00,12.0,91.0,10.6,
1460,2025-05-02 06:30:00,11.5,91.5,10.2,
1461,2025-05-02 07:00:00,12.0,89.5,10.3,
1462,2025-05-02 07:30:00,12.5,88.5,10.7,
1463,2025-05-02 08:00:00,13.0,88.0,11.1,
1464,2025-05-02 08:30:00,13.0,86.0,10.7,
1465,2025-05-02 09:00:00,13.5,84.0,10.9,
1466,2025-05-02 09:30:00,15.0,80.5,11.7,
1467,2025-05-02 10:00:00,17.0,75.0,12.5,
1468,2025-05-02 10:30:00,17.0,73.0,12.1,
1469,2025-05-02 11:00:00,17.5,71.5,12.3,
1470,2025-05-02 11:30:00,19.0,67.0,12.7,
1471,2025-05-02 12:00:00,20.5,62.0,13.0,
1472,2025-05-02 12:30:00,21.0,59.5,12.8,
1473,2025-05-02 13:00:00,21.0,59.5,12.8,
1474,2025-05-02 13:30:00,19.5,60.5,11.7,
1475,2025-05-02 14:00:00,19.5,60.5,11.7,
1476,2025-05-02 14:30:00,19.5,60.5,11.7,
1477,2025-05-02 15:00:00,20.0,59.0,11.7,
1478,2025-05-02 15:30:00,20.0,58.5,11.6,
1479,2025-05-02 16:00:00,20.0,59.0,11.7,
1480,2025-05-02 16:30:00,18.5,63.5,11.4,
1481,2025-05-02 17:00:00,18.0,65.0,11.3,
1482,2025-05-02 17:30:00,17.5,66.5,11.2,
1483,2025-05-02 18:00:00,16.5,69.0,10.8,
1484,2025-05-02 18:30:00,16.0,69.0,10.3,
1485,2025-05-02 19:00:00,14.5,74.0,9.9,
1486,2025-05-02 19:30:00,14.0,74.0,9.4,
1487,2025-05-02 20:00:00,13.5,77.5,9.6,
1488,2025-05-02 20:30:00,13.0,81.5,9.9,
1489,2025-05-02 21:00:00,13.0,83.0,10.2,
1490,2025-05-02 21:30:00,13.0,83.5,10.3,
1491,2025-05-02 22:00:00,13.0,85.0,10.5,
1492,2025-05-02 22:30:00,13.0,84.5,10.5,
1493,2025-05-02 23:00:00,13.0,84.0,10.4,
1494,2025-05-02 23:30:00,13.0,82.0,10.0,
1495,2025-05-03 00:00:00,12.0,85.5,9.6,
1496,2025-05-03 00:30:00,12.5,86.0,10.2,
1497,2025-05-03 01:00:00,11.5,88.0,9.6,
1498,2025-05-03 01:30:00,12.5,87.0,10.4,
1499,2025-05-03 02:00:00,12.0,87.0,9.9,
1500,2025-05-03 02:30:00,12.0,88.5,10.2,
1501,2025-05-03 03:00:00,12.0,87.5,10.0,
1502,2025-05-03 03:30:00,11.5,89.0,9.8,
1503,2025-05-03 04:00:00,11.5,90.0,9.9,
1504,2025-05-03 04:30:00,12.0,87.5,10.0,
1505,2025-05-03 05:00:00,12.5,86.5,10.3,
1506,2025-05-03 05:30:00,12.5,86.0,10.2,
1507,2025-05-03 06:00:00,12.5,86.0,10.2,
1508,2025-05-03 06:30:00,12.5,85.5,10.1,
1509,2025-05-03 07:00:00,13.0,85.0,10.5,
1510,2025-05-03 07:30:00,14.0,84.0,11.3,
1511,2025-05-03 08:00:00,14.0,84.0,11.3,
1512,2025-05-03 08:30:00,14.0,85.5,11.6,
1513,2025-05-03 09:00:00,16.0,80.5,12.6,
1514,2025-05-03 09:30:00,15.5,79.0,11.9,
1515,2025-05-03 10:00:00,17.0,74.0,12.3,
1516,2025-05-03 10:30:00,16.5,76.0,12.3,
1517,2025-05-03 11:00:00,15.0,80.0,11.6,
1518,2025-05-03 11:30:00,15.5,78.5,11.8,
1519,2025-05-03 12:00:00,15.0,78.0,11.2,
1520,2025-05-03 12:30:00,19.5,68.0,13.4,
1521,2025-05-03 13:00:00,18.0,66.0,11.6,
1522,2025-05-03 13:30:00,20.0,63.5,12.9,
1523,2025-05-03 14:00:00,19.5,62.0,12.0,
1524,2025-05-03 14:30:00,19.0,63.5,11.9,
1525,2025-05-03 15:00:00,18.0,64.0,11.1,
1526,2025-05-03 15:30:00,18.5,62.0,11.1,
1527,2025-05-03 16:00:00,15.5,69.5,10.0,
1528,2025-05-03 16:30:00,16.0,69.5,10.4,
1529,2025-05-03 17:00:00,15.5,69.0,9.8,
1530,2025-05-03 17:30:00,14.5,69.5,9.0,
1531,2025-05-03 18:00:00,14.0,71.0,8.8,
1532,2025-05-03 18:30:00,13.5,71.0,8.4,
1533,2025-05-03 19:00:00,13.0,72.0,8.1,
1534,2025-05-03 19:30:00,13.0,72.0,8.1,
1535,2025-05-03 20:00:00,12.5,73.5,7.9,
1536,2025-05-03 20:30:00,12.0,74.0,7.5,
1537,2025-05-03 21:00:00,12.0,74.0,7.5,
1538,2025-05-03 21:30:00,11.5,74.0,7.0,
1539,2025-05-03 22:00:00,11.5,73.5,6.9,
1540,2025-05-03 22:30:00,11.5,75.5,7.3,
1541,2025-05-03 23:00:00,11.5,75.5,7.3,
1542,2025-05-03 23:30:00,11.5,77.0,7.6,
1543,2025-05-04 00:00:00,11.0,77.5,7.2,
1544,2025-05-04 00:30:00,11.0,77.5,7.2,
1545,2025-05-04 01:00:00,11.0,77.5,7.2,
1546,2025-05-04 01:30:00,11.0,77.0,7.1,
1547,2025-05-04 02:00:00,11.5,76.0,7.4,
1548,2025-05-04 02:30:00,11.5,75.5,7.3,
1549,2025-05-04 03:00:00,11.0,76.5,7.0,
1550,2025-05-04 03:30:00,11.0,77.5,7.2,
1551,2025-05-04 04:00:00,11.0,77.5,7.2,
1552,2025-05-04 04:30:00,11.0,78.0,7.3,
1553,2025-05-04 05:00:00,11.0,78.5,7.4,
1554,2025-05-04 05:30:00,11.0,78.0,7.3,
1555,2025-05-04 06:00:00,11.0,78.5,7.4,
1556,2025-05-04 06:30:00,10.5,78.5,6.9,
1557,2025-05-04 07:00:00,11.5,77.5,7.7,
1558,2025-05-04 07:30:00,13.0,71.5,8.0,
1559,2025-05-04 08:00:00,15.0,67.5,9.0,
1560,2025-05-04 08:30:00,15.0,65.5,8.6,
1561,2025-05-04 09:00:00,16.5,61.5,9.1,
1562,2025-05-04 09:30:00,17.5,58.5,9.3,
1563,2025-05-04 10:00:00,18.5,55.0,9.3,
1564,2025-05-04 10:30:00,19.5,53.5,9.8,
1565,2025-05-04 11:00:00,21.0,50.5,10.3,
1566,2025-05-04 11:30:00,20.0,50.5,9.4,
1567,2025-05-04 12:00:00,19.0,54.0,9.5,
1568,2025-05-04 12:30:00,18.5,56.5,9.7,
1569,2025-05-04 13:00:00,18.5,58.5,10.2,
1570,2025-05-04 13:30:00,19.0,56.5,10.2,
1571,2025-05-04 14:00:00,19.0,57.5,10.4,
1572,2025-05-04 14:30:00,17.5,62.5,10.3,
1573,2025-05-04 15:00:00,19.0,58.0,10.6,
1574,2025-05-04 15:30:00,18.5,58.5,10.2,
1575,2025-05-04 16:00:00,17.5,60.0,9.7,
1576,2025-05-04 16:30:00,17.5,59.5,9.5,
1577,2025-05-04 17:00:00,16.0,63.5,9.1,
1578,2025-05-04 17:30:00,16.5,62.0,9.2,
1579,2025-05-04 18:00:00,15.5,63.5,8.6,
1580,2025-05-04 18:30:00,15.0,66.0,8.7,
1581,2025-05-04 19:00:00,14.0,69.0,8.4,
1582,2025-05-04 19:30:00,12.5,72.0,7.6,
1583,2025-05-04 20:00:00,12.0,74.5,7.6,
1584,2025-05-04 20:30:00,11.5,77.0,7.6,
1585,2025-05-04 21:00:00,11.5,77.0,7.6,
1586,2025-05-04 21:30:00,11.0,78.5,7.4,
1587,2025-05-04 22:00:00,10.5,79.0,7.0,
1588,2025-05-04 22:30:00,10.5,81.5,7.5,
1589,2025-05-04 23:00:00,10.5,82.0,7.6,
1590,2025-05-04 23:30:00,10.5,83.0,7.7,
1591,2025-05-05 00:00:00,10.5,82.5,7.7,
1592,2025-05-05 00:30:00,10.5,83.5,7.8,
1593,2025-05-05 01:00:00,10.0,85.5,7.7,
1594,2025-05-05 01:30:00,10.0,86.0,7.8,
1595,2025-05-05 02:00:00,10.5,86.0,8.3,
1596,2025-05-05 02:30:00,11.0,84.0,8.4,
1597,2025-05-05 03:00:00,10.0,85.5,7.7,
1598,2025-05-05 03:30:00,9.0,88.0,7.1,
1599,2025-05-05 04:00:00,8.5,90.5,7.0,
1600,2025-05-05 04:30:00,9.0,90.5,7.5,
1601,2025-05-05 05:00:00,9.5,88.0,7.6,
1602,2025-05-05 05:30:00,10.0,88.5,8.2,
1603,2025-05-05 06:00:00,9.5,89.5,7.9,
1604,2025-05-05 06:30:00,9.5,91.5,8.2,
1605,2025-05-05 07:00:00,11.5,88.5,9.7,
1606,2025-05-05 07:30:00,14.5,78.5,10.8,
1607,2025-05-05 08:00:00,17.5,70.5,12.1,
1608,2025-05-05 08:30:00,18.5,65.0,11.8,
1609,2025-05-05 09:00:00,19.5,62.5,12.2,
1610,2025-05-05 09:30:00,19.5,62.0,12.0,
1611,2025-05-05 10:00:00,20.0,59.5,11.9,
1612,2025-05-05 10:30:00,19.0,62.5,11.7,
1613,2025-05-05 11:00:00,19.5,63.5,12.4,
1614,2025-05-05 11:30:00,20.0,65.0,13.2,
1615,2025-05-05 12:00:00,19.5,64.0,12.5,
1616,2025-05-05 12:30:00,20.0,64.0,13.0,
1617,2025-05-05 13:00:00,20.0,63.5,12.9,
1618,2025-05-05 13:30:00,20.0,63.0,12.7,
1619,2025-05-05 14:00:00,19.0,65.0,12.3,
1620,2025-05-05 14:30:00,19.0,64.0,12.0,
1621,2025-05-05 15:00:00,19.5,63.0,12.3,
1622,2025-05-05 15:30:00,19.0,63.0,11.8,
1623,2025-05-05 16:00:00,18.5,64.0,11.6,
1624,2025-05-05 16:30:00,18.5,65.5,11.9,
1625,2025-05-05 17:00:00,17.5,68.0,11.5,
1626,2025-05-05 17:30:00,17.0,68.5,11.2,
1627,2025-05-05 18:00:00,16.5,71.0,11.2,
1628,2025-05-05 18:30:00,16.5,71.5,11.3,
1629,2025-05-05 19:00:00,14.0,78.5,10.3,
1630,2025-05-05 19:30:00,13.5,82.5,10.6,
1631,2025-05-05 20:00:00,12.5,84.0,9.9,
1632,2025-05-05 20:30:00,12.5,87.0,10.4,
1633,2025-05-05 21:00:00,10.5,87.0,8.4,
1634,2025-05-05 21:30:00,9.5,88.5,7.7,
1635,2025-05-05 22:00:00,9.5,91.0,8.1,
1636,2025-05-05 22:30:00,10.0,92.0,8.8,
1637,2025-05-05 23:00:00,10.0,92.0,8.8,
1638,2025-05-05 23:30:00,10.5,93.0,9.4,
1639,2025-05-06 00:00:00,10.5,92.5,9.3,
1640,2025-05-06 00:30:00,11.5,93.0,10.4,
1641,2025-05-06 01:00:00,12.5,92.5,11.3,
1642,2025-05-06 01:30:00,13.0,91.5,11.6,
1643,2025-05-06 02:00:00,13.0,91.5,11.6,
1644,2025-05-06 02:30:00,13.5,91.5,12.1,
1645,2025-05-06 03:00:00,13.5,91.0,12.1,
1646,2025-05-06 03:30:00,13.5,90.5,12.0,
1647,2025-05-06 04:00:00,13.5,91.0,12.1,
1648,2025-05-06 04:30:00,13.5,89.5,11.8,
1649,2025-05-06 05:00:00,13.5,89.5,11.8,
1650,2025-05-06 05:30:00,13.5,90.0,11.9,
1651,2025-05-06 06:00:00,13.5,90.0,11.9,
1652,2025-05-06 06:30:00,13.5,90.5,12.0,
1653,2025-05-06 07:00:00,13.5,90.5,12.0,
1654,2025-05-06 07:30:00,13.5,89.5,11.8,
1655,2025-05-06 08:00:00,14.0,88.5,12.1,
1656,2025-05-06 08:30:00,14.5,87.5,12.5,
1657,2025-05-06 09:00:00,15.0,85.0,12.5,
1658,2025-05-06 09:30:00,15.5,82.5,12.5,
1659,2025-05-06 10:00:00,17.0,78.0,13.1,
1660,2025-05-06 10:30:00,18.5,72.5,13.5,
1661,2025-05-06 11:00:00,19.5,67.0,13.2,
1662,2025-05-06 11:30:00,19.5,68.0,13.4,
1663,2025-05-06 12:00:00,20.0,65.5,13.3,
1664,2025-05-06 12:30:00,19.5,66.0,13.0,
1665,2025-05-06 13:00:00,19.5,66.5,13.1,
1666,2025-05-06 13:30:00,21.0,63.0,13.7,
1667,2025-05-06 14:00:00,21.0,62.0,13.4,
1668,2025-05-06 14:30:00,20.5,62.0,13.0,
1669,2025-05-06 15:00:00,20.0,62.5,12.6,
1670,2025-05-06 15:30:00,20.0,61.5,12.4,
1671,2025-05-06 16:00:00,19.5,64.0,12.5,
1672,2025-05-06 16:30:00,19.0,64.5,12.2,
1673,2025-05-06 17:00:00,18.5,66.5,12.1,
1674,2025-05-06 17:30:00,18.0,68.5,12.1,
1675,2025-05-06 18:00:00,17.5,70.0,12.0,
1676,2025-05-06 18:30:00,17.0,70.5,11.6,
1677,2025-05-06 19:00:00,15.0,77.0,11.0,
1678,2025-05-06 19:30:00,14.0,79.5,10.5,
1679,2025-05-06 20:00:00,12.0,82.0,9.0,
1680,2025-05-06 20:30:00,11.0,87.5,9.0,
1681,2025-05-06 21:00:00,10.5,87.0,8.4,
1682,2025-05-06 21:30:00,10.0,89.0,8.3,
1683,2025-05-06 22:00:00,10.0,90.5,8.5,
1684,2025-05-06 22:30:00,9.5,91.0,8.1,
1685,2025-05-06 23:00:00,9.5,92.0,8.3,
1686,2025-05-06 23:30:00,9.0,92.5,7.9,
1687,2025-05-07 00:00:00,9.0,93.0,7.9,
1688,2025-05-07 00:30:00,10.0,93.5,9.0,
1689,2025-05-07 01:00:00,10.5,93.5,9.5,
1690,2025-05-07 01:30:00,10.5,93.0,9.4,
1691,2025-05-07 02:00:00,10.5,93.5,9.5,
1692,2025-05-07 02:30:00,9.5,93.0,8.4,
1693,2025-05-07 03:00:00,8.5,94.0,7.6,
1694,2025-05-07 03:30:00,8.0,94.5,7.2,
1695,2025-05-07 04:00:00,8.5,96.0,7.9,
1696,2025-05-07 04:30:00,9.0,96.5,8.5,
1697,2025-05-07 05:00:00,11.0,97.5,10.6,
1698,2025-05-07 05:30:00,11.0,96.0,10.4,
1699,2025-05-07 06:00:00,12.0,96.0,11.4,
1700,2025-05-07 06:30:00,12.0,96.0,11.4,
1701,2025-05-07 07:00:00,12.5,95.5,11.8,
1702,2025-05-07 07:30:00,13.5,95.0,12.7,
1703,2025-05-07 08:00:00,14.0,91.5,12.6,
1704,2025-05-07 08:30:00,14.5,88.0,12.5,
1705,2025-05-07 09:00:00,15.0,84.5,12.4,
1706,2025-05-07 09:30:00,16.5,79.5,12.9,
1707,2025-05-07 10:00:00,17.0,75.5,12.6,
1708,2025-05-07 10:30:00,17.0,74.0,12.3,
1709,2025-05-07 11:00:00,18.0,71.0,12.7,
1710,2025-05-07 11:30:00,19.0,68.0,13.0,
1711,2025-05-07 12:00:00,20.5,63.5,13.3,
1712,2025-05-07 12:30:00,22.0,57.5,13.2,
1713,2025-05-07 13:00:00,22.0,57.5,13.2,
1714,2025-05-07 13:30:00,21.5,57.0,12.6,
1715,2025-05-07 14:00:00,21.0,58.5,12.6,
1716,2025-05-07 14:30:00,21.0,57.5,12.3,
1717,2025-05-07 15:00:00,20.5,59.0,12.2,
1718,2025-05-07 15:30:00,20.5,58.5,12.1,
1719,2025-05-07 16:00:00,19.5,60.5,11.7,
1720,2025-05-07 16:30:00,19.5,61.0,11.8,
1721,2025-05-07 17:00:00,19.0,62.5,11.7,
1722,2025-05-07 17:30:00,18.0,66.0,11.6,
1723,2025-05-07 18:00:00,18.0,67.0,11.8,
1724,2025-05-07 18:30:00,17.0,70.5,11.6,
1725,2025-05-07 19:00:00,15.5,77.0,11.5,
1726,2025-05-07 19:30:00,14.5,81.5,11.4,
1727,2025-05-07 20:00:00,14.0,84.0,11.3,
1728,2025-05-07 20:30:00,14.5,79.5,11.0,
1729,2025-05-07 21:00:00,14.5,78.5,10.8,
1730,2025-05-07 21:30:00,14.0,80.0,10.6,
1731,2025-05-07 22:00:00,13.0,80.5,9.7,
1732,2025-05-07 22:30:00,12.5,82.0,9.5,
1733,2025-05-07 23:00:00,13.0,82.0,10.0,
1734,2025-05-07 23:30:00,12.0,84.0,9.4,
1735,2025-05-08 00:00:00,12.5,83.0,9.7,
1736,2025-05-08 00:30:00,11.5,82.0,8.5,
1737,2025-05-08 01:00:00,10.0,87.0,7.9,
1738,2025-05-08 01:30:00,9.5,90.0,7.9,
1739,2025-05-08 02:00:00,9.0,90.5,7.5,
1740,2025-05-08 02:30:00,8.5,91.5,7.2,
1741,2025-05-08 03:00:00,8.5,92.5,7.4,
1742,2025-05-08 03:30:00,8.5,93.5,7.5,
1743,2025-05-08 04:00:00,10.0,96.0,9.4,
1744,2025-05-08 04:30:00,11.5,94.5,10.6,
1745,2025-05-08 05:00:00,12.0,91.0,10.6,
1746,2025-05-08 05:30:00,11.5,89.5,9.8,
1747,2025-05-08 06:00:00,10.0,91.5,8.7,
1748,2025-05-08 06:30:00,8.5,92.5,7.4,
1749,2025-05-08 07:00:00,12.0,93.0,10.9,
1750,2025-05-08 07:30:00,17.0,77.5,13.0,
1751,2025-05-08 08:00:00,19.5,70.0,13.9,
1752,2025-05-08 08:30:00,21.0,65.0,14.2,
1753,2025-05-08 09:00:00,20.5,64.5,13.6,
1754,2025-05-08 09:30:00,20.5,64.5,13.6,
1755,2025-05-08 10:00:00,22.5,57.0,13.6,
1756,2025-05-08 10:30:00,22.0,58.0,13.4,
1757,2025-05-08 11:00:00,22.0,57.5,13.2,
1758,2025-05-08 11:30:00,22.5,57.0,13.6,
1759,2025-05-08 12:00:00,22.5,56.0,13.3,
1760,2025-05-08 12:30:00,21.5,57.5,12.8,
1761,2025-05-08 13:00:00,22.5,56.5,13.4,
1762,2025-05-08 13:30:00,22.5,56.0,13.3,
1763,2025-05-08 14:00:00,21.5,57.5,12.8,
1764,2025-05-08 14:30:00,21.5,57.0,12.6,
1765,2025-05-08 15:00:00,22.0,56.5,13.0,
1766,2025-05-08 15:30:00,22.0,57.0,13.1,
1767,2025-05-08 16:00:00,22.0,56.0,12.8,
1768,2025-05-08 16:30:00,21.0,60.5,13.1,
1769,2025-05-08 17:00:00,19.0,64.0,12.0,
1770,2025-05-08 17:30:00,17.5,70.0,12.0,
1771,2025-05-08 18:00:00,16.5,72.0,11.4,
1772,2025-05-08 18:30:00,16.0,75.5,11.7,
1773,2025-05-08 19:00:00,14.5,81.0,11.3,
1774,2025-05-08 19:30:00,13.5,84.5,10.9,
1775,2025-05-08 20:00:00,13.0,86.5,10.8,
1776,2025-05-08 20:30:00,13.5,86.5,11.3,
1777,2025-05-08 21:00:00,13.0,86.5,10.8,
1778,2025-05-08 21:30:00,13.0,86.5,10.8,
1779,2025-05-08 22:00:00,12.5,88.5,10.7,
1780,2025-05-08 22:30:00,12.5,89.0,10.7,
1781,2025-05-08 23:00:00,18.0,64.0,11.1,
1782,2025-05-08 23:30:00,14.5,75.0,10.1,
1783,2025-05-09 00:00:00,13.5,81.0,10.3,
1784,2025-05-09 00:30:00,13.0,85.5,10.6,
1785,2025-05-09 01:00:00,12.0,90.5,10.5,
1786,2025-05-09 01:30:00,12.5,90.5,11.0,
1787,2025-05-09 02:00:00,12.0,91.0,10.6,
1788,2025-05-09 02:30:00,11.0,92.5,9.8,
1789,2025-05-09 03:00:00,11.5,95.0,10.7,
1790,2025-05-09 03:30:00,12.5,96.0,11.9,
1791,2025-05-09 04:00:00,13.0,95.5,12.3,
1792,2025-05-09 04:30:00,12.5,95.5,11.8,
1793,2025-05-09 05:00:00,11.0,95.0,10.2,
1794,2025-05-09 05:30:00,10.5,96.5,10.0,
1795,2025-05-09 06:00:00,10.5,96.0,9.9,
1796,2025-05-09 06:30:00,11.0,96.5,10.5,
1797,2025-05-09 07:00:00,12.5,97.5,12.1,
1798,2025-05-09 07:30:00,17.0,84.0,14.3,
1799,2025-05-09 08:00:00,19.5,73.5,14.6,
1800,2025-05-09 08:30:00,16.5,82.5,13.5,
1801,2025-05-09 09:00:00,16.0,85.5,13.6,
1802,2025-05-09 09:30:00,16.5,84.0,13.8,
1803,2025-05-09 10:00:00,18.5,77.5,14.5,
1804,2025-05-09 10:30:00,20.0,71.5,14.7,
1805,2025-05-09 11:00:00,22.5,67.0,16.1,
1806,2025-05-09 11:30:00,24.0,61.0,16.0,
1807,2025-05-09 12:00:00,21.0,68.0,14.9,
1808,2025-05-09 12:30:00,25.0,56.5,15.8,
1809,2025-05-09 13:00:00,26.0,52.0,15.4,
1810,2025-05-09 13:30:00,25.5,52.5,15.1,
1811,2025-05-09 14:00:00,25.5,52.5,15.1,
1812,2025-05-09 14:30:00,26.5,51.0,15.5,
1813,2025-05-09 15:00:00,29.5,40.5,14.7,
1814,2025-05-09 15:30:00,31.0,37.0,14.6,
1815,2025-05-09 16:00:00,28.5,43.0,14.7,
1816,2025-05-09 16:30:00,25.5,49.5,14.2,
1817,2025-05-09 17:00:00,24.5,51.0,13.7,
1818,2025-05-09 17:30:00,23.5,54.5,13.8,
1819,2025-05-09 18:00:00,23.0,54.0,13.2,
1820,2025-05-09 18:30:00,22.5,55.5,13.2,
1821,2025-05-09 19:00:00,22.0,57.0,13.1,
1822,2025-05-09 19:30:00,20.0,59.5,11.9,
1823,2025-05-09 20:00:00,22.0,50.0,11.1,
1824,2025-05-09 20:30:00,18.0,65.5,11.4,
1825,2025-05-09 21:00:00,16.5,70.5,11.1,
1826,2025-05-09 21:30:00,21.5,48.5,10.2,
1827,2025-05-09 22:00:00,23.0,42.5,9.6,
1828,2025-05-09 22:30:00,23.0,42.5,9.6,
1829,2025-05-09 23:00:00,24.5,39.0,9.6,
1830,2025-05-09 23:30:00,24.5,38.5,9.5,
1831,2025-05-10 00:00:00,22.0,44.5,9.4,
1832,2025-05-10 00:30:00,21.5,48.5,10.2,
1833,2025-05-10 01:00:00,19.0,57.5,10.4,
1834,2025-05-10 01:30:00,17.0,68.0,11.1,
1835,2025-05-10 02:00:00,15.5,76.0,11.3,
1836,2025-05-10 02:30:00,16.0,74.5,11.5,
1837,2025-05-10 03:00:00,14.5,81.5,11.4,
1838,2025-05-10 03:30:00,14.5,82.0,11.5,
1839,2025-05-10 04:00:00,15.5,87.0,13.3,
1840,2025-05-10 04:30:00,14.0,86.5,11.8,
1841,2025-05-10 05:00:00,12.5,88.0,10.6,
1842,2025-05-10 05:30:00,12.5,91.0,11.1,
1843,2025-05-10 06:00:00,13.0,91.0,11.6,
1844,2025-05-10 06:30:00,14.0,92.5,12.8,
1845,2025-05-10 07:00:00,17.5,84.5,14.9,
1846,2025-05-10 07:30:00,21.5,68.0,15.3,
1847,2025-05-10 08:00:00,24.0,62.5,16.4,
1848,2025-05-10 08:30:00,24.0,59.0,15.5,
1849,2025-05-10 09:00:00,25.5,54.5,15.7,
1850,2025-05-10 09:30:00,24.0,57.5,15.1,
1851,2025-05-10 10:00:00,23.0,62.0,15.3,
1852,2025-05-10 10:30:00,23.5,60.0,15.3,
1853,2025-05-10 11:00:00,23.5,61.0,15.5,
1854,2025-05-10 11:30:00,23.5,59.0,15.0,
1855,2025-05-10 12:00:00,23.5,59.0,15.0,
1856,2025-05-10 12:30:00,25.5,53.5,15.4,
1857,2025-05-10 13:00:00,26.5,50.5,15.4,
1858,2025-05-10 13:30:00,26.5,48.5,14.8,
1859,2025-05-10 14:00:00,27.0,48.0,15.1,
1860,2025-05-10 14:30:00,27.5,46.5,15.0,
1861,2025-05-10 15:00:00,26.0,52.0,15.4,
1862,2025-05-10 15:30:00,27.5,46.0,14.8,
1863,2025-05-10 16:00:00,27.0,46.0,14.4,
1864,2025-05-10 16:30:00,27.0,47.0,14.7,
1865,2025-05-10 17:00:00,24.5,51.0,13.7,
1866,2025-05-10 17:30:00,20.5,60.5,12.6,
1867,2025-05-10 18:00:00,20.0,62.0,12.5,
1868,2025-05-10 18:30:00,20.5,61.0,12.7,
1869,2025-05-10 19:00:00,18.0,66.0,11.6,
1870,2025-05-10 19:30:00,17.0,69.0,11.3,
1871,2025-05-10 20:00:00,17.0,70.0,11.5,
1872,2025-05-10 20:30:00,20.5,53.5,10.7,
1873,2025-05-10 21:00:00,20.0,47.5,8.5,
1874,2025-05-10 21:30:00,19.5,46.5,7.7,
1875,2025-05-10 22:00:00,19.0,48.5,7.9,
1876,2025-05-10 22:30:00,16.0,63.5,9.1,
1877,2025-05-10 23:00:00,15.0,70.0,9.6,
1878,2025-05-10 23:30:00,14.5,72.0,9.5,
1879,2025-05-11 00:00:00,15.0,70.5,9.7,
1880,2025-05-11 00:30:00,16.0,60.0,8.2,
1881,2025-05-11 01:00:00,17.0,54.0,7.6,
1882,2025-05-11 01:30:00,16.0,56.5,7.4,
1883,2025-05-11 02:00:00,15.5,56.5,6.9,
1884,2025-05-11 02:30:00,14.5,69.0,8.9,
1885,2025-05-11 03:00:00,14.5,65.0,8.0,
1886,2025-05-11 03:30:00,14.0,66.5,7.9,
1887,2025-05-11 04:00:00,14.5,67.5,8.6,
1888,2025-05-11 04:30:00,15.0,65.5,8.6,
1889,2025-05-11 05:00:00,16.0,63.0,9.0,
1890,2025-05-11 05:30:00,16.5,58.5,8.3,
1891,2025-05-11 06:00:00,16.5,57.0,8.0,
1892,2025-05-11 06:30:00,16.5,57.0,8.0,
1893,2025-05-11 07:00:00,18.5,48.5,7.4,
1894,2025-05-11 07:30:00,22.0,41.0,8.2,
1895,2025-05-11 08:00:00,25.5,38.5,10.3,
1896,2025-05-11 08:30:00,28.0,32.0,9.8,
1897,2025-05-11 09:00:00,27.0,31.5,8.7,
1898,2025-05-11 09:30:00,27.0,31.5,8.7,
1899,2025-05-11 10:00:00,29.0,35.5,12.2,
1900,2025-05-11 10:30:00,25.0,43.5,11.7,
1901,2025-05-11 11:00:00,24.0,47.5,12.2,
1902,2025-05-11 11:30:00,24.0,47.5,12.2,
1903,2025-05-11 12:00:00,24.0,47.5,12.2,
1904,2025-05-11 12:30:00,24.0,47.0,12.0,
1905,2025-05-11 13:00:00,24.0,46.5,11.8,
1906,2025-05-11 13:30:00,24.5,45.5,12.0,
1907,2025-05-11 14:00:00,25.0,43.5,11.7,
1908,2025-05-11 14:30:00,25.0,43.0,11.6,
1909,2025-05-11 15:00:00,25.0,42.0,11.2,
1910,2025-05-11 15:30:00,24.0,45.5,11.5,
1911,2025-05-11 16:00:00,24.0,43.0,10.7,
1912,2025-05-11 16:30:00,25.0,39.0,10.1,
1913,2025-05-11 17:00:00,26.0,35.0,9.4,
1914,2025-05-11 17:30:00,24.5,35.0,8.0,
1915,2025-05-11 18:00:00,23.5,36.5,7.8,
1916,2025-05-11 18:30:00,22.5,36.5,6.9,
1917,2025-05-11 19:00:00,21.0,39.0,6.5,
1918,2025-05-11 19:30:00,19.5,37.0,4.4,
1919,2025-05-11 20:00:00,19.0,36.5,3.8,
1920,2025-05-11 20:30:00,17.5,39.0,3.4,
1921,2025-05-11 21:00:00,17.5,34.5,1.7,
1922,2025-05-11 21:30:00,16.5,37.0,1.8,
1923,2025-05-11 22:00:00,16.0,37.0,1.3,
1924,2025-05-11 22:30:00,16.5,35.0,1.0,
1925,2025-05-11 23:00:00,16.0,38.0,1.7,
1926,2025-05-11 23:30:00,15.0,41.0,1.9,
1927,2025-05-12 00:00:00,14.5,47.0,3.3,
1928,2025-05-12 00:30:00,14.5,46.5,3.2,
1929,2025-05-12 01:00:00,14.0,50.0,3.8,
1930,2025-05-12 01:30:00,13.5,53.5,4.3,
1931,2025-05-12 02:00:00,13.5,53.0,4.1,
1932,2025-05-12 02:30:00,14.0,52.0,4.3,
1933,2025-05-12 03:00:00,13.5,56.0,4.9,
1934,2025-05-12 03:30:00,13.0,58.5,5.1,
1935,2025-05-12 04:00:00,13.0,56.0,4.4,
1936,2025-05-12 04:30:00,12.5,55.5,3.8,
1937,2025-05-12 05:00:00,12.0,57.0,3.8,
1938,2025-05-12 05:30:00,12.5,59.0,4.7,
1939,2025-05-12 06:00:00,12.0,63.0,5.2,
1940,2025-05-12 06:30:00,12.5,69.0,7.0,
1941,2025-05-12 07:00:00,14.0,64.0,7.3,
1942,2025-05-12 07:30:00,16.0,59.5,8.1,
1943,2025-05-12 08:00:00,18.0,55.0,8.8,
1944,2025-05-12 08:30:00,18.5,53.5,8.9,
1945,2025-05-12 09:00:00,19.5,50.0,8.8,
1946,2025-05-12 09:30:00,20.5,48.5,9.3,
1947,2025-05-12 10:00:00,20.5,49.0,9.4,
1948,2025-05-12 10:30:00,21.0,46.0,8.9,
1949,2025-05-12 11:00:00,21.0,43.5,8.1,
1950,2025-05-12 11:30:00,23.0,41.5,9.2,
1951,2025-05-12 12:00:00,22.5,47.5,10.8,
1952,2025-05-12 12:30:00,22.5,47.5,10.8,
1953,2025-05-12 13:00:00,22.0,50.5,11.3,
1954,2025-05-12 13:30:00,21.5,52.0,11.2,
1955,2025-05-12 14:00:00,22.0,52.0,11.7,
1956,2025-05-12 14:30:00,21.5,54.0,11.8,
1957,2025-05-12 15:00:00,21.0,55.0,11.6,
1958,2025-05-12 15:30:00,21.5,56.0,12.4,
1959,2025-05-12 16:00:00,21.0,56.5,12.0,
1960,2025-05-12 16:30:00,19.5,62.5,12.2,
1961,2025-05-12 17:00:00,18.5,65.0,11.8,
1962,2025-05-12 17:30:00,18.5,63.5,11.4,
1963,2025-05-12 18:00:00,18.5,65.5,11.9,
1964,2025-05-12 18:30:00,16.5,67.5,10.5,
1965,2025-05-12 19:00:00,15.0,72.0,10.0,
1966,2025-05-12 19:30:00,14.0,76.0,9.8,
1967,2025-05-12 20:00:00,14.0,77.0,10.0,
1968,2025-05-12 20:30:00,13.5,74.0,9.0,
1969,2025-05-12 21:00:00,13.0,75.5,8.8,
1970,2025-05-12 21:30:00,12.5,76.5,8.5,
1971,2025-05-12 22:00:00,12.0,76.5,8.0,
1972,2025-05-12 22:30:00,12.0,77.5,8.2,
1973,2025-05-12 23:00:00,12.0,77.0,8.1,
1974,2025-05-12 23:30:00,12.0,76.0,7.9,
1975,2025-05-13 00:00:00,12.0,77.0,8.1,
1976,2025-05-13 00:30:00,12.0,78.0,8.3,
1977,2025-05-13 01:00:00,12.5,76.0,8.4,
1978,2025-05-13 01:30:00,12.5,76.0,8.4,
1979,2025-05-13 02:00:00,13.0,77.0,9.1,
1980,2025-05-13 02:30:00,13.0,76.5,9.0,
1981,2025-05-13 03:00:00,12.5,78.0,8.8,
1982,2025-05-13 03:30:00,12.5,78.0,8.8,
1983,2025-05-13 04:00:00,12.0,80.0,8.7,
1984,2025-05-13 04:30:00,11.5,80.0,8.2,
1985,2025-05-13 05:00:00,12.0,82.0,9.0,
1986,2025-05-13 05:30:00,12.0,79.5,8.6,
1987,2025-05-13 06:00:00,12.0,78.5,8.4,
1988,2025-05-13 06:30:00,12.5,76.0,8.4,
1989,2025-05-13 07:00:00,14.5,69.0,8.9,
1990,2025-05-13 07:30:00,17.5,61.5,10.0,
1991,2025-05-13 08:00:00,17.5,59.5,9.5,
1992,2025-05-13 08:30:00,18.5,54.0,9.0,
1993,2025-05-13 09:00:00,20.0,49.5,9.1,
1994,2025-05-13 09:30:00,20.5,48.0,9.1,
1995,2025-05-13 10:00:00,19.5,52.5,9.5,
1996,2025-05-13 10:30:00,21.0,49.0,9.9,
1997,2025-05-13 11:00:00,21.0,51.0,10.5,
1998,2025-05-13 11:30:00,21.0,49.5,10.0,
1999,2025-05-13 12:00:00,22.0,46.5,10.0,
2000,2025-05-13 12:30:00,22.0,49.0,10.8,
2001,2025-05-13 13:00:00,20.5,53.0,10.6,
2002,2025-05-13 13:30:00,21.0,52.5,10.9,
2003,2025-05-13 14:00:00,20.5,54.0,10.9,
2004,2025-05-13 14:30:00,20.0,55.0,10.7,
2005,2025-05-13 15:00:00,20.0,55.0,10.7,
2006,2025-05-13 15:30:00,20.5,53.0,10.6,
2007,2025-05-13 16:00:00,19.5,54.0,10.0,
2008,2025-05-13 16:30:00,19.0,56.5,10.2,
2009,2025-05-13 17:00:00,19.0,57.0,10.3,
2010,2025-05-13 17:30:00,17.5,58.0,9.2,
2011,2025-05-13 18:00:00,17.0,59.5,9.1,
2012,2025-05-13 18:30:00,16.0,62.0,8.7,
2013,2025-05-13 19:00:00,14.5,67.0,8.5,
2014,2025-05-13 19:30:00,13.5,71.0,8.4,
2015,2025-05-13 20:00:00,13.0,73.5,8.4,
2016,2025-05-13 20:30:00,12.5,76.0,8.4,
2017,2025-05-13 21:00:00,12.5,77.0,8.6,
2018,2025-05-13 21:30:00,12.5,75.5,8.3,
2019,2025-05-13 22:00:00,12.5,73.0,7.8,
2020,2025-05-13 22:30:00,12.0,73.0,7.3,
2021,2025-05-13 23:00:00,12.5,74.0,8.0,
2022,2025-05-13 23:30:00,12.5,74.0,8.0,
2023,2025-05-14 00:00:00,12.5,76.5,8.5,
2024,2025-05-14 00:30:00,13.0,75.0,8.7,
2025,2025-05-14 01:00:00,12.5,78.0,8.8,
2026,2025-05-14 01:30:00,12.5,79.5,9.1,
2027,2025-05-14 02:00:00,11.5,82.0,8.5,
2028,2025-05-14 02:30:00,13.0,76.0,8.9,
2029,2025-05-14 03:00:00,12.0,78.5,8.4,
2030,2025-05-14 03:30:00,11.5,81.5,8.4,
2031,2025-05-14 04:00:00,11.5,81.5,8.4,
2032,2025-05-14 04:30:00,11.5,81.0,8.4,
2033,2025-05-14 05:00:00,12.0,77.5,8.2,
2034,2025-05-14 05:30:00,12.0,78.0,8.3,
2035,2025-05-14 06:00:00,12.0,78.0,8.3,
2036,2025-05-14 06:30:00,11.0,82.5,8.1,
2037,2025-05-14 07:00:00,14.5,70.0,9.1,
2038,2025-05-14 07:30:00,18.0,61.5,10.5,
2039,2025-05-14 08:00:00,19.5,57.0,10.8,
2040,2025-05-14 08:30:00,19.0,58.5,10.7,
2041,2025-05-14 09:00:00,18.0,61.0,10.4,
2042,2025-05-14 09:30:00,18.0,60.5,10.3,
2043,2025-05-14 10:00:00,19.0,59.0,10.8,
2044,2025-05-14 10:30:00,20.0,56.5,11.1,
2045,2025-05-14 11:00:00,20.0,55.0,10.7,
2046,2025-05-14 11:30:00,19.5,56.5,10.6,
2047,2025-05-14 12:00:00,19.5,56.0,10.5,
2048,2025-05-14 12:30:00,19.5,56.5,10.6,
2049,2025-05-14 13:00:00,19.5,56.5,10.6,
2050,2025-05-14 13:30:00,19.5,56.0,10.5,
2051,2025-05-14 14:00:00,19.5,55.0,10.2,
2052,2025-05-14 14:30:00,20.5,54.0,10.9,
2053,2025-05-14 15:00:00,20.5,53.5,10.7,
2054,2025-05-14 15:30:00,21.0,53.5,11.2,
2055,2025-05-14 16:00:00,20.0,54.5,10.6,
2056,2025-05-14 16:30:00,20.0,54.5,10.6,
2057,2025-05-14 17:00:00,19.5,55.0,10.2,
2058,2025-05-14 17:30:00,19.0,56.0,10.0,
2059,2025-05-14 18:00:00,18.5,57.5,10.0,
2060,2025-05-14 18:30:00,17.0,60.5,9.3,
2061,2025-05-14 19:00:00,16.0,63.5,9.1,
2062,2025-05-14 19:30:00,14.0,71.0,8.8,
2063,2025-05-14 20:00:00,13.0,76.5,9.0,
2064,2025-05-14 20:30:00,12.5,78.0,8.8,
2065,2025-05-14 21:00:00,12.5,79.0,9.0,
2066,2025-05-14 21:30:00,12.0,80.5,8.8,
2067,2025-05-14 22:00:00,11.5,82.0,8.5,
2068,2025-05-14 22:30:00,11.0,84.5,8.5,
2069,2025-05-14 23:00:00,11.0,86.0,8.8,
2070,2025-05-14 23:30:00,11.0,83.0,8.2,
2071,2025-05-15 00:00:00,11.5,81.5,8.4,
2072,2025-05-15 00:30:00,12.5,78.0,8.8,
2073,2025-05-15 01:00:00,13.0,76.5,9.0,
2074,2025-05-15 01:30:00,12.0,80.0,8.7,
2075,2025-05-15 02:00:00,12.0,80.0,8.7,
2076,2025-05-15 02:30:00,13.0,76.5,9.0,
2077,2025-05-15 03:00:00,12.5,77.0,8.6,
2078,2025-05-15 03:30:00,13.5,73.5,8.9,
2079,2025-05-15 04:00:00,12.5,78.0,8.8,
2080,2025-05-15 04:30:00,11.5,77.5,7.7,
2081,2025-05-15 05:00:00,11.0,81.0,7.9,
2082,2025-05-15 05:30:00,11.5,81.0,8.4,
2083,2025-05-15 06:00:00,11.0,84.5,8.5,
2084,2025-05-15 06:30:00,10.0,83.5,7.3,
2085,2025-05-15 07:00:00,14.0,75.5,9.7,
2086,2025-05-15 07:30:00,17.0,67.0,10.8,
2087,2025-05-15 08:00:00,18.0,65.5,11.4,
2088,2025-05-15 08:30:00,19.0,62.5,11.7,
2089,2025-05-15 09:00:00,19.5,60.0,11.5,
2090,2025-05-15 09:30:00,19.5,59.5,11.4,
2091,2025-05-15 10:00:00,21.5,53.0,11.5,
2092,2025-05-15 10:30:00,23.0,50.0,12.0,
2093,2025-05-15 11:00:00,23.0,47.5,11.2,
2094,2025-05-15 11:30:00,23.5,48.5,12.0,
2095,2025-05-15 12:00:00,23.0,49.5,11.9,
2096,2025-05-15 12:30:00,23.0,49.0,11.7,
