Pt Conception,Time,Celsius(°C),Humidity(%rh),Dew Point(°C),Serial Number
1,2025-03-31 09:00:00,20.5,65.0,13.7,065057165
2,2025-03-31 09:30:00,20.5,64.5,13.6
3,2025-03-31 10:00:00,20.0,64.5,13.1
4,2025-03-31 10:30:00,20.5,64.5,13.6
5,2025-03-31 11:00:00,20.5,64.5,13.6
6,2025-03-31 11:30:00,20.5,64.5,13.6
7,2025-03-31 12:00:00,21.0,64.0,13.9
8,2025-03-31 12:30:00,21.0,64.0,13.9
9,2025-03-31 13:00:00,21.0,64.0,13.9
10,2025-03-31 13:30:00,21.0,64.0,13.9
11,2025-03-31 14:00:00,21.5,63.5,14.3
12,2025-03-31 14:30:00,21.5,64.0,14.4
13,2025-03-31 15:00:00,21.5,63.5,14.3
14,2025-03-31 15:30:00,22.0,63.5,14.8
15,2025-03-31 16:00:00,22.0,63.5,14.8
16,2025-03-31 16:30:00,22.0,63.5,14.8
17,2025-03-31 17:00:00,22.0,63.0,14.6
18,2025-03-31 17:30:00,22.5,63.0,15.1
19,2025-03-31 18:00:00,22.0,63.0,14.6
20,2025-03-31 18:30:00,22.0,63.0,14.6
21,2025-03-31 19:00:00,22.0,63.0,14.6
22,2025-03-31 19:30:00,21.5,63.0,14.2
23,2025-03-31 20:00:00,21.5,63.0,14.2
24,2025-03-31 20:30:00,21.0,63.0,13.7
25,2025-03-31 21:00:00,21.0,63.5,13.8
26,2025-03-31 21:30:00,20.5,63.5,13.3
27,2025-03-31 22:00:00,20.5,63.5,13.3
28,2025-03-31 22:30:00,20.5,63.5,13.3
29,2025-03-31 23:00:00,20.5,63.5,13.3
30,2025-03-31 23:30:00,20.0,63.5,12.9
31,2025-04-01 00:00:00,20.0,63.5,12.9
32,2025-04-01 00:30:00,20.0,63.5,12.9
33,2025-04-01 01:00:00,20.0,63.5,12.9
34,2025-04-01 01:30:00,20.0,63.0,12.7
35,2025-04-01 02:00:00,20.0,63.0,12.7
36,2025-04-01 02:30:00,20.0,63.0,12.7
37,2025-04-01 03:00:00,20.0,63.5,12.9
38,2025-04-01 03:30:00,19.5,63.5,12.4
39,2025-04-01 04:00:00,19.5,63.0,12.3
40,2025-04-01 04:30:00,19.5,62.5,12.2
41,2025-04-01 05:00:00,19.5,62.5,12.2
42,2025-04-01 05:30:00,19.5,62.5,12.2
43,2025-04-01 06:00:00,19.5,62.5,12.2
44,2025-04-01 06:30:00,20.0,62.5,12.6
45,2025-04-01 07:00:00,20.0,62.0,12.5
46,2025-04-01 07:30:00,20.0,62.5,12.6
47,2025-04-01 08:00:00,20.0,62.5,12.6
48,2025-04-01 08:30:00,19.5,62.5,12.2
49,2025-04-01 09:00:00,19.5,62.0,12.0
50,2025-04-01 09:30:00,20.0,61.5,12.4
51,2025-04-01 10:00:00,20.0,61.5,12.4
52,2025-04-01 10:30:00,20.0,61.5,12.4
53,2025-04-01 11:00:00,20.0,61.0,12.3
54,2025-04-01 11:30:00,20.0,61.0,12.3
55,2025-04-01 12:00:00,20.5,61.0,12.7
56,2025-04-01 12:30:00,20.5,61.0,12.7
57,2025-04-01 13:00:00,20.5,61.0,12.7
58,2025-04-01 13:30:00,21.0,60.5,13.1
59,2025-04-01 14:00:00,21.0,60.5,13.1
60,2025-04-01 14:30:00,21.5,60.0,13.4
61,2025-04-01 15:00:00,21.5,60.0,13.4
62,2025-04-01 15:30:00,17.0,61.0,9.4
63,2025-04-01 16:00:00,15.0,68.0,9.1
64,2025-04-01 16:30:00,14.0,74.5,9.5
65,2025-04-01 17:00:00,14.0,77.0,10.0
66,2025-04-01 17:30:00,13.0,80.0,9.6
67,2025-04-01 18:00:00,13.0,77.5,9.2
68,2025-04-01 18:30:00,12.5,73.5,7.9
69,2025-04-01 19:00:00,12.0,78.5,8.4
70,2025-04-01 19:30:00,11.5,78.5,7.9
71,2025-04-01 20:00:00,11.5,80.5,8.3
72,2025-04-01 20:30:00,11.0,80.5,7.8
73,2025-04-01 21:00:00,10.5,85.0,8.1
74,2025-04-01 21:30:00,10.5,83.0,7.7
75,2025-04-01 22:00:00,11.0,81.0,7.9
76,2025-04-01 22:30:00,11.0,82.0,8.0
77,2025-04-01 23:00:00,11.0,82.0,8.0
78,2025-04-01 23:30:00,10.5,78.5,6.9
79,2025-04-02 00:00:00,10.0,79.5,6.6
80,2025-04-02 00:30:00,10.0,83.0,7.3
81,2025-04-02 01:00:00,10.0,85.5,7.7
82,2025-04-02 01:30:00,9.5,87.5,7.5
83,2025-04-02 02:00:00,9.5,86.0,7.3
84,2025-04-02 02:30:00,9.5,87.0,7.4
85,2025-04-02 03:00:00,10.0,82.5,7.2
86,2025-04-02 03:30:00,9.5,83.0,6.8
87,2025-04-02 04:00:00,9.5,83.0,6.8
88,2025-04-02 04:30:00,10.0,85.0,7.6
89,2025-04-02 05:00:00,10.0,81.5,7.0
90,2025-04-02 05:30:00,10.0,82.5,7.2
91,2025-04-02 06:00:00,10.0,84.5,7.5
92,2025-04-02 06:30:00,10.0,80.0,6.7
93,2025-04-02 07:00:00,9.5,85.0,7.1
94,2025-04-02 07:30:00,10.0,85.5,7.7
95,2025-04-02 08:00:00,10.0,83.5,7.3
96,2025-04-02 08:30:00,10.5,82.5,7.7
97,2025-04-02 09:00:00,12.0,75.5,7.8
98,2025-04-02 09:30:00,13.0,74.0,8.5
99,2025-04-02 10:00:00,13.5,71.0,8.4
100,2025-04-02 10:30:00,14.5,70.0,9.1
101,2025-04-02 11:00:00,15.0,60.0,7.3
102,2025-04-02 11:30:00,15.5,56.0,6.8
103,2025-04-02 12:00:00,15.5,60.0,7.8
104,2025-04-02 12:30:00,16.0,59.0,8.0
105,2025-04-02 13:00:00,16.0,60.5,8.4
106,2025-04-02 13:30:00,16.0,61.0,8.5
107,2025-04-02 14:00:00,16.0,60.5,8.4
108,2025-04-02 14:30:00,16.0,60.5,8.4
109,2025-04-02 15:00:00,16.0,57.5,7.6
110,2025-04-02 15:30:00,16.0,58.0,7.7
111,2025-04-02 16:00:00,15.5,59.0,7.5
112,2025-04-02 16:30:00,14.5,61.5,7.2
113,2025-04-02 17:00:00,14.5,63.5,7.7
114,2025-04-02 17:30:00,13.5,67.0,7.5
115,2025-04-02 18:00:00,14.0,66.0,7.8
116,2025-04-02 18:30:00,13.0,68.5,7.3
117,2025-04-02 19:00:00,12.0,72.0,7.1
118,2025-04-02 19:30:00,11.0,75.5,6.8
119,2025-04-02 20:00:00,11.0,76.5,7.0
120,2025-04-02 20:30:00,10.5,78.0,6.8
121,2025-04-02 21:00:00,10.5,75.0,6.3
122,2025-04-02 21:30:00,10.5,78.0,6.8
123,2025-04-02 22:00:00,10.5,78.5,6.9
124,2025-04-02 22:30:00,10.0,76.5,6.1
125,2025-04-02 23:00:00,10.0,78.0,6.3
126,2025-04-02 23:30:00,10.0,78.0,6.3
127,2025-04-03 00:00:00,10.0,78.5,6.4
128,2025-04-03 00:30:00,10.0,78.0,6.3
129,2025-04-03 01:00:00,10.5,79.5,7.1
130,2025-04-03 01:30:00,10.0,80.0,6.7
131,2025-04-03 02:00:00,10.0,79.5,6.6
132,2025-04-03 02:30:00,10.0,79.5,6.6
133,2025-04-03 03:00:00,10.0,82.0,7.1
134,2025-04-03 03:30:00,10.0,81.0,6.9
135,2025-04-03 04:00:00,9.5,83.0,6.8
136,2025-04-03 04:30:00,9.5,83.5,6.8
137,2025-04-03 05:00:00,9.0,84.5,6.5
138,2025-04-03 05:30:00,9.0,83.5,6.4
139,2025-04-03 06:00:00,9.0,82.5,6.2
140,2025-04-03 06:30:00,9.0,83.5,6.4
141,2025-04-03 07:00:00,8.5,82.0,5.6
142,2025-04-03 07:30:00,8.5,80.5,5.3
143,2025-04-03 08:00:00,10.5,72.0,5.7
144,2025-04-03 08:30:00,11.5,65.5,5.3
145,2025-04-03 09:00:00,13.0,64.5,6.5
146,2025-04-03 09:30:00,14.5,57.5,6.2
147,2025-04-03 10:00:00,15.0,58.0,6.8
148,2025-04-03 10:30:00,15.5,61.0,8.0
149,2025-04-03 11:00:00,15.5,62.0,8.3
150,2025-04-03 11:30:00,15.5,57.5,7.2
151,2025-04-03 12:00:00,15.5,58.5,7.4
152,2025-04-03 12:30:00,15.5,60.0,7.8
153,2025-04-03 13:00:00,15.5,59.0,7.5
154,2025-04-03 13:30:00,16.0,58.0,7.7
155,2025-04-03 14:00:00,16.5,59.0,8.5
156,2025-04-03 14:30:00,16.5,60.0,8.7
157,2025-04-03 15:00:00,16.5,60.5,8.8
158,2025-04-03 15:30:00,16.5,59.5,8.6
159,2025-04-03 16:00:00,16.5,58.0,8.2
160,2025-04-03 16:30:00,15.5,62.5,8.4
161,2025-04-03 17:00:00,16.0,61.0,8.5
162,2025-04-03 17:30:00,15.5,59.5,7.7
163,2025-04-03 18:00:00,15.0,63.0,8.0
164,2025-04-03 18:30:00,14.0,66.0,7.8
165,2025-04-03 19:00:00,13.0,69.0,7.5
166,2025-04-03 19:30:00,12.0,70.0,6.7
167,2025-04-03 20:00:00,11.0,70.5,5.9
168,2025-04-03 20:30:00,10.5,78.0,6.8
169,2025-04-03 21:00:00,10.5,76.5,6.6
170,2025-04-03 21:30:00,10.5,77.5,6.7
171,2025-04-03 22:00:00,10.5,75.0,6.3
172,2025-04-03 22:30:00,11.0,72.0,6.2
173,2025-04-03 23:00:00,11.0,71.0,6.0
174,2025-04-03 23:30:00,11.5,71.0,6.4
175,2025-04-04 00:00:00,11.0,75.0,6.7
176,2025-04-04 00:30:00,10.5,81.5,7.5
177,2025-04-04 01:00:00,10.5,84.5,8.0
178,2025-04-04 01:30:00,10.5,83.5,7.8
179,2025-04-04 02:00:00,10.5,85.0,8.1
180,2025-04-04 02:30:00,10.0,86.5,7.9
181,2025-04-04 03:00:00,9.5,82.0,6.6
182,2025-04-04 03:30:00,9.5,79.5,6.1
183,2025-04-04 04:00:00,9.5,77.5,5.8
184,2025-04-04 04:30:00,9.5,76.0,5.5
185,2025-04-04 05:00:00,9.5,73.5,5.0
186,2025-04-04 05:30:00,8.0,77.0,4.2
187,2025-04-04 06:00:00,9.5,70.5,4.4
188,2025-04-04 06:30:00,10.5,67.5,4.7
189,2025-04-04 07:00:00,10.5,68.0,4.9
190,2025-04-04 07:30:00,10.5,69.0,5.1
191,2025-04-04 08:00:00,12.0,64.0,5.4
192,2025-04-04 08:30:00,14.0,58.5,6.0
193,2025-04-04 09:00:00,16.0,54.5,6.8
194,2025-04-04 09:30:00,16.5,51.0,6.3
195,2025-04-04 10:00:00,17.0,48.5,6.1
196,2025-04-04 10:30:00,19.0,44.5,6.6
197,2025-04-04 11:00:00,20.5,40.5,6.6
198,2025-04-04 11:30:00,23.0,33.5,6.1
199,2025-04-04 12:00:00,21.0,47.5,9.4
200,2025-04-04 12:30:00,19.5,50.0,8.8
201,2025-04-04 13:00:00,18.5,52.0,8.5
202,2025-04-04 13:30:00,18.0,53.0,8.3
203,2025-04-04 14:00:00,18.0,53.5,8.4
204,2025-04-04 14:30:00,18.5,53.0,8.7
205,2025-04-04 15:00:00,18.0,53.5,8.4
206,2025-04-04 15:30:00,19.0,51.0,8.6
207,2025-04-04 16:00:00,18.0,51.5,7.9
208,2025-04-04 16:30:00,18.5,49.5,7.7
209,2025-04-04 17:00:00,17.0,53.0,7.4
210,2025-04-04 17:30:00,17.5,51.5,7.4
211,2025-04-04 18:00:00,17.0,54.0,7.6
212,2025-04-04 18:30:00,16.5,52.5,6.8
213,2025-04-04 19:00:00,14.5,61.5,7.2
214,2025-04-04 19:30:00,14.5,55.0,5.6
215,2025-04-04 20:00:00,14.0,56.0,5.4
216,2025-04-04 20:30:00,13.5,62.0,6.4
217,2025-04-04 21:00:00,13.0,58.0,4.9
218,2025-04-04 21:30:00,14.0,54.0,4.9
219,2025-04-04 22:00:00,13.0,60.5,5.5
220,2025-04-04 22:30:00,12.5,64.5,6.0
221,2025-04-04 23:00:00,12.5,60.0,5.0
222,2025-04-04 23:30:00,12.5,59.5,4.8
223,2025-04-05 00:00:00,11.5,63.0,4.7
224,2025-04-05 00:30:00,12.0,68.5,6.4
225,2025-04-05 01:00:00,12.5,65.0,6.1
226,2025-04-05 01:30:00,13.5,60.0,5.9
227,2025-04-05 02:00:00,12.5,62.5,5.5
228,2025-04-05 02:30:00,11.5,64.5,5.0
229,2025-04-05 03:00:00,13.0,57.0,4.7
230,2025-04-05 03:30:00,12.5,58.5,4.6
231,2025-04-05 04:00:00,13.0,53.0,3.7
232,2025-04-05 04:30:00,13.5,52.0,3.8
233,2025-04-05 05:00:00,14.0,47.5,3.0
234,2025-04-05 05:30:00,14.0,48.5,3.3
235,2025-04-05 06:00:00,14.5,46.5,3.2
236,2025-04-05 06:30:00,15.0,44.0,2.9
237,2025-04-05 07:00:00,15.0,43.0,2.5
238,2025-04-05 07:30:00,15.0,43.0,2.5
239,2025-04-05 08:00:00,16.5,41.5,3.4
240,2025-04-05 08:30:00,18.0,37.5,3.3
241,2025-04-05 09:00:00,19.5,42.5,6.4
242,2025-04-05 09:30:00,22.5,34.5,6.1
243,2025-04-05 10:00:00,19.5,44.0,6.9
244,2025-04-05 10:30:00,18.5,51.5,8.3
245,2025-04-05 11:00:00,20.0,42.5,6.9
246,2025-04-05 11:30:00,22.5,36.0,6.7
247,2025-04-05 12:00:00,21.0,38.5,6.3
248,2025-04-05 12:30:00,26.0,24.5,4.2
249,2025-04-05 13:00:00,25.5,25.0,4.0
250,2025-04-05 13:30:00,23.0,38.5,8.1
251,2025-04-05 14:00:00,22.0,44.0,9.2
252,2025-04-05 14:30:00,22.0,41.5,8.3
253,2025-04-05 15:00:00,22.5,40.5,8.4
254,2025-04-05 15:30:00,20.5,50.0,9.7
255,2025-04-05 16:00:00,19.5,55.5,10.4
256,2025-04-05 16:30:00,19.0,56.5,10.2
257,2025-04-05 17:00:00,19.0,56.0,10.0
258,2025-04-05 17:30:00,18.5,53.5,8.9
259,2025-04-05 18:00:00,17.5,55.0,8.4
260,2025-04-05 18:30:00,17.0,52.5,7.2
261,2025-04-05 19:00:00,16.5,53.5,7.0
262,2025-04-05 19:30:00,15.5,56.0,6.8
263,2025-04-05 20:00:00,15.0,53.0,5.5
264,2025-04-05 20:30:00,15.5,43.0,3.0
265,2025-04-05 21:00:00,15.5,42.5,2.8
266,2025-04-05 21:30:00,15.5,39.0,1.6
267,2025-04-05 22:00:00,15.0,40.5,1.7
268,2025-04-05 22:30:00,14.5,41.5,1.6
269,2025-04-05 23:00:00,15.5,41.5,2.5
270,2025-04-05 23:30:00,14.5,45.5,2.9
271,2025-04-06 00:00:00,13.0,53.5,3.8
272,2025-04-06 00:30:00,14.5,47.5,3.5
273,2025-04-06 01:00:00,15.0,47.0,3.8
274,2025-04-06 01:30:00,15.0,45.5,3.3
275,2025-04-06 02:00:00,14.5,48.0,3.6
276,2025-04-06 02:30:00,13.5,51.5,3.7
277,2025-04-06 03:00:00,13.0,56.0,4.4
278,2025-04-06 03:30:00,14.5,50.0,4.2
279,2025-04-06 04:00:00,13.0,64.0,6.4
280,2025-04-06 04:30:00,13.5,56.5,5.0
281,2025-04-06 05:00:00,11.5,77.0,7.6
282,2025-04-06 05:30:00,10.5,73.0,5.9
283,2025-04-06 06:00:00,12.5,60.0,5.0
284,2025-04-06 06:30:00,11.0,70.5,5.9
285,2025-04-06 07:00:00,10.0,80.0,6.7
286,2025-04-06 07:30:00,10.0,84.5,7.5
287,2025-04-06 08:00:00,12.5,78.5,8.9
288,2025-04-06 08:30:00,17.0,58.5,8.8
289,2025-04-06 09:00:00,17.5,51.5,7.4
290,2025-04-06 09:30:00,17.0,55.0,7.9
291,2025-04-06 10:00:00,19.0,48.0,7.8
292,2025-04-06 10:30:00,20.0,44.0,7.4
293,2025-04-06 11:00:00,19.0,48.5,7.9
294,2025-04-06 11:30:00,17.0,62.0,9.7
295,2025-04-06 12:00:00,17.5,62.0,10.1
296,2025-04-06 12:30:00,17.5,63.0,10.4
297,2025-04-06 13:00:00,17.5,62.0,10.1
298,2025-04-06 13:30:00,19.0,57.5,10.4
299,2025-04-06 14:00:00,17.0,65.0,10.4
300,2025-04-06 14:30:00,17.0,63.5,10.0
301,2025-04-06 15:00:00,17.0,64.0,10.1
302,2025-04-06 15:30:00,16.5,65.5,10.0
303,2025-04-06 16:00:00,15.0,71.0,9.8
304,2025-04-06 16:30:00,13.5,78.5,9.8
305,2025-04-06 17:00:00,13.5,82.5,10.6
306,2025-04-06 17:30:00,14.5,79.0,10.9
307,2025-04-06 18:00:00,15.0,76.0,10.8
308,2025-04-06 18:30:00,15.5,72.0,10.5
309,2025-04-06 19:00:00,15.0,67.0,8.9
310,2025-04-06 19:30:00,16.0,62.5,8.8
311,2025-04-06 20:00:00,13.5,65.0,7.1
312,2025-04-06 20:30:00,11.5,85.5,9.2
313,2025-04-06 21:00:00,11.5,87.5,9.5
314,2025-04-06 21:30:00,11.0,87.5,9.0
315,2025-04-06 22:00:00,11.5,83.5,8.8
316,2025-04-06 22:30:00,11.0,84.0,8.4
317,2025-04-06 23:00:00,11.0,79.5,7.6
318,2025-04-06 23:30:00,11.5,74.0,7.0
319,2025-04-07 00:00:00,11.0,70.5,5.9
320,2025-04-07 00:30:00,12.0,60.5,4.6
321,2025-04-07 01:00:00,9.5,72.0,4.7
322,2025-04-07 01:30:00,11.0,72.0,6.2
323,2025-04-07 02:00:00,11.0,76.0,6.9
324,2025-04-07 02:30:00,11.0,81.0,7.9
325,2025-04-07 03:00:00,11.0,76.5,7.0
326,2025-04-07 03:30:00,12.0,68.0,6.3
327,2025-04-07 04:00:00,11.0,67.0,5.1
328,2025-04-07 04:30:00,11.5,65.0,5.2
329,2025-04-07 05:00:00,11.5,67.0,5.6
330,2025-04-07 05:30:00,11.0,58.5,3.2
331,2025-04-07 06:00:00,13.0,54.5,4.1
332,2025-04-07 06:30:00,13.5,57.0,5.2
333,2025-04-07 07:00:00,11.5,68.5,5.9
334,2025-04-07 07:30:00,11.5,73.5,6.9
335,2025-04-07 08:00:00,13.0,70.0,7.7
336,2025-04-07 08:30:00,14.5,67.5,8.6
337,2025-04-07 09:00:00,14.5,67.0,8.5
338,2025-04-07 09:30:00,16.0,64.0,9.2
339,2025-04-07 10:00:00,17.5,59.5,9.5
340,2025-04-07 10:30:00,17.5,60.0,9.7
341,2025-04-07 11:00:00,19.0,54.0,9.5
342,2025-04-07 11:30:00,19.0,54.5,9.6
343,2025-04-07 12:00:00,18.0,61.0,10.4
344,2025-04-07 12:30:00,18.0,59.5,10.0
345,2025-04-07 13:00:00,19.0,57.5,10.4
346,2025-04-07 13:30:00,19.0,60.0,11.1
347,2025-04-07 14:00:00,17.5,66.5,11.2
348,2025-04-07 14:30:00,18.0,66.0,11.6
349,2025-04-07 15:00:00,17.5,69.0,11.8
350,2025-04-07 15:30:00,17.5,68.5,11.6
351,2025-04-07 16:00:00,17.5,70.0,12.0
352,2025-04-07 16:30:00,17.5,70.0,12.0
353,2025-04-07 17:00:00,18.0,68.5,12.1
354,2025-04-07 17:30:00,17.0,71.0,11.7
355,2025-04-07 18:00:00,15.0,77.0,11.0
356,2025-04-07 18:30:00,14.5,78.0,10.7
357,2025-04-07 19:00:00,16.0,72.0,11.0
358,2025-04-07 19:30:00,15.5,71.0,10.3
359,2025-04-07 20:00:00,15.0,72.0,10.0
360,2025-04-07 20:30:00,14.5,71.5,9.4
361,2025-04-07 21:00:00,15.0,69.0,9.4
362,2025-04-07 21:30:00,15.5,62.0,8.3
363,2025-04-07 22:00:00,15.5,60.0,7.8
364,2025-04-07 22:30:00,14.0,67.5,8.1
365,2025-04-07 23:00:00,13.5,70.5,8.2
366,2025-04-07 23:30:00,13.0,73.0,8.3
367,2025-04-08 00:00:00,12.5,76.0,8.4
368,2025-04-08 00:30:00,13.0,70.5,7.8
369,2025-04-08 01:00:00,12.5,77.0,8.6
370,2025-04-08 01:30:00,12.0,79.5,8.6
371,2025-04-08 02:00:00,12.0,80.0,8.7
372,2025-04-08 02:30:00,11.5,80.5,8.3
373,2025-04-08 03:00:00,11.5,81.0,8.4
374,2025-04-08 03:30:00,11.5,83.0,8.7
375,2025-04-08 04:00:00,12.0,83.5,9.3
376,2025-04-08 04:30:00,12.0,83.0,9.2
377,2025-04-08 05:00:00,11.5,84.0,8.9
378,2025-04-08 05:30:00,11.5,82.0,8.5
379,2025-04-08 06:00:00,11.5,82.0,8.5
380,2025-04-08 06:30:00,12.0,83.5,9.3
381,2025-04-08 07:00:00,12.0,82.0,9.0
382,2025-04-08 07:30:00,12.5,83.5,9.8
383,2025-04-08 08:00:00,15.5,72.5,10.6
384,2025-04-08 08:30:00,17.0,67.5,10.9
385,2025-04-08 09:00:00,17.0,67.0,10.8
386,2025-04-08 09:30:00,17.0,67.0,10.8
387,2025-04-08 10:00:00,17.5,66.0,11.1
388,2025-04-08 10:30:00,20.0,59.5,11.9
389,2025-04-08 11:00:00,21.0,56.0,11.9
390,2025-04-08 11:30:00,21.0,55.0,11.6
391,2025-04-08 12:00:00,19.5,57.0,10.8
392,2025-04-08 12:30:00,18.5,60.0,10.6
393,2025-04-08 13:00:00,18.5,60.5,10.7
394,2025-04-08 13:30:00,18.0,64.0,11.1
395,2025-04-08 14:00:00,18.0,63.5,11.0
396,2025-04-08 14:30:00,19.0,60.0,11.1
397,2025-04-08 15:00:00,18.5,60.5,10.7
398,2025-04-08 15:30:00,18.5,59.5,10.5
399,2025-04-08 16:00:00,18.5,59.0,10.3
400,2025-04-08 16:30:00,18.5,57.5,10.0
401,2025-04-08 17:00:00,18.0,59.0,9.9
402,2025-04-08 17:30:00,18.0,60.0,10.1
403,2025-04-08 18:00:00,17.0,62.0,9.7
404,2025-04-08 18:30:00,17.0,62.0,9.7
405,2025-04-08 19:00:00,16.0,64.0,9.2
406,2025-04-08 19:30:00,15.5,66.0,9.2
407,2025-04-08 20:00:00,15.0,66.5,8.8
408,2025-04-08 20:30:00,14.5,68.0,8.7
409,2025-04-08 21:00:00,14.0,69.0,8.4
410,2025-04-08 21:30:00,14.0,68.0,8.2
411,2025-04-08 22:00:00,12.5,73.5,7.9
412,2025-04-08 22:30:00,12.5,75.0,8.2
413,2025-04-08 23:00:00,12.0,76.5,8.0
414,2025-04-08 23:30:00,11.5,77.5,7.7
415,2025-04-09 00:00:00,10.5,82.0,7.6
416,2025-04-09 00:30:00,11.5,83.5,8.8
417,2025-04-09 01:00:00,11.0,85.0,8.6
418,2025-04-09 01:30:00,10.5,86.0,8.3
419,2025-04-09 02:00:00,10.5,88.0,8.6
420,2025-04-09 02:30:00,10.5,87.5,8.5
421,2025-04-09 03:00:00,10.5,89.0,8.8
422,2025-04-09 03:30:00,10.5,89.5,8.8
423,2025-04-09 04:00:00,10.5,90.0,8.9
424,2025-04-09 04:30:00,9.5,89.5,7.9
425,2025-04-09 05:00:00,10.0,90.5,8.5
426,2025-04-09 05:30:00,9.5,92.0,8.3
427,2025-04-09 06:00:00,10.0,89.0,8.3
428,2025-04-09 06:30:00,13.0,85.5,10.6
429,2025-04-09 07:00:00,11.0,85.5,8.7
430,2025-04-09 07:30:00,10.5,87.0,8.4
431,2025-04-09 08:00:00,14.5,79.5,11.0
432,2025-04-09 08:30:00,16.5,72.0,11.4
433,2025-04-09 09:00:00,16.5,69.0,10.8
434,2025-04-09 09:30:00,19.0,65.5,12.4
435,2025-04-09 10:00:00,18.5,64.5,11.7
436,2025-04-09 10:30:00,18.5,65.0,11.8
437,2025-04-09 11:00:00,19.5,59.5,11.4
438,2025-04-09 11:30:00,20.0,60.0,12.0
439,2025-04-09 12:00:00,20.0,58.0,11.5
440,2025-04-09 12:30:00,19.5,58.5,11.2
441,2025-04-09 13:00:00,20.0,59.5,11.9
442,2025-04-09 13:30:00,21.5,54.5,11.9
443,2025-04-09 14:00:00,24.0,49.0,12.6
444,2025-04-09 14:30:00,22.5,50.0,11.6
445,2025-04-09 15:00:00,21.0,56.5,12.0
446,2025-04-09 15:30:00,21.0,57.0,12.2
447,2025-04-09 16:00:00,20.0,57.5,11.4
448,2025-04-09 16:30:00,20.0,57.5,11.4
449,2025-04-09 17:00:00,19.5,60.0,11.5
450,2025-04-09 17:30:00,17.5,65.0,10.9
451,2025-04-09 18:00:00,17.0,67.5,10.9
452,2025-04-09 18:30:00,15.5,71.0,10.3
453,2025-04-09 19:00:00,15.0,72.5,10.1
454,2025-04-09 19:30:00,13.5,79.0,9.9
455,2025-04-09 20:00:00,12.5,83.0,9.7
456,2025-04-09 20:30:00,12.0,84.0,9.4
457,2025-04-09 21:00:00,12.0,84.5,9.5
458,2025-04-09 21:30:00,12.0,83.5,9.3
459,2025-04-09 22:00:00,11.5,83.5,8.8
460,2025-04-09 22:30:00,13.0,80.5,9.7
461,2025-04-09 23:00:00,14.5,73.0,9.7
462,2025-04-09 23:30:00,13.5,74.0,9.0
463,2025-04-10 00:00:00,12.0,81.0,8.8
464,2025-04-10 00:30:00,12.0,83.5,9.3
465,2025-04-10 01:00:00,11.5,87.5,9.5
466,2025-04-10 01:30:00,10.0,87.5,8.0
467,2025-04-10 02:00:00,10.5,88.5,8.7
468,2025-04-10 02:30:00,10.0,89.0,8.3
469,2025-04-10 03:00:00,11.0,91.0,9.6
470,2025-04-10 03:30:00,10.0,89.5,8.4
471,2025-04-10 04:00:00,9.5,91.0,8.1
472,2025-04-10 04:30:00,8.5,91.0,7.1
473,2025-04-10 05:00:00,9.5,92.0,8.3
474,2025-04-10 05:30:00,8.5,92.0,7.3
475,2025-04-10 06:00:00,7.5,92.0,6.3
476,2025-04-10 06:30:00,8.0,93.5,7.0
477,2025-04-10 07:00:00,10.0,95.0,9.2
478,2025-04-10 07:30:00,10.5,95.5,9.8
479,2025-04-10 08:00:00,10.5,95.5,9.8
480,2025-04-10 08:30:00,13.5,95.0,12.7
481,2025-04-10 09:00:00,16.0,75.5,11.7
482,2025-04-10 09:30:00,17.0,73.0,12.1
483,2025-04-10 10:00:00,19.0,64.5,12.2
484,2025-04-10 10:30:00,18.0,68.5,12.1
485,2025-04-10 11:00:00,19.0,66.5,12.6
486,2025-04-10 11:30:00,18.0,69.0,12.2
487,2025-04-10 12:00:00,18.5,66.0,12.0
488,2025-04-10 12:30:00,17.5,68.0,11.5
489,2025-04-10 13:00:00,17.0,70.0,11.5
490,2025-04-10 13:30:00,17.0,71.0,11.7
491,2025-04-10 14:00:00,17.0,71.0,11.7
492,2025-04-10 14:30:00,18.0,68.0,12.0
493,2025-04-10 15:00:00,20.0,61.5,12.4
494,2025-04-10 15:30:00,20.0,59.5,11.9
495,2025-04-10 16:00:00,19.5,61.0,11.8
496,2025-04-10 16:30:00,22.5,54.0,12.7
497,2025-04-10 17:00:00,19.5,59.0,11.3
498,2025-04-10 17:30:00,19.0,61.5,11.4
499,2025-04-10 18:00:00,18.0,61.5,10.5
500,2025-04-10 18:30:00,17.5,63.5,10.5
501,2025-04-10 19:00:00,17.0,66.0,10.6
502,2025-04-10 19:30:00,18.5,59.5,10.5
503,2025-04-10 20:00:00,17.5,59.5,9.5
504,2025-04-10 20:30:00,17.0,60.5,9.3
505,2025-04-10 21:00:00,17.0,59.0,8.9
506,2025-04-10 21:30:00,15.5,62.0,8.3
507,2025-04-10 22:00:00,13.5,67.0,7.5
508,2025-04-10 22:30:00,14.5,66.0,8.2
509,2025-04-10 23:00:00,13.5,71.5,8.5
510,2025-04-10 23:30:00,13.0,75.5,8.8
511,2025-04-11 00:00:00,15.0,68.5,9.3
512,2025-04-11 00:30:00,13.5,71.5,8.5
513,2025-04-11 01:00:00,13.0,80.0,9.6
514,2025-04-11 01:30:00,12.0,85.0,9.6
515,2025-04-11 02:00:00,12.5,85.0,10.0
516,2025-04-11 02:30:00,12.5,82.0,9.5
517,2025-04-11 03:00:00,12.5,82.0,9.5
518,2025-04-11 03:30:00,12.0,84.0,9.4
519,2025-04-11 04:00:00,13.5,81.5,10.4
520,2025-04-11 04:30:00,12.0,85.5,9.6
521,2025-04-11 05:00:00,12.5,84.0,9.9
522,2025-04-11 05:30:00,14.5,79.0,10.9
523,2025-04-11 06:00:00,17.5,64.0,10.6
524,2025-04-11 06:30:00,16.0,69.5,10.4
525,2025-04-11 07:00:00,14.0,72.0,9.0
526,2025-04-11 07:30:00,15.0,75.0,10.6
527,2025-04-11 08:00:00,16.0,69.5,10.4
528,2025-04-11 08:30:00,11.5,90.5,10.0
529,2025-04-11 09:00:00,15.0,84.5,12.4
530,2025-04-11 09:30:00,17.5,68.0,11.5
531,2025-04-11 10:00:00,22.0,56.0,12.8
532,2025-04-11 10:30:00,20.0,59.5,11.9
533,2025-04-11 11:00:00,22.0,54.0,12.3
534,2025-04-11 11:30:00,21.5,56.0,12.4
535,2025-04-11 12:00:00,22.5,54.0,12.7
536,2025-04-11 12:30:00,26.0,45.0,13.2
537,2025-04-11 13:00:00,23.0,50.5,12.2
538,2025-04-11 13:30:00,21.0,56.0,11.9
539,2025-04-11 14:00:00,20.0,59.5,11.9
540,2025-04-11 14:30:00,19.5,63.5,12.4
541,2025-04-11 15:00:00,19.0,65.0,12.3
542,2025-04-11 15:30:00,19.5,61.0,11.8
543,2025-04-11 16:00:00,20.5,58.0,12.0
544,2025-04-11 16:30:00,16.5,70.0,11.0
545,2025-04-11 17:00:00,18.5,61.5,11.0
546,2025-04-11 17:30:00,17.5,64.5,10.7
547,2025-04-11 18:00:00,19.0,59.0,10.8
548,2025-04-11 18:30:00,17.0,63.0,9.9
549,2025-04-11 19:00:00,16.5,63.0,9.4
550,2025-04-11 19:30:00,16.5,61.5,9.1
551,2025-04-11 20:00:00,16.0,63.0,9.0
552,2025-04-11 20:30:00,15.5,63.5,8.6
553,2025-04-11 21:00:00,14.5,69.5,9.0
554,2025-04-11 21:30:00,14.5,67.0,8.5
555,2025-04-11 22:00:00,14.5,65.0,8.0
556,2025-04-11 22:30:00,13.5,73.0,8.8
557,2025-04-11 23:00:00,13.5,72.0,8.6
558,2025-04-11 23:30:00,14.0,68.5,8.3
559,2025-04-12 00:00:00,13.5,69.5,8.0
560,2025-04-12 00:30:00,12.5,68.5,6.9
561,2025-04-12 01:00:00,12.0,71.0,6.9
562,2025-04-12 01:30:00,11.5,75.0,7.2
563,2025-04-12 02:00:00,12.5,76.5,8.5
564,2025-04-12 02:30:00,12.0,79.0,8.5
565,2025-04-12 03:00:00,12.0,83.5,9.3
566,2025-04-12 03:30:00,12.0,83.0,9.2
567,2025-04-12 04:00:00,11.5,84.0,8.9
568,2025-04-12 04:30:00,11.0,85.5,8.7
569,2025-04-12 05:00:00,10.0,88.0,8.1
570,2025-04-12 05:30:00,10.5,88.0,8.6
571,2025-04-12 06:00:00,10.0,88.5,8.2
572,2025-04-12 06:30:00,10.5,89.5,8.8
573,2025-04-12 07:00:00,10.0,87.5,8.0
574,2025-04-12 07:30:00,10.0,88.0,8.1
575,2025-04-12 08:00:00,12.5,82.0,9.5
576,2025-04-12 08:30:00,15.5,73.0,10.7
577,2025-04-12 09:00:00,15.0,73.5,10.3
578,2025-04-12 09:30:00,14.5,76.0,10.3
579,2025-04-12 10:00:00,15.0,72.5,10.1
580,2025-04-12 10:30:00,15.5,70.0,10.1
581,2025-04-12 11:00:00,16.0,67.0,9.9
582,2025-04-12 11:30:00,16.5,65.5,10.0
583,2025-04-12 12:00:00,17.0,63.5,10.0
584,2025-04-12 12:30:00,17.0,62.5,9.8
585,2025-04-12 13:00:00,17.5,60.0,9.7
586,2025-04-12 13:30:00,17.0,60.5,9.3
587,2025-04-12 14:00:00,17.5,59.5,9.5
588,2025-04-12 14:30:00,17.0,61.0,9.4
589,2025-04-12 15:00:00,17.0,61.0,9.4
590,2025-04-12 15:30:00,17.0,61.0,9.4
591,2025-04-12 16:00:00,17.0,60.5,9.3
592,2025-04-12 16:30:00,17.0,60.5,9.3
593,2025-04-12 17:00:00,16.5,61.0,9.0
594,2025-04-12 17:30:00,16.0,63.0,9.0
595,2025-04-12 18:00:00,15.0,65.5,8.6
596,2025-04-12 18:30:00,14.0,68.5,8.3
597,2025-04-12 19:00:00,14.0,69.5,8.5
598,2025-04-12 19:30:00,12.5,73.0,7.8
599,2025-04-12 20:00:00,11.5,71.5,6.5
600,2025-04-12 20:30:00,11.5,73.0,6.8
601,2025-04-12 21:00:00,11.0,72.5,6.3
602,2025-04-12 21:30:00,10.0,77.0,6.2
603,2025-04-12 22:00:00,10.5,75.0,6.3
604,2025-04-12 22:30:00,10.0,76.5,6.1
605,2025-04-12 23:00:00,9.5,79.0,6.0
606,2025-04-12 23:30:00,9.5,78.0,5.9
607,2025-04-13 00:00:00,8.5,79.0,5.1
608,2025-04-13 00:30:00,8.0,81.5,5.0
609,2025-04-13 01:00:00,8.5,84.0,6.0
610,2025-04-13 01:30:00,9.0,84.5,6.5
611,2025-04-13 02:00:00,9.0,83.5,6.4
612,2025-04-13 02:30:00,8.5,87.5,6.5
613,2025-04-13 03:00:00,8.0,87.0,6.0
614,2025-04-13 03:30:00,8.5,88.5,6.7
615,2025-04-13 04:00:00,8.5,90.0,7.0
616,2025-04-13 04:30:00,7.5,90.5,6.0
617,2025-04-13 05:00:00,8.0,91.5,6.7
618,2025-04-13 05:30:00,8.5,92.0,7.3
619,2025-04-13 06:00:00,8.5,92.0,7.3
620,2025-04-13 06:30:00,8.0,91.0,6.6
621,2025-04-13 07:00:00,8.0,92.0,6.8
622,2025-04-13 07:30:00,9.0,90.5,7.5
623,2025-04-13 08:00:00,11.0,85.5,8.7
624,2025-04-13 08:30:00,12.5,79.0,9.0
625,2025-04-13 09:00:00,14.5,71.5,9.4
626,2025-04-13 09:30:00,14.5,70.5,9.2
627,2025-04-13 10:00:00,16.0,66.5,9.8
628,2025-04-13 10:30:00,16.0,66.5,9.8
629,2025-04-13 11:00:00,16.0,67.0,9.9
630,2025-04-13 11:30:00,16.0,65.5,9.5
631,2025-04-13 12:00:00,16.5,64.0,9.7
632,2025-04-13 12:30:00,16.5,64.0,9.7
633,2025-04-13 13:00:00,16.5,64.0,9.7
634,2025-04-13 13:30:00,17.5,63.0,10.4
635,2025-04-13 14:00:00,17.5,62.5,10.3
636,2025-04-13 14:30:00,18.0,60.0,10.1
637,2025-04-13 15:00:00,17.5,61.5,10.0
638,2025-04-13 15:30:00,17.5,61.5,10.0
639,2025-04-13 16:00:00,16.5,64.0,9.7
640,2025-04-13 16:30:00,17.5,61.5,10.0
641,2025-04-13 17:00:00,17.0,63.0,9.9
642,2025-04-13 17:30:00,16.5,65.0,9.9
643,2025-04-13 18:00:00,15.5,68.0,9.6
644,2025-04-13 18:30:00,15.0,71.0,9.8
645,2025-04-13 19:00:00,14.0,74.0,9.4
646,2025-04-13 19:30:00,12.5,79.5,9.1
647,2025-04-13 20:00:00,11.5,85.0,9.1
648,2025-04-13 20:30:00,11.0,88.5,9.2
649,2025-04-13 21:00:00,11.0,89.5,9.3
650,2025-04-13 21:30:00,10.5,91.0,9.1
651,2025-04-13 22:00:00,10.5,92.0,9.3
652,2025-04-13 22:30:00,10.5,93.0,9.4
653,2025-04-13 23:00:00,10.5,94.0,9.6
654,2025-04-13 23:30:00,10.0,94.5,9.2
655,2025-04-14 00:00:00,10.0,95.0,9.2
656,2025-04-14 00:30:00,10.0,96.0,9.4
657,2025-04-14 01:00:00,10.0,96.5,9.5
658,2025-04-14 01:30:00,9.5,96.5,9.0
659,2025-04-14 02:00:00,8.5,96.0,7.9
660,2025-04-14 02:30:00,7.5,96.0,6.9
661,2025-04-14 03:00:00,7.0,96.0,6.4
662,2025-04-14 03:30:00,8.0,97.0,7.6
663,2025-04-14 04:00:00,9.0,97.0,8.5
664,2025-04-14 04:30:00,10.0,96.5,9.5
665,2025-04-14 05:00:00,10.5,97.0,10.0
666,2025-04-14 05:30:00,10.5,97.0,10.0
667,2025-04-14 06:00:00,10.5,97.5,10.1
668,2025-04-14 06:30:00,10.5,97.5,10.1
669,2025-04-14 07:00:00,10.5,98.0,10.2
670,2025-04-14 07:30:00,10.5,98.0,10.2
671,2025-04-14 08:00:00,10.5,98.5,10.3
672,2025-04-14 08:30:00,10.5,98.5,10.3
673,2025-04-14 09:00:00,10.5,98.5,10.3
674,2025-04-14 09:30:00,11.0,98.5,10.8
675,2025-04-14 10:00:00,11.0,98.0,10.7
676,2025-04-14 10:30:00,11.5,96.5,11.0
677,2025-04-14 11:00:00,12.5,92.0,11.2
678,2025-04-14 11:30:00,14.0,87.0,11.9
679,2025-04-14 12:00:00,14.0,82.0,11.0
680,2025-04-14 12:30:00,15.0,81.5,11.9
681,2025-04-14 13:00:00,15.0,78.0,11.2
682,2025-04-14 13:30:00,15.0,77.5,11.1
683,2025-04-14 14:00:00,14.5,77.5,10.6
684,2025-04-14 14:30:00,15.0,75.5,10.7
685,2025-04-14 15:00:00,17.0,70.5,11.6
686,2025-04-14 15:30:00,15.0,77.0,11.0
687,2025-04-14 16:00:00,16.0,75.0,11.6
688,2025-04-14 16:30:00,16.0,74.0,11.4
689,2025-04-14 17:00:00,15.5,76.0,11.3
690,2025-04-14 17:30:00,15.5,76.0,11.3
691,2025-04-14 18:00:00,15.5,75.0,11.1
692,2025-04-14 18:30:00,14.5,76.5,10.4
693,2025-04-14 19:00:00,14.0,80.5,10.7
694,2025-04-14 19:30:00,13.0,82.5,10.1
695,2025-04-14 20:00:00,12.0,82.5,9.1
696,2025-04-14 20:30:00,11.5,86.0,9.2
697,2025-04-14 21:00:00,11.5,86.0,9.2
698,2025-04-14 21:30:00,12.0,85.5,9.6
699,2025-04-14 22:00:00,11.0,87.0,8.9
700,2025-04-14 22:30:00,9.5,87.0,7.4
701,2025-04-14 23:00:00,9.0,89.0,7.3
702,2025-04-14 23:30:00,10.0,89.5,8.4
703,2025-04-15 00:00:00,10.5,90.0,8.9
704,2025-04-15 00:30:00,11.0,89.0,9.3
705,2025-04-15 01:00:00,12.0,86.0,9.7
706,2025-04-15 01:30:00,12.0,82.5,9.1
707,2025-04-15 02:00:00,12.0,82.5,9.1
708,2025-04-15 02:30:00,12.0,82.5,9.1
709,2025-04-15 03:00:00,12.0,81.0,8.8
710,2025-04-15 03:30:00,12.0,82.5,9.1
711,2025-04-15 04:00:00,11.5,83.0,8.7
712,2025-04-15 04:30:00,10.5,83.0,7.7
713,2025-04-15 05:00:00,9.5,86.0,7.3
714,2025-04-15 05:30:00,11.0,85.5,8.7
715,2025-04-15 06:00:00,11.0,81.5,8.0
716,2025-04-15 06:30:00,10.0,81.0,6.9
717,2025-04-15 07:00:00,11.5,80.0,8.2
718,2025-04-15 07:30:00,12.0,76.0,7.9
719,2025-04-15 08:00:00,12.5,72.5,7.7
720,2025-04-15 08:30:00,13.0,74.0,8.5
721,2025-04-15 09:00:00,13.5,74.0,9.0
722,2025-04-15 09:30:00,14.0,67.0,8.0
723,2025-04-15 10:00:00,14.5,66.0,8.2
724,2025-04-15 10:30:00,15.5,66.0,9.2
725,2025-04-15 11:00:00,17.0,62.0,9.7
726,2025-04-15 11:30:00,16.5,62.5,9.3
727,2025-04-15 12:00:00,17.5,59.5,9.5
728,2025-04-15 12:30:00,18.0,59.0,9.9
729,2025-04-15 13:00:00,17.5,59.0,9.4
730,2025-04-15 13:30:00,18.0,59.5,10.0
731,2025-04-15 14:00:00,17.5,59.5,9.5
732,2025-04-15 14:30:00,17.5,58.5,9.3
733,2025-04-15 15:00:00,17.5,58.0,9.2
734,2025-04-15 15:30:00,17.5,59.5,9.5
735,2025-04-15 16:00:00,17.5,60.0,9.7
736,2025-04-15 16:30:00,18.0,58.5,9.7
737,2025-04-15 17:00:00,16.5,64.0,9.7
738,2025-04-15 17:30:00,18.5,58.5,10.2
739,2025-04-15 18:00:00,17.0,63.0,9.9
740,2025-04-15 18:30:00,16.5,64.0,9.7
741,2025-04-15 19:00:00,16.0,66.5,9.8
742,2025-04-15 19:30:00,13.5,74.0,9.0
743,2025-04-15 20:00:00,12.0,78.5,8.4
744,2025-04-15 20:30:00,11.0,81.0,7.9
745,2025-04-15 21:00:00,9.5,81.5,6.5
746,2025-04-15 21:30:00,9.0,84.0,6.4
747,2025-04-15 22:00:00,9.0,83.5,6.4
748,2025-04-15 22:30:00,8.5,85.0,6.1
749,2025-04-15 23:00:00,8.5,86.5,6.4
750,2025-04-15 23:30:00,9.5,86.0,7.3
751,2025-04-16 00:00:00,9.5,85.5,7.2
752,2025-04-16 00:30:00,9.0,85.0,6.6
753,2025-04-16 01:00:00,8.5,86.0,6.3
754,2025-04-16 01:30:00,8.0,87.0,6.0
755,2025-04-16 02:00:00,9.0,89.5,7.4
756,2025-04-16 02:30:00,9.0,89.5,7.4
757,2025-04-16 03:00:00,7.5,89.5,5.9
758,2025-04-16 03:30:00,7.5,90.5,6.0
759,2025-04-16 04:00:00,9.5,92.5,8.3
760,2025-04-16 04:30:00,10.0,92.5,8.8
761,2025-04-16 05:00:00,10.5,92.0,9.3
762,2025-04-16 05:30:00,10.5,89.0,8.8
763,2025-04-16 06:00:00,8.0,89.5,6.4
764,2025-04-16 06:30:00,9.0,92.0,7.8
765,2025-04-16 07:00:00,8.0,91.5,6.7
766,2025-04-16 07:30:00,9.5,93.5,8.5
767,2025-04-16 08:00:00,12.0,84.0,9.4
768,2025-04-16 08:30:00,14.5,76.5,10.4
769,2025-04-16 09:00:00,15.5,75.0,11.1
770,2025-04-16 09:30:00,16.0,72.5,11.1
771,2025-04-16 10:00:00,17.0,69.0,11.3
772,2025-04-16 10:30:00,18.0,66.0,11.6
773,2025-04-16 11:00:00,18.5,66.0,12.0
774,2025-04-16 11:30:00,18.5,67.0,12.3
775,2025-04-16 12:00:00,19.0,65.5,12.4
776,2025-04-16 12:30:00,19.5,62.5,12.2
777,2025-04-16 13:00:00,19.5,62.5,12.2
778,2025-04-16 13:30:00,19.5,62.0,12.0
779,2025-04-16 14:00:00,19.5,59.0,11.3
780,2025-04-16 14:30:00,20.5,57.0,11.7
781,2025-04-16 15:00:00,21.0,57.0,12.2
782,2025-04-16 15:30:00,19.5,62.0,12.0
783,2025-04-16 16:00:00,19.0,64.5,12.2
784,2025-04-16 16:30:00,19.0,61.0,11.3
785,2025-04-16 17:00:00,18.0,57.5,9.5
786,2025-04-16 17:30:00,17.5,61.0,9.9
787,2025-04-16 18:00:00,17.0,63.5,10.0
788,2025-04-16 18:30:00,16.0,67.5,10.0
789,2025-04-16 19:00:00,15.0,71.0,9.8
790,2025-04-16 19:30:00,14.5,72.0,9.5
791,2025-04-16 20:00:00,14.0,74.0,9.4
792,2025-04-16 20:30:00,14.0,76.5,9.9
793,2025-04-16 21:00:00,13.5,78.0,9.7
794,2025-04-16 21:30:00,13.5,77.5,9.6
795,2025-04-16 22:00:00,13.0,75.0,8.7
796,2025-04-16 22:30:00,11.0,76.5,7.0
797,2025-04-16 23:00:00,9.5,80.0,6.2
798,2025-04-16 23:30:00,8.5,82.0,5.6
799,2025-04-17 00:00:00,8.0,84.0,5.5
800,2025-04-17 00:30:00,7.5,85.5,5.2
801,2025-04-17 01:00:00,9.0,87.0,7.0
802,2025-04-17 01:30:00,9.5,87.0,7.4
803,2025-04-17 02:00:00,9.5,86.5,7.4
804,2025-04-17 02:30:00,10.5,86.0,8.3
805,2025-04-17 03:00:00,11.5,81.5,8.4
806,2025-04-17 03:30:00,11.5,81.0,8.4
807,2025-04-17 04:00:00,11.0,82.0,8.0
808,2025-04-17 04:30:00,11.0,83.0,8.2
809,2025-04-17 05:00:00,11.5,83.0,8.7
810,2025-04-17 05:30:00,11.0,83.0,8.2
811,2025-04-17 06:00:00,11.0,85.5,8.7
812,2025-04-17 06:30:00,12.0,87.0,9.9
813,2025-04-17 07:00:00,12.0,87.5,10.0
814,2025-04-17 07:30:00,12.5,87.5,10.5
815,2025-04-17 08:00:00,13.0,86.0,10.7
816,2025-04-17 08:30:00,14.0,81.5,10.9
817,2025-04-17 09:00:00,15.5,77.5,11.6
818,2025-04-17 09:30:00,18.0,67.5,11.9
819,2025-04-17 10:00:00,18.5,69.5,12.8
820,2025-04-17 10:30:00,18.5,68.5,12.6
821,2025-04-17 11:00:00,19.5,65.5,12.9
822,2025-04-17 11:30:00,20.5,63.0,13.2
823,2025-04-17 12:00:00,19.0,66.0,12.5
824,2025-04-17 12:30:00,18.5,67.5,12.4
825,2025-04-17 13:00:00,19.0,66.5,12.6
826,2025-04-17 13:30:00,18.5,68.0,12.5
827,2025-04-17 14:00:00,18.5,68.5,12.6
828,2025-04-17 14:30:00,19.0,67.5,12.9
829,2025-04-17 15:00:00,19.0,67.0,12.7
830,2025-04-17 15:30:00,19.0,67.5,12.9
831,2025-04-17 16:00:00,18.5,66.5,12.1
832,2025-04-17 16:30:00,19.0,67.0,12.7
833,2025-04-17 17:00:00,18.0,69.5,12.3
834,2025-04-17 17:30:00,17.5,70.0,12.0
835,2025-04-17 18:00:00,17.0,72.0,11.9
836,2025-04-17 18:30:00,16.0,73.5,11.3
837,2025-04-17 19:00:00,15.5,76.5,11.4
838,2025-04-17 19:30:00,14.0,77.0,10.0
839,2025-04-17 20:00:00,13.0,80.0,9.6
840,2025-04-17 20:30:00,13.0,85.5,10.6
841,2025-04-17 21:00:00,12.5,88.0,10.6
842,2025-04-17 21:30:00,12.5,90.5,11.0
843,2025-04-17 22:00:00,12.5,89.0,10.7
844,2025-04-17 22:30:00,12.5,88.5,10.7
845,2025-04-17 23:00:00,12.5,87.5,10.5
846,2025-04-17 23:30:00,12.5,86.5,10.3
847,2025-04-18 00:00:00,13.0,84.0,10.4
848,2025-04-18 00:30:00,12.5,82.5,9.6
849,2025-04-18 01:00:00,12.5,84.0,9.9
850,2025-04-18 01:30:00,12.0,82.5,9.1
851,2025-04-18 02:00:00,12.0,80.5,8.8
852,2025-04-18 02:30:00,12.0,82.0,9.0
853,2025-04-18 03:00:00,12.0,79.5,8.6
854,2025-04-18 03:30:00,12.0,80.5,8.8
855,2025-04-18 04:00:00,12.0,80.0,8.7
856,2025-04-18 04:30:00,12.0,79.0,8.5
857,2025-04-18 05:00:00,12.0,77.5,8.2
858,2025-04-18 05:30:00,12.0,78.0,8.3
859,2025-04-18 06:00:00,12.0,77.0,8.1
860,2025-04-18 06:30:00,12.0,75.0,7.7
861,2025-04-18 07:00:00,12.0,73.0,7.3
862,2025-04-18 07:30:00,12.0,73.0,7.3
863,2025-04-18 08:00:00,12.5,75.0,8.2
864,2025-04-18 08:30:00,12.5,77.0,8.6
865,2025-04-18 09:00:00,13.5,77.0,9.6
866,2025-04-18 09:30:00,14.0,77.0,10.0
867,2025-04-18 10:00:00,14.0,75.0,9.6
868,2025-04-18 10:30:00,15.5,71.0,10.3
869,2025-04-18 11:00:00,18.0,64.5,11.2
870,2025-04-18 11:30:00,17.5,63.5,10.5
871,2025-04-18 12:00:00,17.0,64.5,10.3
872,2025-04-18 12:30:00,17.5,64.5,10.7
873,2025-04-18 13:00:00,17.5,64.0,10.6
874,2025-04-18 13:30:00,18.0,64.5,11.2
875,2025-04-18 14:00:00,17.5,63.0,10.4
876,2025-04-18 14:30:00,17.5,61.0,9.9
877,2025-04-18 15:00:00,17.5,63.5,10.5
878,2025-04-18 15:30:00,17.5,64.0,10.6
879,2025-04-18 16:00:00,17.5,63.5,10.5
880,2025-04-18 16:30:00,17.0,65.5,10.5
881,2025-04-18 17:00:00,17.0,63.5,10.0
882,2025-04-18 17:30:00,16.0,65.5,9.5
883,2025-04-18 18:00:00,15.5,68.0,9.6
884,2025-04-18 18:30:00,15.0,70.5,9.7
885,2025-04-18 19:00:00,13.5,76.5,9.5
886,2025-04-18 19:30:00,12.5,79.5,9.1
887,2025-04-18 20:00:00,12.5,81.0,9.3
888,2025-04-18 20:30:00,12.5,82.0,9.5
889,2025-04-18 21:00:00,12.5,79.0,9.0
890,2025-04-18 21:30:00,13.0,82.5,10.1
891,2025-04-18 22:00:00,13.0,80.5,9.7
892,2025-04-18 22:30:00,13.0,81.0,9.8
893,2025-04-18 23:00:00,12.5,81.5,9.4
894,2025-04-18 23:30:00,12.5,83.5,9.8
895,2025-04-19 00:00:00,12.5,82.0,9.5
896,2025-04-19 00:30:00,12.5,82.0,9.5
897,2025-04-19 01:00:00,12.5,82.5,9.6
898,2025-04-19 01:30:00,12.5,82.5,9.6
899,2025-04-19 02:00:00,12.5,82.5,9.6
900,2025-04-19 02:30:00,11.5,84.0,8.9
901,2025-04-19 03:00:00,11.0,87.5,9.0
902,2025-04-19 03:30:00,9.0,88.0,7.1
903,2025-04-19 04:00:00,8.5,89.5,6.9
904,2025-04-19 04:30:00,8.0,89.5,6.4
905,2025-04-19 05:00:00,7.0,90.0,5.5
906,2025-04-19 05:30:00,7.5,91.0,6.1
907,2025-04-19 06:00:00,7.5,92.0,6.3
908,2025-04-19 06:30:00,6.0,91.5,4.7
909,2025-04-19 07:00:00,7.5,93.5,6.5
910,2025-04-19 07:30:00,10.5,93.5,9.5
911,2025-04-19 08:00:00,14.0,89.5,12.3
912,2025-04-19 08:30:00,16.0,74.5,11.5
913,2025-04-19 09:00:00,18.0,64.5,11.2
914,2025-04-19 09:30:00,17.5,68.5,11.6
915,2025-04-19 10:00:00,17.5,65.5,11.0
916,2025-04-19 10:30:00,17.5,66.5,11.2
917,2025-04-19 11:00:00,18.5,68.0,12.5
918,2025-04-19 11:30:00,19.5,62.0,12.0
919,2025-04-19 12:00:00,19.5,63.0,12.3
920,2025-04-19 12:30:00,20.0,61.5,12.4
921,2025-04-19 13:00:00,20.0,60.0,12.0
922,2025-04-19 13:30:00,20.0,60.5,12.1
923,2025-04-19 14:00:00,20.0,59.0,11.7
924,2025-04-19 14:30:00,19.5,62.0,12.0
925,2025-04-19 15:00:00,19.5,62.0,12.0
926,2025-04-19 15:30:00,18.5,63.5,11.4
927,2025-04-19 16:00:00,18.5,64.0,11.6
928,2025-04-19 16:30:00,17.5,65.5,11.0
929,2025-04-19 17:00:00,17.0,68.5,11.2
930,2025-04-19 17:30:00,16.5,68.5,10.7
931,2025-04-19 18:00:00,16.0,71.5,10.9
932,2025-04-19 18:30:00,15.5,73.5,10.8
933,2025-04-19 19:00:00,14.5,77.0,10.5
934,2025-04-19 19:30:00,13.5,79.5,10.0
935,2025-04-19 20:00:00,13.0,81.5,9.9
936,2025-04-19 20:30:00,13.5,78.5,9.8
937,2025-04-19 21:00:00,13.5,77.5,9.6
938,2025-04-19 21:30:00,13.5,78.5,9.8
939,2025-04-19 22:00:00,13.0,78.5,9.4
940,2025-04-19 22:30:00,12.5,78.0,8.8
941,2025-04-19 23:00:00,12.0,81.0,8.8
942,2025-04-19 23:30:00,12.0,82.0,9.0
943,2025-04-20 00:00:00,12.5,81.0,9.3
944,2025-04-20 00:30:00,12.5,81.0,9.3
945,2025-04-20 01:00:00,12.0,80.5,8.8
946,2025-04-20 01:30:00,12.5,76.5,8.5
947,2025-04-20 02:00:00,11.0,86.0,8.8
948,2025-04-20 02:30:00,11.5,78.0,7.8
949,2025-04-20 03:00:00,10.0,84.0,7.4
950,2025-04-20 03:30:00,11.0,82.5,8.1
951,2025-04-20 04:00:00,12.5,71.0,7.4
952,2025-04-20 04:30:00,12.5,69.0,7.0
953,2025-04-20 05:00:00,11.0,76.0,6.9
954,2025-04-20 05:30:00,10.5,79.5,7.1
955,2025-04-20 06:00:00,10.5,79.5,7.1
956,2025-04-20 06:30:00,10.5,82.0,7.6
957,2025-04-20 07:00:00,10.0,82.0,7.1
958,2025-04-20 07:30:00,12.5,80.0,9.1
959,2025-04-20 08:00:00,16.5,70.0,11.0
960,2025-04-20 08:30:00,16.5,66.0,10.1
961,2025-04-20 09:00:00,17.0,68.0,11.1
962,2025-04-20 09:30:00,16.5,71.0,11.2
963,2025-04-20 10:00:00,16.0,73.0,11.2
964,2025-04-20 10:30:00,16.0,73.5,11.3
965,2025-04-20 11:00:00,16.5,74.5,12.0
966,2025-04-20 11:30:00,17.5,71.0,12.2
967,2025-04-20 12:00:00,18.5,68.0,12.5
968,2025-04-20 12:30:00,19.5,65.0,12.7
969,2025-04-20 13:00:00,19.5,63.0,12.3
970,2025-04-20 13:30:00,19.0,63.5,11.9
971,2025-04-20 14:00:00,19.5,61.5,11.9
972,2025-04-20 14:30:00,19.0,62.5,11.7
973,2025-04-20 15:00:00,18.5,62.0,11.1
974,2025-04-20 15:30:00,18.0,63.5,11.0
975,2025-04-20 16:00:00,17.0,67.0,10.8
976,2025-04-20 16:30:00,16.5,68.0,10.6
977,2025-04-20 17:00:00,16.0,69.0,10.3
978,2025-04-20 17:30:00,15.5,72.5,10.6
979,2025-04-20 18:00:00,15.5,73.0,10.7
980,2025-04-20 18:30:00,14.5,75.5,10.2
981,2025-04-20 19:00:00,13.5,79.0,9.9
982,2025-04-20 19:30:00,13.5,80.5,10.2
983,2025-04-20 20:00:00,12.5,84.0,9.9
984,2025-04-20 20:30:00,12.0,87.5,10.0
985,2025-04-20 21:00:00,12.0,88.0,10.1
986,2025-04-20 21:30:00,11.5,89.5,9.8
987,2025-04-20 22:00:00,12.5,83.5,9.8
988,2025-04-20 22:30:00,13.0,79.5,9.5
989,2025-04-20 23:00:00,12.5,79.5,9.1
990,2025-04-20 23:30:00,12.5,80.0,9.1
991,2025-04-21 00:00:00,11.5,83.0,8.7
992,2025-04-21 00:30:00,11.0,83.0,8.2
993,2025-04-21 01:00:00,11.0,87.0,8.9
994,2025-04-21 01:30:00,11.0,84.0,8.4
995,2025-04-21 02:00:00,10.5,86.5,8.3
996,2025-04-21 02:30:00,11.0,85.5,8.7
997,2025-04-21 03:00:00,11.0,86.0,8.8
998,2025-04-21 03:30:00,10.5,88.5,8.7
999,2025-04-21 04:00:00,10.5,88.5,8.7
1000,2025-04-21 04:30:00,10.0,90.5,8.5
1001,2025-04-21 05:00:00,10.0,90.0,8.4
1002,2025-04-21 05:30:00,10.0,91.0,8.6
1003,2025-04-21 06:00:00,10.0,92.5,8.8
1004,2025-04-21 06:30:00,9.5,92.5,8.3
1005,2025-04-21 07:00:00,9.5,93.0,8.4
1006,2025-04-21 07:30:00,11.0,89.5,9.3
1007,2025-04-21 08:00:00,12.5,84.0,9.9
1008,2025-04-21 08:30:00,14.5,78.5,10.8
1009,2025-04-21 09:00:00,16.0,71.0,10.7
1010,2025-04-21 09:30:00,16.5,69.5,10.9
1011,2025-04-21 10:00:00,17.0,68.5,11.2
1012,2025-04-21 10:30:00,15.5,73.5,10.8
1013,2025-04-21 11:00:00,16.5,72.5,11.5
1014,2025-04-21 11:30:00,16.5,69.0,10.8
1015,2025-04-21 12:00:00,17.0,69.0,11.3
1016,2025-04-21 12:30:00,18.5,65.5,11.9
1017,2025-04-21 13:00:00,18.5,64.5,11.7
1018,2025-04-21 13:30:00,18.0,64.5,11.2
1019,2025-04-21 14:00:00,18.0,64.5,11.2
1020,2025-04-21 14:30:00,18.5,63.0,11.3
1021,2025-04-21 15:00:00,18.0,64.0,11.1
1022,2025-04-21 15:30:00,18.0,63.5,11.0
1023,2025-04-21 16:00:00,18.0,64.5,11.2
1024,2025-04-21 16:30:00,17.5,65.0,10.9
1025,2025-04-21 17:00:00,17.0,66.5,10.7
1026,2025-04-21 17:30:00,16.5,68.5,10.7
1027,2025-04-21 18:00:00,16.0,70.5,10.6
1028,2025-04-21 18:30:00,15.0,74.0,10.4
1029,2025-04-21 19:00:00,14.0,76.5,9.9
1030,2025-04-21 19:30:00,13.0,81.0,9.8
1031,2025-04-21 20:00:00,11.5,87.0,9.4
1032,2025-04-21 20:30:00,11.5,89.5,9.8
1033,2025-04-21 21:00:00,11.0,90.5,9.5
1034,2025-04-21 21:30:00,11.0,91.0,9.6
1035,2025-04-21 22:00:00,11.0,91.5,9.7
1036,2025-04-21 22:30:00,11.5,91.5,10.2
1037,2025-04-21 23:00:00,11.0,91.0,9.6
1038,2025-04-21 23:30:00,10.0,90.0,8.4
1039,2025-04-22 00:00:00,9.5,90.0,7.9
1040,2025-04-22 00:30:00,8.0,89.5,6.4
1041,2025-04-22 01:00:00,9.0,92.0,7.8
1042,2025-04-22 01:30:00,9.0,92.0,7.8
1043,2025-04-22 02:00:00,9.0,93.0,7.9
1044,2025-04-22 02:30:00,8.5,93.0,7.4
1045,2025-04-22 03:00:00,8.5,93.5,7.5
1046,2025-04-22 03:30:00,8.5,93.5,7.5
1047,2025-04-22 04:00:00,9.5,94.5,8.7
1048,2025-04-22 04:30:00,10.0,95.0,9.2
1049,2025-04-22 05:00:00,10.0,95.0,9.2
1050,2025-04-22 05:30:00,10.0,95.0,9.2
1051,2025-04-22 06:00:00,10.5,95.5,9.8
1052,2025-04-22 06:30:00,10.5,95.5,9.8
1053,2025-04-22 07:00:00,10.5,96.0,9.9
1054,2025-04-22 07:30:00,11.0,96.0,10.4
1055,2025-04-22 08:00:00,11.5,96.0,10.9
1056,2025-04-22 08:30:00,11.5,96.0,10.9
1057,2025-04-22 09:00:00,12.0,94.5,11.1
1058,2025-04-22 09:30:00,12.0,94.5,11.1
1059,2025-04-22 10:00:00,12.5,95.0,11.7
1060,2025-04-22 10:30:00,13.0,93.0,11.9
1061,2025-04-22 11:00:00,13.5,88.5,11.6
1062,2025-04-22 11:30:00,14.0,87.5,12.0
1063,2025-04-22 12:00:00,15.0,81.5,11.9
1064,2025-04-22 12:30:00,16.0,77.5,12.1
1065,2025-04-22 13:00:00,15.5,78.0,11.7
1066,2025-04-22 13:30:00,15.0,78.0,11.2
1067,2025-04-22 14:00:00,15.5,77.0,11.5
1068,2025-04-22 14:30:00,15.5,75.0,11.1
1069,2025-04-22 15:00:00,15.5,76.0,11.3
1070,2025-04-22 15:30:00,15.0,76.0,10.8
1071,2025-04-22 16:00:00,15.0,77.5,11.1
1072,2025-04-22 16:30:00,15.5,76.0,11.3
1073,2025-04-22 17:00:00,15.0,77.5,11.1
1074,2025-04-22 17:30:00,14.5,76.5,10.4
1075,2025-04-22 18:00:00,14.0,77.5,10.1
1076,2025-04-22 18:30:00,14.5,75.0,10.1
1077,2025-04-22 19:00:00,14.5,75.0,10.1
1078,2025-04-22 19:30:00,12.5,80.0,9.1
1079,2025-04-22 20:00:00,11.5,84.5,9.0
1080,2025-04-22 20:30:00,11.5,86.0,9.2
1081,2025-04-22 21:00:00,11.0,87.0,8.9
1082,2025-04-22 21:30:00,10.0,87.5,8.0
1083,2025-04-22 22:00:00,9.5,89.5,7.9
1084,2025-04-22 22:30:00,10.0,90.0,8.4
1085,2025-04-22 23:00:00,10.0,91.5,8.7
1086,2025-04-22 23:30:00,9.5,91.0,8.1
1087,2025-04-23 00:00:00,9.0,91.5,7.7
1088,2025-04-23 00:30:00,9.0,92.0,7.8
1089,2025-04-23 01:00:00,9.5,93.0,8.4
1090,2025-04-23 01:30:00,10.5,91.5,9.2
1091,2025-04-23 02:00:00,10.5,90.5,9.0
1092,2025-04-23 02:30:00,10.5,90.5,9.0
1093,2025-04-23 03:00:00,10.5,90.0,8.9
1094,2025-04-23 03:30:00,11.0,89.0,9.3
1095,2025-04-23 04:00:00,11.0,88.5,9.2
1096,2025-04-23 04:30:00,11.0,88.0,9.1
1097,2025-04-23 05:00:00,10.5,87.0,8.4
1098,2025-04-23 05:30:00,10.5,86.0,8.3
1099,2025-04-23 06:00:00,10.5,86.0,8.3
1100,2025-04-23 06:30:00,10.5,85.5,8.2
1101,2025-04-23 07:00:00,10.5,85.5,8.2
1102,2025-04-23 07:30:00,11.0,84.5,8.5
1103,2025-04-23 08:00:00,11.5,82.5,8.6
1104,2025-04-23 08:30:00,12.0,81.0,8.8
1105,2025-04-23 09:00:00,12.5,78.0,8.8
1106,2025-04-23 09:30:00,13.0,76.0,8.9
1107,2025-04-23 10:00:00,14.5,73.5,9.8
1108,2025-04-23 10:30:00,15.5,71.0,10.3
1109,2025-04-23 11:00:00,15.0,71.5,9.9
1110,2025-04-23 11:30:00,15.5,69.0,9.8
1111,2025-04-23 12:00:00,17.5,61.0,9.9
1112,2025-04-23 12:30:00,17.5,61.0,9.9
1113,2025-04-23 13:00:00,17.5,60.5,9.8
1114,2025-04-23 13:30:00,17.5,60.5,9.8
1115,2025-04-23 14:00:00,17.0,60.0,9.2
1116,2025-04-23 14:30:00,17.5,61.0,9.9
1117,2025-04-23 15:00:00,17.5,61.5,10.0
1118,2025-04-23 15:30:00,17.0,61.5,9.6
1119,2025-04-23 16:00:00,17.0,61.0,9.4
1120,2025-04-23 16:30:00,17.0,61.5,9.6
1121,2025-04-23 17:00:00,16.5,63.5,9.6
1122,2025-04-23 17:30:00,16.0,64.5,9.3
1123,2025-04-23 18:00:00,15.5,65.0,9.0
1124,2025-04-23 18:30:00,14.5,67.0,8.5
1125,2025-04-23 19:00:00,13.5,72.5,8.7
1126,2025-04-23 19:30:00,12.5,75.5,8.3
1127,2025-04-23 20:00:00,12.0,79.5,8.6
1128,2025-04-23 20:30:00,11.5,80.5,8.3
1129,2025-04-23 21:00:00,11.5,78.5,7.9
1130,2025-04-23 21:30:00,11.5,80.0,8.2
1131,2025-04-23 22:00:00,11.5,80.0,8.2
1132,2025-04-23 22:30:00,11.0,79.5,7.6
1133,2025-04-23 23:00:00,11.0,79.5,7.6
1134,2025-04-23 23:30:00,11.0,78.5,7.4
1135,2025-04-24 00:00:00,11.5,80.0,8.2
1136,2025-04-24 00:30:00,11.5,77.5,7.7
1137,2025-04-24 01:00:00,11.5,79.0,8.0
1138,2025-04-24 01:30:00,11.5,78.5,7.9
1139,2025-04-24 02:00:00,11.5,78.0,7.8
1140,2025-04-24 02:30:00,11.5,77.5,7.7
1141,2025-04-24 03:00:00,11.5,78.0,7.8
1142,2025-04-24 03:30:00,11.5,78.0,7.8
1143,2025-04-24 04:00:00,11.5,78.5,7.9
1144,2025-04-24 04:30:00,11.5,78.5,7.9
1145,2025-04-24 05:00:00,11.5,79.0,8.0
1146,2025-04-24 05:30:00,11.5,77.5,7.7
1147,2025-04-24 06:00:00,11.0,78.0,7.3
1148,2025-04-24 06:30:00,11.5,79.0,8.0
1149,2025-04-24 07:00:00,11.5,80.5,8.3
1150,2025-04-24 07:30:00,11.5,80.0,8.2
1151,2025-04-24 08:00:00,12.0,77.5,8.2
1152,2025-04-24 08:30:00,13.0,72.0,8.1
1153,2025-04-24 09:00:00,13.5,71.0,8.4
1154,2025-04-24 09:30:00,16.0,64.5,9.3
1155,2025-04-24 10:00:00,15.5,66.5,9.3
1156,2025-04-24 10:30:00,17.5,57.5,9.0
1157,2025-04-24 11:00:00,17.5,57.5,9.0
1158,2025-04-24 11:30:00,18.0,59.5,10.0
1159,2025-04-24 12:00:00,18.0,57.5,9.5
1160,2025-04-24 12:30:00,19.0,53.5,9.4
1161,2025-04-24 13:00:00,16.5,60.0,8.7
1162,2025-04-24 13:30:00,17.5,56.0,8.6
1163,2025-04-24 14:00:00,17.5,57.0,8.9
1164,2025-04-24 14:30:00,17.0,59.5,9.1
1165,2025-04-24 15:00:00,16.5,62.0,9.2
1166,2025-04-24 15:30:00,17.0,60.5,9.3
1167,2025-04-24 16:00:00,16.5,61.0,9.0
1168,2025-04-24 16:30:00,16.0,63.0,9.0
1169,2025-04-24 17:00:00,15.5,66.0,9.2
1170,2025-04-24 17:30:00,14.5,69.0,8.9
1171,2025-04-24 18:00:00,14.0,70.5,8.7
1172,2025-04-24 18:30:00,13.5,72.0,8.6
1173,2025-04-24 19:00:00,12.5,73.0,7.8
1174,2025-04-24 19:30:00,12.5,75.5,8.3
1175,2025-04-24 20:00:00,12.0,78.5,8.4
1176,2025-04-24 20:30:00,11.5,76.0,7.4
1177,2025-04-24 21:00:00,11.5,77.5,7.7
1178,2025-04-24 21:30:00,11.5,81.5,8.4
1179,2025-04-24 22:00:00,11.5,80.0,8.2
1180,2025-04-24 22:30:00,11.0,76.5,7.0
1181,2025-04-24 23:00:00,10.0,77.5,6.3
1182,2025-04-24 23:30:00,10.0,80.0,6.7
1183,2025-04-25 00:00:00,10.5,79.5,7.1
1184,2025-04-25 00:30:00,10.0,80.0,6.7
1185,2025-04-25 01:00:00,10.0,82.0,7.1
1186,2025-04-25 01:30:00,10.5,80.5,7.3
1187,2025-04-25 02:00:00,10.5,78.0,6.8
1188,2025-04-25 02:30:00,11.0,77.5,7.2
1189,2025-04-25 03:00:00,11.0,76.5,7.0
1190,2025-04-25 03:30:00,11.0,74.0,6.6
1191,2025-04-25 04:00:00,11.0,72.0,6.2
1192,2025-04-25 04:30:00,11.0,70.5,5.9
1193,2025-04-25 05:00:00,11.0,71.5,6.1
1194,2025-04-25 05:30:00,11.0,71.5,6.1
1195,2025-04-25 06:00:00,11.0,71.0,6.0
1196,2025-04-25 06:30:00,11.0,69.0,5.5
1197,2025-04-25 07:00:00,11.0,67.0,5.1
1198,2025-04-25 07:30:00,12.5,64.5,6.0
1199,2025-04-25 08:00:00,15.0,55.0,6.0
1200,2025-04-25 08:30:00,16.0,54.5,6.8
1201,2025-04-25 09:00:00,15.0,61.0,7.5
1202,2025-04-25 09:30:00,14.5,64.5,7.9
1203,2025-04-25 10:00:00,15.0,61.5,7.7
1204,2025-04-25 10:30:00,17.0,55.5,8.0
1205,2025-04-25 11:00:00,17.0,57.5,8.6
1206,2025-04-25 11:30:00,17.0,57.5,8.6
1207,2025-04-25 12:00:00,19.0,50.5,8.5
1208,2025-04-25 12:30:00,19.0,53.0,9.2
1209,2025-04-25 13:00:00,19.0,50.5,8.5
1210,2025-04-25 13:30:00,18.0,52.0,8.0
1211,2025-04-25 14:00:00,17.5,56.0,8.6
1212,2025-04-25 14:30:00,18.5,54.5,9.2
1213,2025-04-25 15:00:00,17.5,60.0,9.7
1214,2025-04-25 15:30:00,18.0,58.0,9.6
1215,2025-04-25 16:00:00,20.0,50.0,9.3
1216,2025-04-25 16:30:00,18.0,56.0,9.1
1217,2025-04-25 17:00:00,18.5,57.5,10.0
1218,2025-04-25 17:30:00,18.0,59.0,9.9
1219,2025-04-25 18:00:00,15.5,66.0,9.2
1220,2025-04-25 18:30:00,14.5,69.0,8.9
1221,2025-04-25 19:00:00,13.5,73.0,8.8
1222,2025-04-25 19:30:00,13.0,76.0,8.9
1223,2025-04-25 20:00:00,12.5,76.5,8.5
1224,2025-04-25 20:30:00,11.5,79.0,8.0
1225,2025-04-25 21:00:00,11.5,81.5,8.4
1226,2025-04-25 21:30:00,10.5,82.5,7.7
1227,2025-04-25 22:00:00,8.5,84.0,6.0
1228,2025-04-25 22:30:00,8.0,83.5,5.4
1229,2025-04-25 23:00:00,7.0,84.5,4.6
1230,2025-04-25 23:30:00,6.5,85.5,4.2
1231,2025-04-26 00:00:00,6.5,86.0,4.3
1232,2025-04-26 00:30:00,6.5,87.0,4.5
1233,2025-04-26 01:00:00,6.5,87.5,4.6
1234,2025-04-26 01:30:00,7.5,89.5,5.9
1235,2025-04-26 02:00:00,7.5,88.0,5.6
1236,2025-04-26 02:30:00,7.5,89.0,5.8
1237,2025-04-26 03:00:00,8.5,89.0,6.8
1238,2025-04-26 03:30:00,9.0,89.0,7.3
1239,2025-04-26 04:00:00,9.5,89.0,7.8
1240,2025-04-26 04:30:00,9.5,90.5,8.0
1241,2025-04-26 05:00:00,9.5,91.0,8.1
1242,2025-04-26 05:30:00,9.0,92.0,7.8
1243,2025-04-26 06:00:00,9.5,94.0,8.6
1244,2025-04-26 06:30:00,10.5,94.5,9.7
1245,2025-04-26 07:00:00,10.5,94.0,9.6
1246,2025-04-26 07:30:00,11.0,91.5,9.7
1247,2025-04-26 08:00:00,11.5,91.5,10.2
1248,2025-04-26 08:30:00,14.0,85.5,11.6
1249,2025-04-26 09:00:00,15.5,75.5,11.2
1250,2025-04-26 09:30:00,16.5,70.0,11.0
1251,2025-04-26 10:00:00,17.5,64.0,10.6
1252,2025-04-26 10:30:00,15.0,67.0,8.9
1253,2025-04-26 11:00:00,12.5,76.5,8.5
1254,2025-04-26 11:30:00,14.0,76.5,9.9
1255,2025-04-26 12:00:00,15.0,72.0,10.0
1256,2025-04-26 12:30:00,16.0,69.5,10.4
1257,2025-04-26 13:00:00,16.5,68.5,10.7
1258,2025-04-26 13:30:00,15.5,73.0,10.7
1259,2025-04-26 14:00:00,18.0,67.5,11.9
1260,2025-04-26 14:30:00,18.0,61.5,10.5
1261,2025-04-26 15:00:00,17.5,66.0,11.1
1262,2025-04-26 15:30:00,17.0,65.5,10.5
1263,2025-04-26 16:00:00,16.5,64.5,9.8
1264,2025-04-26 16:30:00,16.0,64.5,9.3
1265,2025-04-26 17:00:00,15.5,66.0,9.2
1266,2025-04-26 17:30:00,15.5,66.0,9.2
1267,2025-04-26 18:00:00,15.5,66.0,9.2
1268,2025-04-26 18:30:00,15.0,67.0,8.9
1269,2025-04-26 19:00:00,14.0,69.0,8.4
1270,2025-04-26 19:30:00,12.5,75.5,8.3
1271,2025-04-26 20:00:00,12.0,78.0,8.3
1272,2025-04-26 20:30:00,11.5,80.0,8.2
1273,2025-04-26 21:00:00,11.5,81.5,8.4
1274,2025-04-26 21:30:00,10.5,83.0,7.7
1275,2025-04-26 22:00:00,10.0,83.0,7.3
1276,2025-04-26 22:30:00,10.5,83.5,7.8
1277,2025-04-26 23:00:00,9.0,85.5,6.7
1278,2025-04-26 23:30:00,8.0,88.0,6.1
1279,2025-04-27 00:00:00,8.0,87.5,6.1
1280,2025-04-27 00:30:00,7.5,88.5,5.7
1281,2025-04-27 01:00:00,7.5,89.0,5.8
1282,2025-04-27 01:30:00,6.5,89.0,4.8
1283,2025-04-27 02:00:00,7.5,91.0,6.1
1284,2025-04-27 02:30:00,7.5,91.0,6.1
1285,2025-04-27 03:00:00,8.5,91.0,7.1
1286,2025-04-27 03:30:00,8.0,90.0,6.5
1287,2025-04-27 04:00:00,8.5,90.5,7.0
1288,2025-04-27 04:30:00,10.0,92.0,8.8
1289,2025-04-27 05:00:00,10.0,91.0,8.6
1290,2025-04-27 05:30:00,10.0,92.0,8.8
1291,2025-04-27 06:00:00,10.0,92.0,8.8
1292,2025-04-27 06:30:00,9.5,92.5,8.3
1293,2025-04-27 07:00:00,10.0,93.5,9.0
1294,2025-04-27 07:30:00,10.5,94.0,9.6
1295,2025-04-27 08:00:00,11.0,94.0,10.1
1296,2025-04-27 08:30:00,14.0,88.5,12.1
1297,2025-04-27 09:00:00,15.5,80.5,12.2
1298,2025-04-27 09:30:00,17.0,75.0,12.5
1299,2025-04-27 10:00:00,17.0,72.5,12.0
1300,2025-04-27 10:30:00,18.5,69.5,12.8
1301,2025-04-27 11:00:00,16.0,76.0,11.8
1302,2025-04-27 11:30:00,18.5,66.0,12.0
1303,2025-04-27 12:00:00,17.5,67.5,11.4
1304,2025-04-27 12:30:00,18.0,68.0,12.0
1305,2025-04-27 13:00:00,18.0,68.0,12.0
1306,2025-04-27 13:30:00,17.5,68.5,11.6
1307,2025-04-27 14:00:00,17.5,68.0,11.5
1308,2025-04-27 14:30:00,18.0,66.5,11.7
1309,2025-04-27 15:00:00,18.0,66.5,11.7
1310,2025-04-27 15:30:00,17.5,66.5,11.2
1311,2025-04-27 16:00:00,17.5,66.0,11.1
1312,2025-04-27 16:30:00,18.0,63.0,10.9
1313,2025-04-27 17:00:00,16.0,69.5,10.4
1314,2025-04-27 17:30:00,15.0,71.5,9.9
1315,2025-04-27 18:00:00,14.5,73.0,9.7
1316,2025-04-27 18:30:00,14.5,72.0,9.5
1317,2025-04-27 19:00:00,14.0,76.5,9.9
1318,2025-04-27 19:30:00,13.0,76.5,9.0
1319,2025-04-27 20:00:00,12.5,76.0,8.4
1320,2025-04-27 20:30:00,12.0,79.5,8.6
1321,2025-04-27 21:00:00,11.5,80.5,8.3
1322,2025-04-27 21:30:00,11.0,82.0,8.0
1323,2025-04-27 22:00:00,11.0,81.0,7.9
1324,2025-04-27 22:30:00,11.0,82.0,8.0
1325,2025-04-27 23:00:00,11.0,82.0,8.0
1326,2025-04-27 23:30:00,11.5,82.5,8.6
1327,2025-04-28 00:00:00,11.0,82.0,8.0
1328,2025-04-28 00:30:00,11.0,82.0,8.0
1329,2025-04-28 01:00:00,11.5,81.5,8.4
1330,2025-04-28 01:30:00,11.0,81.5,8.0
1331,2025-04-28 02:00:00,11.0,83.0,8.2
1332,2025-04-28 02:30:00,11.0,82.5,8.1
1333,2025-04-28 03:00:00,11.0,84.5,8.5
1334,2025-04-28 03:30:00,11.0,85.5,8.7
1335,2025-04-28 04:00:00,11.0,84.5,8.5
1336,2025-04-28 04:30:00,11.0,85.0,8.6
1337,2025-04-28 05:00:00,10.5,85.5,8.2
1338,2025-04-28 05:30:00,10.5,87.0,8.4
1339,2025-04-28 06:00:00,10.5,87.5,8.5
1340,2025-04-28 06:30:00,10.5,87.5,8.5
1341,2025-04-28 07:00:00,11.0,88.0,9.1
1342,2025-04-28 07:30:00,12.0,84.5,9.5
1343,2025-04-28 08:00:00,13.0,80.0,9.6
1344,2025-04-28 08:30:00,14.0,75.5,9.7
1345,2025-04-28 09:00:00,15.0,73.0,10.2
1346,2025-04-28 09:30:00,16.0,69.0,10.3
1347,2025-04-28 10:00:00,17.0,66.5,10.7
1348,2025-04-28 10:30:00,17.0,66.0,10.6
1349,2025-04-28 11:00:00,17.5,64.0,10.6
1350,2025-04-28 11:30:00,17.5,62.0,10.1
1351,2025-04-28 12:00:00,17.5,63.0,10.4
1352,2025-04-28 12:30:00,18.0,61.0,10.4
1353,2025-04-28 13:00:00,17.0,67.0,10.8
1354,2025-04-28 13:30:00,17.5,64.5,10.7
1355,2025-04-28 14:00:00,18.0,63.5,11.0
1356,2025-04-28 14:30:00,17.5,65.0,10.9
1357,2025-04-28 15:00:00,17.5,65.5,11.0
1358,2025-04-28 15:30:00,17.5,65.0,10.9
1359,2025-04-28 16:00:00,17.0,66.5,10.7
1360,2025-04-28 16:30:00,17.0,66.5,10.7
1361,2025-04-28 17:00:00,17.5,67.0,11.3
1362,2025-04-28 17:30:00,17.0,67.0,10.8
1363,2025-04-28 18:00:00,16.0,69.5,10.4
1364,2025-04-28 18:30:00,15.5,70.5,10.2
1365,2025-04-28 19:00:00,14.5,74.0,9.9
1366,2025-04-28 19:30:00,13.5,80.5,10.2
1367,2025-04-28 20:00:00,12.5,83.5,9.8
1368,2025-04-28 20:30:00,12.0,85.5,9.6
1369,2025-04-28 21:00:00,12.0,87.0,9.9
1370,2025-04-28 21:30:00,12.0,86.0,9.7
1371,2025-04-28 22:00:00,12.0,87.0,9.9
1372,2025-04-28 22:30:00,11.5,87.5,9.5
1373,2025-04-28 23:00:00,11.0,90.0,9.4
1374,2025-04-28 23:30:00,11.5,89.5,9.8
1375,2025-04-29 00:00:00,11.0,90.0,9.4
1376,2025-04-29 00:30:00,11.0,90.5,9.5
1377,2025-04-29 01:00:00,11.0,91.0,9.6
1378,2025-04-29 01:30:00,10.5,92.0,9.3
1379,2025-04-29 02:00:00,10.0,91.5,8.7
1380,2025-04-29 02:30:00,10.0,92.0,8.8
1381,2025-04-29 03:00:00,8.0,91.5,6.7
1382,2025-04-29 03:30:00,9.5,93.5,8.5
1383,2025-04-29 04:00:00,10.0,92.5,8.8
1384,2025-04-29 04:30:00,10.0,91.5,8.7
1385,2025-04-29 05:00:00,10.0,92.0,8.8
1386,2025-04-29 05:30:00,8.0,91.5,6.7
1387,2025-04-29 06:00:00,9.5,94.0,8.6
1388,2025-04-29 06:30:00,10.0,92.0,8.8
1389,2025-04-29 07:00:00,9.5,92.5,8.3
1390,2025-04-29 07:30:00,12.0,91.5,10.7
1391,2025-04-29 08:00:00,13.5,87.0,11.4
1392,2025-04-29 08:30:00,14.5,82.5,11.6
1393,2025-04-29 09:00:00,16.0,75.5,11.7
1394,2025-04-29 09:30:00,15.0,78.5,11.3
1395,2025-04-29 10:00:00,16.0,74.5,11.5
1396,2025-04-29 10:30:00,15.5,76.0,11.3
1397,2025-04-29 11:00:00,16.5,72.0,11.4
1398,2025-04-29 11:30:00,17.5,70.5,12.1
1399,2025-04-29 12:00:00,17.5,69.5,11.9
1400,2025-04-29 12:30:00,18.0,68.5,12.1
1401,2025-04-29 13:00:00,18.0,68.0,12.0
1402,2025-04-29 13:30:00,17.5,70.0,12.0
1403,2025-04-29 14:00:00,17.5,70.0,12.0
1404,2025-04-29 14:30:00,17.5,70.5,12.1
1405,2025-04-29 15:00:00,17.0,72.0,11.9
1406,2025-04-29 15:30:00,16.5,72.0,11.4
1407,2025-04-29 16:00:00,16.0,74.5,11.5
1408,2025-04-29 16:30:00,16.0,74.0,11.4
1409,2025-04-29 17:00:00,16.0,75.5,11.7
1410,2025-04-29 17:30:00,15.5,76.0,11.3
1411,2025-04-29 18:00:00,15.0,78.5,11.3
1412,2025-04-29 18:30:00,14.5,81.0,11.3
1413,2025-04-29 19:00:00,14.0,82.0,11.0
1414,2025-04-29 19:30:00,13.0,85.0,10.5
1415,2025-04-29 20:00:00,12.0,88.0,10.1
1416,2025-04-29 20:30:00,11.5,91.0,10.1
1417,2025-04-29 21:00:00,11.5,92.0,10.2
1418,2025-04-29 21:30:00,11.5,93.0,10.4
1419,2025-04-29 22:00:00,11.0,93.5,10.0
1420,2025-04-29 22:30:00,11.0,93.5,10.0
1421,2025-04-29 23:00:00,11.0,94.0,10.1
1422,2025-04-29 23:30:00,11.0,94.5,10.2
1423,2025-04-30 00:00:00,11.0,93.5,10.0
1424,2025-04-30 00:30:00,11.0,94.5,10.2
1425,2025-04-30 01:00:00,11.0,95.0,10.2
1426,2025-04-30 01:30:00,10.5,95.0,9.7
1427,2025-04-30 02:00:00,9.5,94.5,8.7
1428,2025-04-30 02:30:00,9.0,95.0,8.2
1429,2025-04-30 03:00:00,10.0,96.0,9.4
1430,2025-04-30 03:30:00,10.5,95.5,9.8
1431,2025-04-30 04:00:00,11.0,95.5,10.3
1432,2025-04-30 04:30:00,11.5,95.5,10.8
1433,2025-04-30 05:00:00,11.5,95.5,10.8
1434,2025-04-30 05:30:00,11.5,96.0,10.9
1435,2025-04-30 06:00:00,11.5,96.5,11.0
1436,2025-04-30 06:30:00,11.5,97.0,11.0
1437,2025-04-30 07:00:00,11.5,97.0,11.0
1438,2025-04-30 07:30:00,11.5,97.0,11.0
1439,2025-04-30 08:00:00,12.0,96.5,11.5
1440,2025-04-30 08:30:00,12.0,96.5,11.5
1441,2025-04-30 09:00:00,12.5,96.0,11.9
1442,2025-04-30 09:30:00,12.5,95.0,11.7
1443,2025-04-30 10:00:00,13.0,94.0,12.1
1444,2025-04-30 10:30:00,13.0,92.5,11.8
1445,2025-04-30 11:00:00,13.5,92.0,12.2
1446,2025-04-30 11:30:00,13.5,90.5,12.0
1447,2025-04-30 12:00:00,14.5,90.0,12.9
1448,2025-04-30 12:30:00,14.5,86.5,12.3
1449,2025-04-30 13:00:00,15.0,85.0,12.5
1450,2025-04-30 13:30:00,15.0,83.0,12.1
1451,2025-04-30 14:00:00,16.0,79.5,12.5
1452,2025-04-30 14:30:00,16.5,79.5,12.9
1453,2025-04-30 15:00:00,16.0,79.0,12.4
1454,2025-04-30 15:30:00,16.0,79.0,12.4
1455,2025-04-30 16:00:00,15.0,80.5,11.7
1456,2025-04-30 16:30:00,15.0,80.5,11.7
1457,2025-04-30 17:00:00,15.0,81.0,11.8
1458,2025-04-30 17:30:00,15.0,81.5,11.9
1459,2025-04-30 18:00:00,14.5,82.5,11.6
1460,2025-04-30 18:30:00,14.0,85.5,11.6
1461,2025-04-30 19:00:00,13.5,89.0,11.7
1462,2025-04-30 19:30:00,13.0,89.5,11.3
1463,2025-04-30 20:00:00,13.0,89.5,11.3
1464,2025-04-30 20:30:00,12.5,89.5,10.8
1465,2025-04-30 21:00:00,12.5,90.0,10.9
1466,2025-04-30 21:30:00,12.5,90.5,11.0
1467,2025-04-30 22:00:00,12.5,90.0,10.9
1468,2025-04-30 22:30:00,12.5,90.0,10.9
1469,2025-04-30 23:00:00,12.5,89.5,10.8
1470,2025-04-30 23:30:00,12.5,90.0,10.9
1471,2025-05-01 00:00:00,12.5,90.0,10.9
1472,2025-05-01 00:30:00,12.5,90.5,11.0
1473,2025-05-01 01:00:00,12.0,90.5,10.5
1474,2025-05-01 01:30:00,12.0,90.5,10.5
1475,2025-05-01 02:00:00,12.0,90.0,10.4
1476,2025-05-01 02:30:00,12.0,89.5,10.3
1477,2025-05-01 03:00:00,12.0,89.5,10.3
1478,2025-05-01 03:30:00,12.0,90.0,10.4
1479,2025-05-01 04:00:00,12.0,90.5,10.5
1480,2025-05-01 04:30:00,12.0,90.5,10.5
1481,2025-05-01 05:00:00,12.0,89.5,10.3
1482,2025-05-01 05:30:00,12.0,89.5,10.3
1483,2025-05-01 06:00:00,12.0,89.5,10.3
1484,2025-05-01 06:30:00,12.0,89.5,10.3
1485,2025-05-01 07:00:00,11.5,91.0,10.1
1486,2025-05-01 07:30:00,11.5,91.5,10.2
1487,2025-05-01 08:00:00,11.5,92.0,10.2
1488,2025-05-01 08:30:00,12.0,92.5,10.8
1489,2025-05-01 09:00:00,12.5,92.0,11.2
1490,2025-05-01 09:30:00,13.0,90.0,11.4
1491,2025-05-01 10:00:00,14.0,87.0,11.9
1492,2025-05-01 10:30:00,14.5,85.5,12.1
1493,2025-05-01 11:00:00,15.5,82.0,12.4
1494,2025-05-01 11:30:00,16.0,79.0,12.4
1495,2025-05-01 12:00:00,16.5,76.5,12.4
1496,2025-05-01 12:30:00,16.5,76.0,12.3
1497,2025-05-01 13:00:00,17.0,75.5,12.6
1498,2025-05-01 13:30:00,17.0,74.0,12.3
1499,2025-05-01 14:00:00,17.5,72.0,12.4
1500,2025-05-01 14:30:00,17.0,73.5,12.2
1501,2025-05-01 15:00:00,17.0,73.5,12.2
1502,2025-05-01 15:30:00,16.5,75.0,12.1
1503,2025-05-01 16:00:00,16.0,76.5,11.9
1504,2025-05-01 16:30:00,15.5,78.5,11.8
1505,2025-05-01 17:00:00,15.5,78.5,11.8
1506,2025-05-01 17:30:00,15.5,79.0,11.9
1507,2025-05-01 18:00:00,16.0,77.5,12.1
1508,2025-05-01 18:30:00,15.0,80.0,11.6
1509,2025-05-01 19:00:00,14.5,82.0,11.5
1510,2025-05-01 19:30:00,14.5,81.0,11.3
1511,2025-05-01 20:00:00,13.0,84.5,10.5
1512,2025-05-01 20:30:00,12.5,88.0,10.6
1513,2025-05-01 21:00:00,12.0,90.0,10.4
1514,2025-05-01 21:30:00,12.0,90.5,10.5
1515,2025-05-01 22:00:00,11.5,91.5,10.2
1516,2025-05-01 22:30:00,11.5,92.0,10.2
1517,2025-05-01 23:00:00,11.5,92.5,10.3
1518,2025-05-01 23:30:00,11.5,92.5,10.3
1519,2025-05-02 00:00:00,11.5,93.0,10.4
1520,2025-05-02 00:30:00,11.0,93.5,10.0
1521,2025-05-02 01:00:00,11.0,94.0,10.1
1522,2025-05-02 01:30:00,11.0,94.0,10.1
1523,2025-05-02 02:00:00,11.5,93.5,10.5
1524,2025-05-02 02:30:00,12.0,92.5,10.8
1525,2025-05-02 03:00:00,12.0,92.0,10.7
1526,2025-05-02 03:30:00,12.0,92.0,10.7
1527,2025-05-02 04:00:00,12.0,91.0,10.6
1528,2025-05-02 04:30:00,12.0,91.0,10.6
1529,2025-05-02 05:00:00,12.0,90.5,10.5
1530,2025-05-02 05:30:00,12.0,90.5,10.5
1531,2025-05-02 06:00:00,11.5,91.0,10.1
1532,2025-05-02 06:30:00,11.5,92.0,10.2
1533,2025-05-02 07:00:00,11.5,92.0,10.2
1534,2025-05-02 07:30:00,12.0,89.5,10.3
1535,2025-05-02 08:00:00,12.5,88.5,10.7
1536,2025-05-02 08:30:00,13.5,85.0,11.0
1537,2025-05-02 09:00:00,14.0,84.0,11.3
1538,2025-05-02 09:30:00,14.0,82.0,11.0
1539,2025-05-02 10:00:00,15.0,81.5,11.9
1540,2025-05-02 10:30:00,15.5,77.0,11.5
1541,2025-05-02 11:00:00,16.0,76.0,11.8
1542,2025-05-02 11:30:00,17.5,70.5,12.1
1543,2025-05-02 12:00:00,18.5,67.0,12.3
1544,2025-05-02 12:30:00,18.0,67.0,11.8
1545,2025-05-02 13:00:00,18.5,66.0,12.0
1546,2025-05-02 13:30:00,18.0,65.0,11.3
1547,2025-05-02 14:00:00,18.0,65.0,11.3
1548,2025-05-02 14:30:00,18.0,65.0,11.3
1549,2025-05-02 15:00:00,18.5,64.5,11.7
1550,2025-05-02 15:30:00,18.5,62.5,11.2
1551,2025-05-02 16:00:00,18.0,66.5,11.7
1552,2025-05-02 16:30:00,17.0,68.0,11.1
1553,2025-05-02 17:00:00,16.5,69.0,10.8
1554,2025-05-02 17:30:00,16.5,69.5,10.9
1555,2025-05-02 18:00:00,16.0,71.0,10.7
1556,2025-05-02 18:30:00,16.0,73.0,11.2
1557,2025-05-02 19:00:00,15.0,75.0,10.6
1558,2025-05-02 19:30:00,14.5,77.5,10.6
1559,2025-05-02 20:00:00,13.5,81.5,10.4
1560,2025-05-02 20:30:00,13.0,82.5,10.1
1561,2025-05-02 21:00:00,13.0,83.0,10.2
1562,2025-05-02 21:30:00,13.0,83.0,10.2
1563,2025-05-02 22:00:00,13.0,84.0,10.4
1564,2025-05-02 22:30:00,12.5,84.5,10.0
1565,2025-05-02 23:00:00,12.5,84.0,9.9
1566,2025-05-02 23:30:00,12.5,84.5,10.0
1567,2025-05-03 00:00:00,12.5,85.5,10.1
1568,2025-05-03 00:30:00,13.0,85.0,10.5
1569,2025-05-03 01:00:00,12.0,85.0,9.6
1570,2025-05-03 01:30:00,11.0,88.0,9.1
1571,2025-05-03 02:00:00,11.5,87.5,9.5
1572,2025-05-03 02:30:00,11.0,89.0,9.3
1573,2025-05-03 03:00:00,12.0,90.5,10.5
1574,2025-05-03 03:30:00,11.5,91.0,10.1
1575,2025-05-03 04:00:00,12.0,89.5,10.3
1576,2025-05-03 04:30:00,12.5,89.0,10.7
1577,2025-05-03 05:00:00,12.5,88.5,10.7
1578,2025-05-03 05:30:00,12.5,89.0,10.7
1579,2025-05-03 06:00:00,12.5,87.5,10.5
1580,2025-05-03 06:30:00,12.5,88.0,10.6
1581,2025-05-03 07:00:00,12.5,88.0,10.6
1582,2025-05-03 07:30:00,13.0,87.0,10.9
1583,2025-05-03 08:00:00,13.0,87.5,11.0
1584,2025-05-03 08:30:00,13.0,90.5,11.5
1585,2025-05-03 09:00:00,13.5,86.5,11.3
1586,2025-05-03 09:30:00,14.5,82.5,11.6
1587,2025-05-03 10:00:00,14.5,84.0,11.8
1588,2025-05-03 10:30:00,14.5,81.0,11.3
1589,2025-05-03 11:00:00,14.0,85.0,11.5
1590,2025-05-03 11:30:00,14.0,82.5,11.1
1591,2025-05-03 12:00:00,14.0,83.5,11.3
1592,2025-05-03 12:30:00,15.5,79.5,12.0
1593,2025-05-03 13:00:00,17.0,71.5,11.8
1594,2025-05-03 13:30:00,17.5,69.5,11.9
1595,2025-05-03 14:00:00,17.5,69.0,11.8
1596,2025-05-03 14:30:00,16.5,70.5,11.1
1597,2025-05-03 15:00:00,16.0,70.5,10.6
1598,2025-05-03 15:30:00,15.5,74.0,10.9
1599,2025-05-03 16:00:00,15.0,73.0,10.2
1600,2025-05-03 16:30:00,14.5,74.5,10.0
1601,2025-05-03 17:00:00,14.0,77.0,10.0
1602,2025-05-03 17:30:00,15.0,70.5,9.7
1603,2025-05-03 18:00:00,13.5,76.0,9.4
1604,2025-05-03 18:30:00,13.5,75.5,9.3
1605,2025-05-03 19:00:00,13.0,78.0,9.3
1606,2025-05-03 19:30:00,12.5,77.0,8.6
1607,2025-05-03 20:00:00,12.5,78.5,8.9
1608,2025-05-03 20:30:00,12.0,76.5,8.0
1609,2025-05-03 21:00:00,11.5,78.0,7.8
1610,2025-05-03 21:30:00,11.5,79.0,8.0
1611,2025-05-03 22:00:00,11.5,77.5,7.7
1612,2025-05-03 22:30:00,11.5,80.0,8.2
1613,2025-05-03 23:00:00,11.5,80.5,8.3
1614,2025-05-03 23:30:00,11.5,81.0,8.4
1615,2025-05-04 00:00:00,11.0,80.5,7.8
1616,2025-05-04 00:30:00,11.0,80.5,7.8
1617,2025-05-04 01:00:00,11.0,81.0,7.9
1618,2025-05-04 01:30:00,11.0,80.5,7.8
1619,2025-05-04 02:00:00,11.0,79.5,7.6
1620,2025-05-04 02:30:00,11.0,79.0,7.5
1621,2025-05-04 03:00:00,11.0,81.0,7.9
1622,2025-05-04 03:30:00,11.0,80.0,7.7
1623,2025-05-04 04:00:00,11.0,80.5,7.8
1624,2025-05-04 04:30:00,11.0,80.0,7.7
1625,2025-05-04 05:00:00,11.0,80.5,7.8
1626,2025-05-04 05:30:00,11.0,81.0,7.9
1627,2025-05-04 06:00:00,11.0,81.0,7.9
1628,2025-05-04 06:30:00,11.0,82.0,8.0
1629,2025-05-04 07:00:00,11.0,80.0,7.7
1630,2025-05-04 07:30:00,11.5,79.0,8.0
1631,2025-05-04 08:00:00,12.5,77.0,8.6
1632,2025-05-04 08:30:00,14.0,74.0,9.4
1633,2025-05-04 09:00:00,13.5,72.0,8.6
1634,2025-05-04 09:30:00,14.0,69.5,8.5
1635,2025-05-04 10:00:00,14.5,66.5,8.3
1636,2025-05-04 10:30:00,15.5,65.0,9.0
1637,2025-05-04 11:00:00,17.0,62.5,9.8
1638,2025-05-04 11:30:00,16.5,60.5,8.8
1639,2025-05-04 12:00:00,16.5,62.5,9.3
1640,2025-05-04 12:30:00,15.5,66.5,9.3
1641,2025-05-04 13:00:00,14.0,71.5,8.9
1642,2025-05-04 13:30:00,16.0,67.5,10.0
1643,2025-05-04 14:00:00,15.0,70.0,9.6
1644,2025-05-04 14:30:00,15.0,72.0,10.0
1645,2025-05-04 15:00:00,14.5,72.5,9.6
1646,2025-05-04 15:30:00,15.0,71.5,9.9
1647,2025-05-04 16:00:00,16.0,67.0,9.9
1648,2025-05-04 16:30:00,16.0,67.0,9.9
1649,2025-05-04 17:00:00,15.5,67.5,9.5
1650,2025-05-04 17:30:00,15.0,68.5,9.3
1651,2025-05-04 18:00:00,14.5,69.0,8.9
1652,2025-05-04 18:30:00,14.0,71.5,8.9
1653,2025-05-04 19:00:00,13.5,73.0,8.8
1654,2025-05-04 19:30:00,12.5,77.0,8.6
1655,2025-05-04 20:00:00,11.5,79.0,8.0
1656,2025-05-04 20:30:00,11.5,80.5,8.3
1657,2025-05-04 21:00:00,11.5,81.0,8.4
1658,2025-05-04 21:30:00,11.0,81.0,7.9
1659,2025-05-04 22:00:00,11.0,82.0,8.0
1660,2025-05-04 22:30:00,10.0,83.0,7.3
1661,2025-05-04 23:00:00,9.5,83.5,6.8
1662,2025-05-04 23:30:00,8.0,84.5,5.6
1663,2025-05-05 00:00:00,9.0,87.0,7.0
1664,2025-05-05 00:30:00,9.0,87.5,7.0
1665,2025-05-05 01:00:00,9.0,88.5,7.2
1666,2025-05-05 01:30:00,9.5,88.0,7.6
1667,2025-05-05 02:00:00,9.5,89.0,7.8
1668,2025-05-05 02:30:00,10.5,88.5,8.7
1669,2025-05-05 03:00:00,10.0,89.0,8.3
1670,2025-05-05 03:30:00,9.5,89.5,7.9
1671,2025-05-05 04:00:00,7.5,88.5,5.7
1672,2025-05-05 04:30:00,9.0,92.0,7.8
1673,2025-05-05 05:00:00,9.5,91.0,8.1
1674,2025-05-05 05:30:00,9.5,92.0,8.3
1675,2025-05-05 06:00:00,9.5,91.5,8.2
1676,2025-05-05 06:30:00,9.5,93.5,8.5
1677,2025-05-05 07:00:00,10.0,93.0,8.9
1678,2025-05-05 07:30:00,12.0,90.5,10.5
1679,2025-05-05 08:00:00,14.0,84.0,11.3
1680,2025-05-05 08:30:00,15.5,77.0,11.5
1681,2025-05-05 09:00:00,16.0,73.0,11.2
1682,2025-05-05 09:30:00,16.5,72.5,11.5
1683,2025-05-05 10:00:00,16.5,71.5,11.3
1684,2025-05-05 10:30:00,16.5,72.5,11.5
1685,2025-05-05 11:00:00,18.5,67.5,12.4
1686,2025-05-05 11:30:00,18.0,68.0,12.0
1687,2025-05-05 12:00:00,18.5,68.0,12.5
1688,2025-05-05 12:30:00,18.5,69.5,12.8
1689,2025-05-05 13:00:00,18.5,68.0,12.5
1690,2025-05-05 13:30:00,19.0,66.0,12.5
1691,2025-05-05 14:00:00,19.0,65.5,12.4
1692,2025-05-05 14:30:00,18.5,66.0,12.0
1693,2025-05-05 15:00:00,19.0,65.0,12.3
1694,2025-05-05 15:30:00,18.5,65.0,11.8
1695,2025-05-05 16:00:00,19.5,63.5,12.4
1696,2025-05-05 16:30:00,20.0,61.5,12.4
1697,2025-05-05 17:00:00,19.5,62.0,12.0
1698,2025-05-05 17:30:00,18.5,65.0,11.8
1699,2025-05-05 18:00:00,18.5,64.5,11.7
1700,2025-05-05 18:30:00,18.0,66.5,11.7
1701,2025-05-05 19:00:00,17.0,70.0,11.5
1702,2025-05-05 19:30:00,15.5,73.5,10.8
1703,2025-05-05 20:00:00,14.0,77.5,10.1
1704,2025-05-05 20:30:00,12.5,82.5,9.6
1705,2025-05-05 21:00:00,11.0,82.5,8.1
1706,2025-05-05 21:30:00,10.0,85.0,7.6
1707,2025-05-05 22:00:00,10.0,87.0,7.9
1708,2025-05-05 22:30:00,10.0,88.0,8.1
1709,2025-05-05 23:00:00,9.0,88.5,7.2
1710,2025-05-05 23:30:00,9.5,90.0,7.9
1711,2025-05-06 00:00:00,9.5,90.0,7.9
1712,2025-05-06 00:30:00,10.5,91.5,9.2
1713,2025-05-06 01:00:00,12.0,92.0,10.7
1714,2025-05-06 01:30:00,12.5,92.5,11.3
1715,2025-05-06 02:00:00,12.5,92.5,11.3
1716,2025-05-06 02:30:00,12.5,92.0,11.2
1717,2025-05-06 03:00:00,12.5,92.0,11.2
1718,2025-05-06 03:30:00,12.5,92.0,11.2
1719,2025-05-06 04:00:00,13.0,91.5,11.6
1720,2025-05-06 04:30:00,13.0,90.5,11.5
1721,2025-05-06 05:00:00,13.0,89.5,11.3
1722,2025-05-06 05:30:00,13.0,90.0,11.4
1723,2025-05-06 06:00:00,13.0,90.5,11.5
1724,2025-05-06 06:30:00,13.0,90.5,11.5
1725,2025-05-06 07:00:00,13.0,90.0,11.4
1726,2025-05-06 07:30:00,13.5,89.5,11.8
1727,2025-05-06 08:00:00,13.5,88.5,11.6
1728,2025-05-06 08:30:00,14.0,87.0,11.9
1729,2025-05-06 09:00:00,14.5,84.5,11.9
1730,2025-05-06 09:30:00,15.5,81.0,12.3
1731,2025-05-06 10:00:00,16.5,78.0,12.7
1732,2025-05-06 10:30:00,17.5,74.5,12.9
1733,2025-05-06 11:00:00,19.5,70.5,14.0
1734,2025-05-06 11:30:00,20.5,66.0,13.9
1735,2025-05-06 12:00:00,19.0,66.5,12.6
1736,2025-05-06 12:30:00,19.0,68.0,13.0
1737,2025-05-06 13:00:00,19.5,65.0,12.7
1738,2025-05-06 13:30:00,19.0,67.0,12.7
1739,2025-05-06 14:00:00,19.0,66.0,12.5
1740,2025-05-06 14:30:00,20.0,62.5,12.6
1741,2025-05-06 15:00:00,19.5,65.0,12.7
1742,2025-05-06 15:30:00,19.5,62.5,12.2
1743,2025-05-06 16:00:00,19.5,61.5,11.9
1744,2025-05-06 16:30:00,19.0,64.5,12.2
1745,2025-05-06 17:00:00,19.0,64.5,12.2
1746,2025-05-06 17:30:00,19.5,63.5,12.4
1747,2025-05-06 18:00:00,19.5,63.5,12.4
1748,2025-05-06 18:30:00,19.0,63.0,11.8
1749,2025-05-06 19:00:00,18.5,64.5,11.7
1750,2025-05-06 19:30:00,17.0,68.5,11.2
1751,2025-05-06 20:00:00,14.5,74.5,10.0
1752,2025-05-06 20:30:00,12.5,76.5,8.5
1753,2025-05-06 21:00:00,11.5,80.5,8.3
1754,2025-05-06 21:30:00,10.5,81.0,7.4
1755,2025-05-06 22:00:00,9.5,83.0,6.8
1756,2025-05-06 22:30:00,9.5,85.0,7.1
1757,2025-05-06 23:00:00,8.5,85.5,6.2
1758,2025-05-06 23:30:00,8.0,86.5,5.9
1759,2025-05-07 00:00:00,7.5,87.5,5.6
1760,2025-05-07 00:30:00,8.0,89.0,6.3
1761,2025-05-07 01:00:00,9.0,90.0,7.5
1762,2025-05-07 01:30:00,10.0,90.5,8.5
1763,2025-05-07 02:00:00,9.5,90.5,8.0
1764,2025-05-07 02:30:00,8.0,90.5,6.5
1765,2025-05-07 03:00:00,8.0,91.5,6.7
1766,2025-05-07 03:30:00,7.0,91.0,5.6
1767,2025-05-07 04:00:00,6.5,92.5,5.4
1768,2025-05-07 04:30:00,7.5,93.0,6.4
1769,2025-05-07 05:00:00,9.0,94.0,8.1
1770,2025-05-07 05:30:00,10.0,93.5,9.0
1771,2025-05-07 06:00:00,11.0,94.0,10.1
1772,2025-05-07 06:30:00,11.0,94.0,10.1
1773,2025-05-07 07:00:00,11.5,94.0,10.6
1774,2025-05-07 07:30:00,12.5,94.5,11.6
1775,2025-05-07 08:00:00,13.0,93.5,12.0
1776,2025-05-07 08:30:00,14.0,91.5,12.6
1777,2025-05-07 09:00:00,14.5,88.5,12.6
1778,2025-05-07 09:30:00,15.0,83.0,12.1
1779,2025-05-07 10:00:00,16.0,77.5,12.1
1780,2025-05-07 10:30:00,16.0,76.5,11.9
1781,2025-05-07 11:00:00,16.5,73.5,11.8
1782,2025-05-07 11:30:00,17.0,72.0,11.9
1783,2025-05-07 12:00:00,18.0,71.5,12.8
1784,2025-05-07 12:30:00,19.5,65.0,12.7
1785,2025-05-07 13:00:00,20.0,64.0,13.0
1786,2025-05-07 13:30:00,20.5,60.5,12.6
1787,2025-05-07 14:00:00,19.5,62.0,12.0
1788,2025-05-07 14:30:00,19.5,63.0,12.3
1789,2025-05-07 15:00:00,20.0,61.0,12.3
1790,2025-05-07 15:30:00,19.0,64.0,12.0
1791,2025-05-07 16:00:00,18.5,65.0,11.8
1792,2025-05-07 16:30:00,18.5,66.0,12.0
1793,2025-05-07 17:00:00,18.0,66.5,11.7
1794,2025-05-07 17:30:00,18.0,68.5,12.1
1795,2025-05-07 18:00:00,17.0,70.5,11.6
1796,2025-05-07 18:30:00,16.5,73.5,11.8
1797,2025-05-07 19:00:00,16.0,75.5,11.7
1798,2025-05-07 19:30:00,15.0,80.5,11.7
1799,2025-05-07 20:00:00,14.0,84.0,11.3
1800,2025-05-07 20:30:00,13.5,86.0,11.2
1801,2025-05-07 21:00:00,14.0,85.0,11.5
1802,2025-05-07 21:30:00,13.5,84.5,10.9
1803,2025-05-07 22:00:00,13.5,82.0,10.5
1804,2025-05-07 22:30:00,13.5,81.0,10.3
1805,2025-05-07 23:00:00,13.0,83.0,10.2
1806,2025-05-07 23:30:00,13.5,80.0,10.1
1807,2025-05-08 00:00:00,13.5,78.5,9.8
1808,2025-05-08 00:30:00,13.5,79.5,10.0
1809,2025-05-08 01:00:00,12.5,80.5,9.2
1810,2025-05-08 01:30:00,11.0,81.0,7.9
1811,2025-05-08 02:00:00,11.0,86.0,8.8
1812,2025-05-08 02:30:00,11.0,88.0,9.1
1813,2025-05-08 03:00:00,10.5,88.0,8.6
1814,2025-05-08 03:30:00,9.0,88.0,7.1
1815,2025-05-08 04:00:00,7.5,88.5,5.7
1816,2025-05-08 04:30:00,7.0,90.0,5.5
1817,2025-05-08 05:00:00,8.0,91.5,6.7
1818,2025-05-08 05:30:00,7.5,93.5,6.5
1819,2025-05-08 06:00:00,10.0,95.0,9.2
1820,2025-05-08 06:30:00,10.0,94.0,9.1
1821,2025-05-08 07:00:00,11.5,93.5,10.5
1822,2025-05-08 07:30:00,14.0,89.5,12.3
1823,2025-05-08 08:00:00,15.0,84.5,12.4
1824,2025-05-08 08:30:00,17.0,76.0,12.7
1825,2025-05-08 09:00:00,17.5,74.0,12.8
1826,2025-05-08 09:30:00,18.0,72.0,12.9
1827,2025-05-08 10:00:00,18.0,71.0,12.7
1828,2025-05-08 10:30:00,18.0,71.5,12.8
1829,2025-05-08 11:00:00,18.0,70.5,12.6
1830,2025-05-08 11:30:00,18.0,70.5,12.6
1831,2025-05-08 12:00:00,18.0,69.5,12.3
1832,2025-05-08 12:30:00,18.0,69.0,12.2
1833,2025-05-08 13:00:00,18.5,66.5,12.1
1834,2025-05-08 13:30:00,18.5,67.5,12.4
1835,2025-05-08 14:00:00,18.5,66.5,12.1
1836,2025-05-08 14:30:00,18.5,67.5,12.4
1837,2025-05-08 15:00:00,18.5,67.0,12.3
1838,2025-05-08 15:30:00,18.5,68.0,12.5
1839,2025-05-08 16:00:00,19.0,67.0,12.7
1840,2025-05-08 16:30:00,18.5,68.0,12.5
1841,2025-05-08 17:00:00,18.5,68.0,12.5
1842,2025-05-08 17:30:00,17.5,71.5,12.3
1843,2025-05-08 18:00:00,17.0,73.0,12.1
1844,2025-05-08 18:30:00,15.5,77.0,11.5
1845,2025-05-08 19:00:00,15.0,80.0,11.6
1846,2025-05-08 19:30:00,14.0,84.5,11.4
1847,2025-05-08 20:00:00,13.0,88.0,11.1
1848,2025-05-08 20:30:00,12.5,90.5,11.0
1849,2025-05-08 21:00:00,12.5,91.0,11.1
1850,2025-05-08 21:30:00,12.5,91.5,11.2
1851,2025-05-08 22:00:00,12.0,92.0,10.7
1852,2025-05-08 22:30:00,12.0,93.0,10.9
1853,2025-05-08 23:00:00,12.0,93.5,11.0
1854,2025-05-08 23:30:00,12.0,93.5,11.0
1855,2025-05-09 00:00:00,12.0,93.5,11.0
1856,2025-05-09 00:30:00,12.0,93.5,11.0
1857,2025-05-09 01:00:00,12.0,94.5,11.1
1858,2025-05-09 01:30:00,11.5,95.0,10.7
1859,2025-05-09 02:00:00,12.0,95.0,11.2
1860,2025-05-09 02:30:00,11.5,95.0,10.7
1861,2025-05-09 03:00:00,10.5,95.0,9.7
1862,2025-05-09 03:30:00,12.0,96.0,11.4
1863,2025-05-09 04:00:00,13.0,96.5,12.5
1864,2025-05-09 04:30:00,12.5,97.0,12.0
1865,2025-05-09 05:00:00,11.5,96.0,10.9
1866,2025-05-09 05:30:00,11.0,96.5,10.5
1867,2025-05-09 06:00:00,10.5,97.0,10.0
1868,2025-05-09 06:30:00,10.5,96.5,10.0
1869,2025-05-09 07:00:00,10.0,97.0,9.5
1870,2025-05-09 07:30:00,14.0,97.5,13.6
1871,2025-05-09 08:00:00,17.0,94.0,16.0
1872,2025-05-09 08:30:00,18.0,86.5,15.7
1873,2025-05-09 09:00:00,16.0,87.5,13.9
1874,2025-05-09 09:30:00,15.5,90.0,13.9
1875,2025-05-09 10:00:00,18.0,86.5,15.7
1876,2025-05-09 10:30:00,18.0,78.5,14.2
1877,2025-05-09 11:00:00,18.5,76.0,14.2
1878,2025-05-09 11:30:00,19.0,73.0,14.1
1879,2025-05-09 12:00:00,22.0,63.0,14.6
1880,2025-05-09 12:30:00,20.5,66.5,14.0
1881,2025-05-09 13:00:00,21.5,64.0,14.4
1882,2025-05-09 13:30:00,21.0,64.5,14.1
1883,2025-05-09 14:00:00,21.5,64.5,14.5
1884,2025-05-09 14:30:00,22.0,63.0,14.6
1885,2025-05-09 15:00:00,22.5,61.0,14.6
1886,2025-05-09 15:30:00,23.5,57.5,14.6
1887,2025-05-09 16:00:00,22.5,60.5,14.5
1888,2025-05-09 16:30:00,22.0,60.0,13.9
1889,2025-05-09 17:00:00,22.0,60.5,14.0
1890,2025-05-09 17:30:00,21.5,62.0,13.9
1891,2025-05-09 18:00:00,21.0,63.0,13.7
1892,2025-05-09 18:30:00,21.0,63.0,13.7
1893,2025-05-09 19:00:00,21.0,61.5,13.3
1894,2025-05-09 19:30:00,19.5,64.5,12.6
1895,2025-05-09 20:00:00,18.0,69.5,12.3
1896,2025-05-09 20:30:00,16.0,76.0,11.8
1897,2025-05-09 21:00:00,15.5,78.5,11.8
1898,2025-05-09 21:30:00,15.0,79.5,11.5
1899,2025-05-09 22:00:00,15.0,79.0,11.4
1900,2025-05-09 22:30:00,16.0,76.0,11.8
1901,2025-05-09 23:00:00,15.5,77.0,11.5
1902,2025-05-09 23:30:00,16.0,75.0,11.6
1903,2025-05-10 00:00:00,15.5,77.0,11.5
1904,2025-05-10 00:30:00,15.0,83.5,12.2
1905,2025-05-10 01:00:00,14.5,86.5,12.3
1906,2025-05-10 01:30:00,14.5,87.0,12.4
1907,2025-05-10 02:00:00,14.5,87.0,12.4
1908,2025-05-10 02:30:00,14.5,86.5,12.3
1909,2025-05-10 03:00:00,14.0,87.5,12.0
1910,2025-05-10 03:30:00,14.0,89.0,12.2
1911,2025-05-10 04:00:00,13.5,88.0,11.6
1912,2025-05-10 04:30:00,13.0,89.0,11.2
1913,2025-05-10 05:00:00,12.0,90.5,10.5
1914,2025-05-10 05:30:00,12.5,93.5,11.5
1915,2025-05-10 06:00:00,11.5,92.0,10.2
1916,2025-05-10 06:30:00,12.5,94.5,11.6
1917,2025-05-10 07:00:00,14.5,94.0,13.5
1918,2025-05-10 07:30:00,16.5,85.5,14.1
1919,2025-05-10 08:00:00,18.0,79.5,14.4
1920,2025-05-10 08:30:00,21.0,68.0,14.9
1921,2025-05-10 09:00:00,21.0,67.0,14.6
1922,2025-05-10 09:30:00,23.0,63.0,15.6
1923,2025-05-10 10:00:00,24.5,56.0,15.1
1924,2025-05-10 10:30:00,22.0,64.5,15.0
1925,2025-05-10 11:00:00,22.0,66.5,15.5
1926,2025-05-10 11:30:00,22.0,62.0,14.4
1927,2025-05-10 12:00:00,23.0,62.5,15.5
1928,2025-05-10 12:30:00,23.0,61.0,15.1
1929,2025-05-10 13:00:00,23.0,60.0,14.8
1930,2025-05-10 13:30:00,22.5,63.0,15.1
1931,2025-05-10 14:00:00,23.0,61.0,15.1
1932,2025-05-10 14:30:00,23.5,57.5,14.6
1933,2025-05-10 15:00:00,22.5,60.5,14.5
1934,2025-05-10 15:30:00,23.0,58.5,14.4
1935,2025-05-10 16:00:00,23.0,58.5,14.4
1936,2025-05-10 16:30:00,23.0,56.5,13.9
1937,2025-05-10 17:00:00,22.5,59.0,14.1
1938,2025-05-10 17:30:00,21.0,63.0,13.7
1939,2025-05-10 18:00:00,19.5,66.0,13.0
1940,2025-05-10 18:30:00,19.0,68.0,13.0
1941,2025-05-10 19:00:00,18.5,67.5,12.4
1942,2025-05-10 19:30:00,17.5,71.5,12.3
1943,2025-05-10 20:00:00,17.0,72.0,11.9
1944,2025-05-10 20:30:00,16.5,72.5,11.5
1945,2025-05-10 21:00:00,15.5,74.5,11.0
1946,2025-05-10 21:30:00,15.5,75.0,11.1
1947,2025-05-10 22:00:00,15.0,74.5,10.5
1948,2025-05-10 22:30:00,15.0,75.0,10.6
1949,2025-05-10 23:00:00,15.0,76.0,10.8
1950,2025-05-10 23:30:00,14.5,78.0,10.7
1951,2025-05-11 00:00:00,14.5,77.5,10.6
1952,2025-05-11 00:30:00,14.5,76.5,10.4
1953,2025-05-11 01:00:00,14.5,74.5,10.0
1954,2025-05-11 01:30:00,14.5,75.5,10.2
1955,2025-05-11 02:00:00,14.0,75.0,9.6
1956,2025-05-11 02:30:00,14.0,77.5,10.1
1957,2025-05-11 03:00:00,14.0,77.0,10.0
1958,2025-05-11 03:30:00,13.5,78.0,9.7
1959,2025-05-11 04:00:00,14.0,76.0,9.8
1960,2025-05-11 04:30:00,13.5,77.0,9.6
1961,2025-05-11 05:00:00,14.0,77.0,10.0
1962,2025-05-11 05:30:00,13.5,79.0,9.9
1963,2025-05-11 06:00:00,14.0,78.0,10.2
1964,2025-05-11 06:30:00,17.5,51.0,7.3
1965,2025-05-11 07:00:00,20.0,44.5,7.6
1966,2025-05-11 07:30:00,19.5,55.5,10.4
1967,2025-05-11 08:00:00,22.0,41.5,8.3
1968,2025-05-11 08:30:00,21.0,52.0,10.8
1969,2025-05-11 09:00:00,20.0,59.5,11.9
1970,2025-05-11 09:30:00,21.0,55.0,11.6
1971,2025-05-11 10:00:00,20.5,56.0,11.4
1972,2025-05-11 10:30:00,20.5,60.0,12.5
1973,2025-05-11 11:00:00,20.5,61.5,12.8
1974,2025-05-11 11:30:00,20.0,61.5,12.4
1975,2025-05-11 12:00:00,20.0,60.0,12.0
1976,2025-05-11 12:30:00,20.0,60.5,12.1
1977,2025-05-11 13:00:00,19.5,61.5,11.9
1978,2025-05-11 13:30:00,20.0,60.0,12.0
1979,2025-05-11 14:00:00,20.0,59.0,11.7
1980,2025-05-11 14:30:00,20.0,59.0,11.7
1981,2025-05-11 15:00:00,19.0,62.0,11.6
1982,2025-05-11 15:30:00,19.0,62.0,11.6
1983,2025-05-11 16:00:00,19.5,61.5,11.9
1984,2025-05-11 16:30:00,20.0,56.0,11.0
1985,2025-05-11 17:00:00,21.0,52.0,10.8
1986,2025-05-11 17:30:00,21.5,49.0,10.3
1987,2025-05-11 18:00:00,21.0,49.5,10.0
1988,2025-05-11 18:30:00,21.0,44.5,8.5
1989,2025-05-11 19:00:00,20.0,47.0,8.4
1990,2025-05-11 19:30:00,18.5,48.5,7.4
1991,2025-05-11 20:00:00,17.5,49.5,6.8
1992,2025-05-11 20:30:00,15.5,56.5,6.9
1993,2025-05-11 21:00:00,16.5,43.5,4.1
1994,2025-05-11 21:30:00,16.0,48.0,5.0
1995,2025-05-11 22:00:00,15.5,49.5,5.0
1996,2025-05-11 22:30:00,15.0,52.5,5.4
1997,2025-05-11 23:00:00,15.0,50.5,4.8
1998,2025-05-11 23:30:00,14.5,55.5,5.7
1999,2025-05-12 00:00:00,14.5,51.5,4.6
2000,2025-05-12 00:30:00,14.0,58.0,5.9
2001,2025-05-12 01:00:00,13.5,62.5,6.5
2002,2025-05-12 01:30:00,13.0,60.5,5.5
2003,2025-05-12 02:00:00,13.5,64.5,6.9
2004,2025-05-12 02:30:00,13.0,60.0,5.4
2005,2025-05-12 03:00:00,13.0,61.0,5.7
2006,2025-05-12 03:30:00,12.5,64.5,6.0
2007,2025-05-12 04:00:00,12.5,62.5,5.5
2008,2025-05-12 04:30:00,12.5,60.0,5.0
2009,2025-05-12 05:00:00,12.5,58.5,4.6
2010,2025-05-12 05:30:00,12.0,64.5,5.5
2011,2025-05-12 06:00:00,12.0,71.0,6.9
2012,2025-05-12 06:30:00,12.0,74.5,7.6
2013,2025-05-12 07:00:00,12.0,75.5,7.8
2014,2025-05-12 07:30:00,13.5,72.0,8.6
2015,2025-05-12 08:00:00,14.0,72.5,9.1
2016,2025-05-12 08:30:00,15.0,70.0,9.6
2017,2025-05-12 09:00:00,16.5,65.0,9.9
2018,2025-05-12 09:30:00,17.0,61.5,9.6
2019,2025-05-12 10:00:00,17.0,64.5,10.3
2020,2025-05-12 10:30:00,17.5,63.0,10.4
2021,2025-05-12 11:00:00,18.5,57.5,10.0
2022,2025-05-12 11:30:00,19.5,53.5,9.8
2023,2025-05-12 12:00:00,18.0,64.0,11.1
2024,2025-05-12 12:30:00,18.5,62.5,11.2
2025,2025-05-12 13:00:00,17.5,65.5,11.0
2026,2025-05-12 13:30:00,17.5,67.5,11.4
2027,2025-05-12 14:00:00,18.5,64.5,11.7
2028,2025-05-12 14:30:00,18.0,67.5,11.9
2029,2025-05-12 15:00:00,18.5,68.0,12.5
2030,2025-05-12 15:30:00,19.0,66.5,12.6
2031,2025-05-12 16:00:00,18.5,68.0,12.5
2032,2025-05-12 16:30:00,18.5,68.0,12.5
2033,2025-05-12 17:00:00,17.5,70.5,12.1
2034,2025-05-12 17:30:00,17.0,71.0,11.7
2035,2025-05-12 18:00:00,17.0,73.5,12.2
2036,2025-05-12 18:30:00,16.5,73.0,11.6
2037,2025-05-12 19:00:00,14.5,76.0,10.3
2038,2025-05-12 19:30:00,14.0,79.5,10.5
2039,2025-05-12 20:00:00,14.0,81.0,10.8
2040,2025-05-12 20:30:00,13.0,81.5,9.9
2041,2025-05-12 21:00:00,12.5,82.0,9.5
2042,2025-05-12 21:30:00,12.5,83.5,9.8
2043,2025-05-12 22:00:00,12.0,83.5,9.3
2044,2025-05-12 22:30:00,12.0,83.0,9.2
2045,2025-05-12 23:00:00,12.0,83.0,9.2
2046,2025-05-12 23:30:00,12.0,82.5,9.1
2047,2025-05-13 00:00:00,12.0,81.5,8.9
2048,2025-05-13 00:30:00,12.0,83.0,9.2
2049,2025-05-13 01:00:00,12.5,81.5,9.4
2050,2025-05-13 01:30:00,12.5,83.5,9.8
2051,2025-05-13 02:00:00,12.5,84.0,9.9
2052,2025-05-13 02:30:00,12.5,84.5,10.0
2053,2025-05-13 03:00:00,12.5,83.5,9.8
2054,2025-05-13 03:30:00,12.0,84.0,9.4
2055,2025-05-13 04:00:00,12.0,84.0,9.4
2056,2025-05-13 04:30:00,12.0,84.5,9.5
2057,2025-05-13 05:00:00,12.0,86.5,9.8
2058,2025-05-13 05:30:00,12.0,85.5,9.6
2059,2025-05-13 06:00:00,12.0,84.0,9.4
2060,2025-05-13 06:30:00,12.0,81.0,8.8
2061,2025-05-13 07:00:00,12.5,80.0,9.1
2062,2025-05-13 07:30:00,14.0,75.5,9.7
2063,2025-05-13 08:00:00,14.0,73.5,9.3
2064,2025-05-13 08:30:00,15.0,72.0,10.0
2065,2025-05-13 09:00:00,15.5,68.5,9.7
2066,2025-05-13 09:30:00,16.5,63.5,9.6
2067,2025-05-13 10:00:00,15.5,69.5,10.0
2068,2025-05-13 10:30:00,17.5,61.0,9.9
2069,2025-05-13 11:00:00,18.0,61.5,10.5
2070,2025-05-13 11:30:00,18.0,60.5,10.3
2071,2025-05-13 12:00:00,18.5,57.5,10.0
