Percos,Time,Celsius(°C),Humidity(%rh),Dew Point(°C),Comments,Serial Number
1,5/15/2025 12:27,24.5,45.5,12,,11734
2,5/15/2025 12:57,22.5,50.5,11.7,,
3,5/15/2025 13:27,21,53,11.1,,
4,5/15/2025 13:57,20.5,54.5,11,,
5,5/15/2025 14:27,20.5,55,11.2,,
6,5/15/2025 14:57,21,55,11.6,,
7,5/15/2025 15:27,20.5,55,11.2,,
8,5/15/2025 15:57,19,58.5,10.7,,
9,5/15/2025 16:27,18,63,10.9,,
10,5/15/2025 16:57,18,62,10.6,,
11,5/15/2025 17:27,17.5,63.5,10.5,,
12,5/15/2025 17:57,17,65.5,10.5,,
13,5/15/2025 18:27,16,68,10.1,,
14,5/15/2025 18:57,15,71.5,9.9,,
15,5/15/2025 19:27,13.5,76,9.4,,
16,5/15/2025 19:57,13,76,8.9,,
17,5/15/2025 20:27,13,73.5,8.4,,
18,5/15/2025 20:57,13,73.5,8.4,,
19,5/15/2025 21:27,12.5,78,8.8,,
20,5/15/2025 21:57,12.5,79.5,9.1,,
21,5/15/2025 22:27,12,81,8.8,,
22,5/15/2025 22:57,12.5,80.5,9.2,,
23,5/15/2025 23:27,11.5,84.5,9,,
24,5/15/2025 23:57,12,81.5,8.9,,
25,5/16/2025 0:27,12,81,8.8,,
26,5/16/2025 0:57,12.5,77.5,8.7,,
27,5/16/2025 1:27,12.5,80,9.1,,
28,5/16/2025 1:57,12,79.5,8.6,,
29,5/16/2025 2:27,11.5,82,8.5,,
30,5/16/2025 2:57,10.5,84,7.9,,
31,5/16/2025 3:27,9.5,87,7.4,,
32,5/16/2025 3:57,9.5,90,7.9,,
33,5/16/2025 4:27,10,90.5,8.5,,
34,5/16/2025 4:57,10.5,89,8.8,,
35,5/16/2025 5:27,10.5,88,8.6,,
36,5/16/2025 5:57,10,91.5,8.7,,
37,5/16/2025 6:27,10.5,90.5,9,,
38,5/16/2025 6:57,14,81.5,10.9,,
39,5/16/2025 7:27,16,72,11,,
40,5/16/2025 7:57,14.5,79,10.9,,
41,5/16/2025 8:27,14.5,82,11.5,,
42,5/16/2025 8:57,14.5,81.5,11.4,,
43,5/16/2025 9:27,15,80,11.6,,
44,5/16/2025 9:57,15,78.5,11.3,,
45,5/16/2025 10:27,15,78,11.2,,
46,5/16/2025 10:57,15.5,77.5,11.6,,
47,5/16/2025 11:27,16.5,73.5,11.8,,
48,5/16/2025 11:57,19,67,12.7,,
49,5/16/2025 12:27,21,61.5,13.3,,
50,5/16/2025 12:57,22.5,57,13.6,,
51,5/16/2025 13:27,20,60.5,12.1,,
52,5/16/2025 13:57,21,57,12.2,,
53,5/16/2025 14:27,18.5,62,11.1,,
54,5/16/2025 14:57,18.5,61.5,11,,
55,5/16/2025 15:27,16,69,10.3,,
56,5/16/2025 15:57,16.5,68,10.6,,
57,5/16/2025 16:27,20,57.5,11.4,,
58,5/16/2025 16:57,19,59.5,10.9,,
59,5/16/2025 17:27,18,62.5,10.7,,
60,5/16/2025 17:57,17,65,10.4,,
61,5/16/2025 18:27,16,69,10.3,,
62,5/16/2025 18:57,15.5,67.5,9.5,,
63,5/16/2025 19:27,14,73.5,9.3,,
64,5/16/2025 19:57,13,77,9.1,,
65,5/16/2025 20:27,12.5,79,9,,
66,5/16/2025 20:57,11.5,82,8.5,,
67,5/16/2025 21:27,11.5,83,8.7,,
68,5/16/2025 21:57,11.5,84,8.9,,
69,5/16/2025 22:27,12,85,9.6,,
70,5/16/2025 22:57,11.5,84,8.9,,
71,5/16/2025 23:27,11.5,84,8.9,,
72,5/16/2025 23:57,11.5,84,8.9,,
73,5/17/2025 0:27,12,83,9.2,,
74,5/17/2025 0:57,12,82,9,,
75,5/17/2025 1:27,12,81.5,8.9,,
76,5/17/2025 1:57,12.5,81.5,9.4,,
77,5/17/2025 2:27,12.5,81,9.3,,
78,5/17/2025 2:57,12.5,81,9.3,,
79,5/17/2025 3:27,12.5,81.5,9.4,,
80,5/17/2025 3:57,12.5,82.5,9.6,,
81,5/17/2025 4:27,12.5,82.5,9.6,,
82,5/17/2025 4:57,12.5,83,9.7,,
83,5/17/2025 5:27,12,84,9.4,,
84,5/17/2025 5:57,11.5,86,9.2,,
85,5/17/2025 6:27,12,87,9.9,,
86,5/17/2025 6:57,13,83.5,10.3,,
87,5/17/2025 7:27,13.5,81,10.3,,
88,5/17/2025 7:57,18,69,12.2,,
89,5/17/2025 8:27,16.5,70,11,,
90,5/17/2025 8:57,17,69,11.3,,
91,5/17/2025 9:27,16,71.5,10.9,,
92,5/17/2025 9:57,17.5,70,12,,
93,5/17/2025 10:27,17,73.5,12.2,,
94,5/17/2025 10:57,19,65,12.3,,
95,5/17/2025 11:27,20.5,58.5,12.1,,
96,5/17/2025 11:57,22.5,55,13,,
97,5/17/2025 12:27,23,52.5,12.8,,
98,5/17/2025 12:57,21,57,12.2,,
99,5/17/2025 13:27,19.5,58,11,,
100,5/17/2025 13:57,20.5,56.5,11.6,,
101,5/17/2025 14:27,21.5,55.5,12.2,,
102,5/17/2025 14:57,20,59.5,11.9,,
103,5/17/2025 15:27,19.5,57.5,10.9,,
104,5/17/2025 15:57,19.5,60,11.5,,
105,5/17/2025 16:27,19,62.5,11.7,,
106,5/17/2025 16:57,18,64.5,11.2,,
107,5/17/2025 17:27,17.5,67,11.3,,
108,5/17/2025 17:57,17,68.5,11.2,,
109,5/17/2025 18:27,15,74,10.4,,
110,5/17/2025 18:57,15,76,10.8,,
111,5/17/2025 19:27,14.5,78,10.7,,
112,5/17/2025 19:57,14.5,79.5,11,,
113,5/17/2025 20:27,14.5,80,11.1,,
114,5/17/2025 20:57,14,81.5,10.9,,
115,5/17/2025 21:27,14,81.5,10.9,,
116,5/17/2025 21:57,14,82.5,11.1,,
117,5/17/2025 22:27,13.5,80.5,10.2,,
118,5/17/2025 22:57,13.5,80,10.1,,
119,5/17/2025 23:27,13,80,9.6,,
120,5/17/2025 23:57,13,80.5,9.7,,
121,5/18/2025 0:27,12.5,79.5,9.1,,
122,5/18/2025 0:57,12.5,79,9,,
123,5/18/2025 1:27,13,72.5,8.2,,
124,5/18/2025 1:57,12,78,8.3,,
125,5/18/2025 2:27,12,81.5,8.9,,
126,5/18/2025 2:57,12,82,9,,
127,5/18/2025 3:27,12,82,9,,
128,5/18/2025 3:57,11.5,83,8.7,,
129,5/18/2025 4:27,11.5,82.5,8.6,,
130,5/18/2025 4:57,11.5,82,8.5,,
131,5/18/2025 5:27,10.5,85,8.1,,
132,5/18/2025 5:57,10.5,86.5,8.3,,
133,5/18/2025 6:27,12,83,9.2,,
134,5/18/2025 6:57,15,72,10,,
135,5/18/2025 7:27,14.5,70.5,9.2,,
136,5/18/2025 7:57,17,66.5,10.7,,
137,5/18/2025 8:27,19.5,59,11.3,,
138,5/18/2025 8:57,21.5,52.5,11.4,,
139,5/18/2025 9:27,22,50.5,11.3,,
140,5/18/2025 9:57,22,50.5,11.3,,
141,5/18/2025 10:27,24,45.5,11.5,,
142,5/18/2025 10:57,21.5,51.5,11.1,,
143,5/18/2025 11:27,21.5,51.5,11.1,,
144,5/18/2025 11:57,21.5,52,11.2,,
145,5/18/2025 12:27,22,52,11.7,,
146,5/18/2025 12:57,21.5,53,11.5,,
147,5/18/2025 13:27,21,54,11.3,,
148,5/18/2025 13:57,21,53.5,11.2,,
149,5/18/2025 14:27,21.5,52.5,11.4,,
150,5/18/2025 14:57,21.5,51.5,11.1,,
151,5/18/2025 15:27,20.5,54.5,11,,
152,5/18/2025 15:57,20,56,11,,
153,5/18/2025 16:27,19.5,57,10.8,,
154,5/18/2025 16:57,18.5,58.5,10.2,,
155,5/18/2025 17:27,19.5,54,10,,
156,5/18/2025 17:57,18,56,9.1,,
157,5/18/2025 18:27,17,57.5,8.6,,
158,5/18/2025 18:57,17,59,8.9,,
159,5/18/2025 19:27,14.5,69,8.9,,
160,5/18/2025 19:57,14,71,8.8,,
161,5/18/2025 20:27,13.5,72.5,8.7,,
162,5/18/2025 20:57,14.5,67,8.5,,
163,5/18/2025 21:27,15,65.5,8.6,,
164,5/18/2025 21:57,14,69.5,8.5,,
165,5/18/2025 22:27,13,72,8.1,,
166,5/18/2025 22:57,12.5,75,8.2,,
167,5/18/2025 23:27,12,78.5,8.4,,
168,5/18/2025 23:57,12.5,77.5,8.7,,
169,5/19/2025 0:27,13.5,74,9,,
170,5/19/2025 0:57,12.5,77.5,8.7,,
171,5/19/2025 1:27,12,78,8.3,,
172,5/19/2025 1:57,11.5,79.5,8.1,,
173,5/19/2025 2:27,12.5,77.5,8.7,,
174,5/19/2025 2:57,11.5,77.5,7.7,,
175,5/19/2025 3:27,12.5,76,8.4,,
176,5/19/2025 3:57,12,77.5,8.2,,
177,5/19/2025 4:27,11,79.5,7.6,,
178,5/19/2025 4:57,10,82,7.1,,
179,5/19/2025 5:27,10,81.5,7,,
180,5/19/2025 5:57,13,66.5,6.9,,
181,5/19/2025 6:27,14.5,65,8,,
182,5/19/2025 6:57,18.5,57,9.8,,
183,5/19/2025 7:27,22,51.5,11.6,,
184,5/19/2025 7:57,23,45.5,10.6,,
185,5/19/2025 8:27,23.5,44,10.6,,
186,5/19/2025 8:57,25,42,11.2,,
187,5/19/2025 9:27,25.5,41,11.3,,
188,5/19/2025 9:57,26,41,11.7,,
189,5/19/2025 10:27,30,32.5,11.7,,
190,5/19/2025 10:57,29.5,34,12,,
191,5/19/2025 11:27,29,37.5,13,,
192,5/19/2025 11:57,26.5,41,12.2,,
193,5/19/2025 12:27,24,51,13.2,,
194,5/19/2025 12:57,27.5,37.5,11.7,,
195,5/19/2025 13:27,25.5,41,11.3,,
196,5/19/2025 13:57,25,42.5,11.4,,
197,5/19/2025 14:27,26,39.5,11.2,,
198,5/19/2025 14:57,26,40,11.4,,
199,5/19/2025 15:27,25.5,39,10.5,,
200,5/19/2025 15:57,29.5,29,9.6,,
201,5/19/2025 16:27,29,26.5,7.8,,
202,5/19/2025 16:57,28.5,32.5,10.4,,
203,5/19/2025 17:27,28.5,31,9.7,,
204,5/19/2025 17:57,28,31,9.3,,
205,5/19/2025 18:27,25.5,35,8.9,,
206,5/19/2025 18:57,24.5,36.5,8.7,,
207,5/19/2025 19:27,23,38,7.9,,
208,5/19/2025 19:57,22.5,39.5,8.1,,
209,5/19/2025 20:27,22.5,39.5,8.1,,
210,5/19/2025 20:57,21,43.5,8.1,,
211,5/19/2025 21:27,18.5,51,8.2,,
212,5/19/2025 21:57,18.5,51.5,8.3,,
213,5/19/2025 22:27,16.5,58,8.2,,
214,5/19/2025 22:57,17.5,56,8.6,,
215,5/19/2025 23:27,17.5,56,8.6,,
216,5/19/2025 23:57,17.5,56.5,8.8,,
217,5/20/2025 0:27,16,63,9,,
218,5/20/2025 0:57,15.5,64,8.7,,
219,5/20/2025 1:27,17,57.5,8.6,,
220,5/20/2025 1:57,16.5,60,8.7,,
221,5/20/2025 2:27,18,55.5,9,,
222,5/20/2025 2:57,16,62.5,8.8,,
223,5/20/2025 3:27,14,70,8.6,,
224,5/20/2025 3:57,14,72,9,,
225,5/20/2025 4:27,14,71.5,8.9,,
226,5/20/2025 4:57,14,70,8.6,,
227,5/20/2025 5:27,14,68.5,8.3,,
228,5/20/2025 5:57,14,69.5,8.5,,
229,5/20/2025 6:27,16,62,8.7,,
230,5/20/2025 6:57,17.5,58.5,9.3,,
231,5/20/2025 7:27,18.5,55,9.3,,
232,5/20/2025 7:57,20.5,50,9.7,,
233,5/20/2025 8:27,22.5,45.5,10.1,,
234,5/20/2025 8:57,23.5,43.5,10.4,,
235,5/20/2025 9:27,25,41,10.8,,
236,5/20/2025 9:57,27,38.5,11.7,,
237,5/20/2025 10:27,27.5,37.5,11.7,,
238,5/20/2025 10:57,28.5,36.5,12.2,,
239,5/20/2025 11:27,25,43,11.6,,
240,5/20/2025 11:57,23.5,45.5,11.1,,
241,5/20/2025 12:27,26,40,11.4,,
242,5/20/2025 12:57,27.5,37.5,11.7,,
243,5/20/2025 13:27,26.5,39.5,11.6,,
244,5/20/2025 13:57,26,40.5,11.5,,
245,5/20/2025 14:27,25.5,40.5,11.1,,
246,5/20/2025 14:57,26.5,39,11.4,,
247,5/20/2025 15:27,30.5,29.5,10.7,,
248,5/20/2025 15:57,29,30,9.7,,
249,5/20/2025 16:27,27.5,30.5,8.6,,
250,5/20/2025 16:57,28,26.5,7,,
251,5/20/2025 17:27,26,23,3.3,,
252,5/20/2025 17:57,24.5,22,1.4,,
253,5/20/2025 18:27,22.5,22.5,0.1,,
254,5/20/2025 18:57,22.5,21,-0.9,,
255,5/20/2025 19:27,21,23,-0.9,,
256,5/20/2025 19:57,19.5,33.5,3,,
257,5/20/2025 20:27,18,41.5,4.7,,
258,5/20/2025 20:57,17,45.5,5.2,,
259,5/20/2025 21:27,18,42.5,5.1,,
260,5/20/2025 21:57,17,48,5.9,,
261,5/20/2025 22:27,17,46.5,5.5,,
262,5/20/2025 22:57,17,49,6.2,,
263,5/20/2025 23:27,17,50.5,6.7,,
264,5/20/2025 23:57,17.5,50,7,,
265,5/21/2025 0:27,16.5,52.5,6.8,,
266,5/21/2025 0:57,17.5,50.5,7.1,,
267,5/21/2025 1:27,16.5,54,7.2,,
268,5/21/2025 1:57,16,54.5,6.8,,
269,5/21/2025 2:27,16,55,7,,
270,5/21/2025 2:57,15.5,55.5,6.6,,
271,5/21/2025 3:27,16,53.5,6.6,,
272,5/21/2025 3:57,16,53,6.4,,
273,5/21/2025 4:27,15.5,53.5,6.1,,
274,5/21/2025 4:57,16.5,50.5,6.2,,
275,5/21/2025 5:27,16.5,50.5,6.2,,
276,5/21/2025 5:57,16,51,5.9,,
277,5/21/2025 6:27,16.5,52,6.6,,
278,5/21/2025 6:57,20.5,46,8.5,,
279,5/21/2025 7:27,21.5,45.5,9.2,,
280,5/21/2025 7:57,23,41,9,,
281,5/21/2025 8:27,23,43.5,9.9,,
282,5/21/2025 8:57,25,40,10.5,,
283,5/21/2025 9:27,26,38.5,10.8,,
284,5/21/2025 9:57,26.5,37,10.6,,
285,5/21/2025 10:27,26,38.5,10.8,,
286,5/21/2025 10:57,26,38.5,10.8,,
287,5/21/2025 11:27,26.5,39,11.4,,
288,5/21/2025 11:57,27,37,11.1,,
289,5/21/2025 12:27,26.5,39,11.4,,
290,5/21/2025 12:57,25.5,40,10.9,,
291,5/21/2025 13:27,25,43,11.6,,
292,5/21/2025 13:57,24.5,43.5,11.3,,
293,5/21/2025 14:27,24,44.5,11.2,,
294,5/21/2025 14:57,24.5,42.5,10.9,,
295,5/21/2025 15:27,22,48.5,10.6,,
296,5/21/2025 15:57,22,48,10.5,,
297,5/21/2025 16:27,20.5,52.5,10.5,,
298,5/21/2025 16:57,21,50,10.2,,
299,5/21/2025 17:27,22,48,10.5,,
300,5/21/2025 17:57,21,50.5,10.3,,
301,5/21/2025 18:27,19,55.5,9.9,,
302,5/21/2025 18:57,21,47.5,9.4,,
303,5/21/2025 19:27,18.5,52.5,8.6,,
304,5/21/2025 19:57,17,52.5,7.2,,
305,5/21/2025 20:27,15.5,61,8,,
306,5/21/2025 20:57,14.5,59.5,6.7,,
307,5/21/2025 21:27,17.5,49,6.7,,
308,5/21/2025 21:57,15,62,7.8,,
309,5/21/2025 22:27,15,60,7.3,,
310,5/21/2025 22:57,17,53,7.4,,
311,5/21/2025 23:27,18.5,46.5,6.8,,
312,5/21/2025 23:57,18.5,46,6.7,,
313,5/22/2025 0:27,19,45,6.8,,
314,5/22/2025 0:57,19,45,6.8,,
315,5/22/2025 1:27,16,58.5,7.9,,
316,5/22/2025 1:57,18.5,45.5,6.5,,
317,5/22/2025 2:27,15,56,6.3,,
318,5/22/2025 2:57,14,61,6.6,,
319,5/22/2025 3:27,12,69,6.5,,
320,5/22/2025 3:57,11.5,72,6.6,,
321,5/22/2025 4:27,11.5,80,8.2,,
322,5/22/2025 4:57,11.5,82,8.5,,
323,5/22/2025 5:27,12,79,8.5,,
324,5/22/2025 5:57,12.5,75,8.2,,
325,5/22/2025 6:27,13,76.5,9,,
326,5/22/2025 6:57,18.5,62.5,11.2,,
327,5/22/2025 7:27,21,58,12.4,,
328,5/22/2025 7:57,21.5,60,13.4,,
329,5/22/2025 8:27,22.5,54.5,12.9,,
330,5/22/2025 8:57,23,51.5,12.5,,
331,5/22/2025 9:27,23.5,51.5,12.9,,
332,5/22/2025 9:57,23.5,52,13.1,,
333,5/22/2025 10:27,24,52.5,13.7,,
334,5/22/2025 10:57,24,55,14.4,,
335,5/22/2025 11:27,23.5,55,13.9,,
336,5/22/2025 11:57,24,55,14.4,,
337,5/22/2025 12:27,23.5,56,14.2,,
338,5/22/2025 12:57,24,55,14.4,,
339,5/22/2025 13:27,23.5,55.5,14.1,,
340,5/22/2025 13:57,23.5,57.5,14.6,,
341,5/22/2025 14:27,23,57.5,14.2,,
342,5/22/2025 14:57,23.5,57,14.5,,
343,5/22/2025 15:27,23.5,57.5,14.6,,
344,5/22/2025 15:57,27,36,10.7,,
345,5/22/2025 16:27,26.5,34,9.4,,
346,5/22/2025 16:57,27,32.5,9.1,,
347,5/22/2025 17:27,25,34.5,8.3,,
348,5/22/2025 17:57,24.5,33,7.2,,
349,5/22/2025 18:27,22.5,37,7.1,,
350,5/22/2025 18:57,21,38,6.2,,
351,5/22/2025 19:27,19.5,39.5,5.4,,
352,5/22/2025 19:57,19,41.5,5.6,,
353,5/22/2025 20:27,18,44.5,5.7,,
354,5/22/2025 20:57,18,45,5.9,,
355,5/22/2025 21:27,18.5,42.5,5.5,,
356,5/22/2025 21:57,18.5,41.5,5.2,,
357,5/22/2025 22:27,17.5,39,3.4,,
358,5/22/2025 22:57,17,40,3.3,,
359,5/22/2025 23:27,15,49,4.4,,
360,5/22/2025 23:57,15,49,4.4,,
361,5/23/2025 0:27,14,54.5,5,,
362,5/23/2025 0:57,14,59,6.1,,
363,5/23/2025 1:27,13.5,61,6.1,,
364,5/23/2025 1:57,13.5,63.5,6.7,,
365,5/23/2025 2:27,13,64,6.4,,
366,5/23/2025 2:57,12.5,66,6.3,,
367,5/23/2025 3:27,12.5,67.5,6.7,,
368,5/23/2025 3:57,12,68.5,6.4,,
369,5/23/2025 4:27,12,68.5,6.4,,
370,5/23/2025 4:57,11.5,70.5,6.3,,
371,5/23/2025 5:27,11,73.5,6.5,,
372,5/23/2025 5:57,11,74,6.6,,
373,5/23/2025 6:27,13.5,69,7.9,,
374,5/23/2025 6:57,18,56.5,9.2,,
375,5/23/2025 7:27,18.5,54.5,9.2,,
376,5/23/2025 7:57,21,47,9.3,,
377,5/23/2025 8:27,21.5,46,9.4,,
378,5/23/2025 8:57,21.5,45,9.1,,
379,5/23/2025 9:27,21,48,9.6,,
380,5/23/2025 9:57,21,50,10.2,,
381,5/23/2025 10:27,20,53.5,10.3,,
382,5/23/2025 10:57,20.5,51.5,10.2,,
383,5/23/2025 11:27,21,50.5,10.3,,
384,5/23/2025 11:57,21.5,49.5,10.5,,
385,5/23/2025 12:27,21.5,48.5,10.2,,
386,5/23/2025 12:57,21.5,48,10,,
387,5/23/2025 13:27,21,48.5,9.7,,
388,5/23/2025 13:57,21,49.5,10,,
389,5/23/2025 14:27,20,52.5,10,,
390,5/23/2025 14:57,20.5,50.5,9.9,,
391,5/23/2025 15:27,21,49,9.9,,
392,5/23/2025 15:57,20.5,51,10,,
393,5/23/2025 16:27,19.5,51.5,9.2,,
394,5/23/2025 16:57,17.5,57,8.9,,
395,5/23/2025 17:27,18,55,8.8,,
396,5/23/2025 17:57,16.5,59,8.5,,
397,5/23/2025 18:27,15.5,60.5,7.9,,
398,5/23/2025 18:57,14.5,63.5,7.7,,
399,5/23/2025 19:27,14.5,64.5,7.9,,
400,5/23/2025 19:57,14,65,7.5,,
401,5/23/2025 20:27,13,67.5,7.1,,
402,5/23/2025 20:57,13,70,7.7,,
403,5/23/2025 21:27,12.5,72,7.6,,
404,5/23/2025 21:57,12,75.5,7.8,,
405,5/23/2025 22:27,12,77,8.1,,
406,5/23/2025 22:57,11.5,77.5,7.7,,
407,5/23/2025 23:27,11.5,78.5,7.9,,
408,5/23/2025 23:57,11,81,7.9,,
409,5/24/2025 0:27,10.5,81.5,7.5,,
410,5/24/2025 0:57,10.5,82.5,7.7,,
411,5/24/2025 1:27,11,82,8,,
412,5/24/2025 1:57,11,83,8.2,,
413,5/24/2025 2:27,11,82.5,8.1,,
414,5/24/2025 2:57,11,82.5,8.1,,
415,5/24/2025 3:27,11,82.5,8.1,,
416,5/24/2025 3:57,10.5,83.5,7.8,,
417,5/24/2025 4:27,10.5,83.5,7.8,,
418,5/24/2025 4:57,10.5,83,7.7,,
419,5/24/2025 5:27,10.5,83,7.7,,
420,5/24/2025 5:57,10.5,83,7.7,,
421,5/24/2025 6:27,11,83,8.2,,
422,5/24/2025 6:57,12.5,78,8.8,,
423,5/24/2025 7:27,15,68.5,9.3,,
424,5/24/2025 7:57,15.5,65,9,,
425,5/24/2025 8:27,17,62,9.7,,
426,5/24/2025 8:57,16.5,61.5,9.1,,
427,5/24/2025 9:27,17.5,57.5,9,,
428,5/24/2025 9:57,19,54,9.5,,
429,5/24/2025 10:27,21.5,49,10.3,,
430,5/24/2025 10:57,21.5,48,10,,
431,5/24/2025 11:27,21.5,48.5,10.2,,
432,5/24/2025 11:57,21,49,9.9,,
433,5/24/2025 12:27,21.5,49,10.3,,
434,5/24/2025 12:57,21,50,10.2,,
435,5/24/2025 13:27,21,50,10.2,,
436,5/24/2025 13:57,20.5,50.5,9.9,,
437,5/24/2025 14:27,20.5,51,10,,
438,5/24/2025 14:57,20,52.5,10,,
439,5/24/2025 15:27,19,55,9.8,,
440,5/24/2025 15:57,19.5,54.5,10.1,,
441,5/24/2025 16:27,18.5,56.5,9.7,,
442,5/24/2025 16:57,18,58.5,9.7,,
443,5/24/2025 17:27,17,61.5,9.6,,
444,5/24/2025 17:57,17,62.5,9.8,,
445,5/24/2025 18:27,15.5,65.5,9.1,,
446,5/24/2025 18:57,14.5,69,8.9,,
447,5/24/2025 19:27,13.5,72.5,8.7,,
448,5/24/2025 19:57,12.5,75.5,8.3,,
449,5/24/2025 20:27,11.5,78,7.8,,
450,5/24/2025 20:57,11.5,80,8.2,,
451,5/24/2025 21:27,11.5,81,8.4,,
452,5/24/2025 21:57,12,80.5,8.8,,
453,5/24/2025 22:27,12,81,8.8,,
454,5/24/2025 22:57,12,81.5,8.9,,
455,5/24/2025 23:27,12,81,8.8,,
456,5/24/2025 23:57,12,80.5,8.8,,
457,5/25/2025 0:27,12,81,8.8,,
458,5/25/2025 0:57,11.5,82,8.5,,
459,5/25/2025 1:27,12,82,9,,
460,5/25/2025 1:57,11.5,82,8.5,,
461,5/25/2025 2:27,11.5,82.5,8.6,,
462,5/25/2025 2:57,11.5,83,8.7,,
463,5/25/2025 3:27,11.5,83,8.7,,
464,5/25/2025 3:57,11,84,8.4,,
465,5/25/2025 4:27,10.5,83.5,7.8,,
466,5/25/2025 4:57,10.5,87,8.4,,
467,5/25/2025 5:27,11,86,8.8,,
468,5/25/2025 5:57,11,86.5,8.8,,
469,5/25/2025 6:27,11.5,85.5,9.2,,
470,5/25/2025 6:57,12,83.5,9.3,,
471,5/25/2025 7:27,14.5,74,9.9,,
472,5/25/2025 7:57,16,68,10.1,,
473,5/25/2025 8:27,19.5,58.5,11.2,,
474,5/25/2025 8:57,20.5,54.5,11,,
475,5/25/2025 9:27,20.5,56,11.4,,
476,5/25/2025 9:57,21,54.5,11.5,,
477,5/25/2025 10:27,21,53,11.1,,
478,5/25/2025 10:57,21,54,11.3,,
479,5/25/2025 11:27,21,53.5,11.2,,
480,5/25/2025 11:57,21,52,10.8,,
481,5/25/2025 12:27,21,52,10.8,,
482,5/25/2025 12:57,20.5,54,10.9,,
483,5/25/2025 13:27,19.5,55.5,10.4,,
484,5/25/2025 13:57,19.5,55,10.2,,
485,5/25/2025 14:27,19.5,55.5,10.4,,
486,5/25/2025 14:57,20,55,10.7,,
487,5/25/2025 15:27,19.5,56,10.5,,
488,5/25/2025 15:57,20,54.5,10.6,,
489,5/25/2025 16:27,19.5,55.5,10.4,,
490,5/25/2025 16:57,19,58.5,10.7,,
491,5/25/2025 17:27,18.5,59,10.3,,
492,5/25/2025 17:57,18,61,10.4,,
493,5/25/2025 18:27,16.5,63.5,9.6,,
494,5/25/2025 18:57,16.5,63,9.4,,
495,5/25/2025 19:27,15,66,8.7,,
496,5/25/2025 19:57,14,69,8.4,,
497,5/25/2025 20:27,13.5,71,8.4,,
498,5/25/2025 20:57,13,72.5,8.2,,
499,5/25/2025 21:27,13,72.5,8.2,,
500,5/25/2025 21:57,12.5,76,8.4,,
501,5/25/2025 22:27,13,74.5,8.6,,
502,5/25/2025 22:57,13,75,8.7,,
503,5/25/2025 23:27,12.5,77,8.6,,
504,5/25/2025 23:57,12,78.5,8.4,,
505,5/26/2025 0:27,12.5,80,9.1,,
506,5/26/2025 0:57,12,82.5,9.1,,
507,5/26/2025 1:27,12,83,9.2,,
508,5/26/2025 1:57,12,83,9.2,,
509,5/26/2025 2:27,11,84.5,8.5,,
510,5/26/2025 2:57,11,86.5,8.8,,
511,5/26/2025 3:27,11.5,87.5,9.5,,
512,5/26/2025 3:57,11,86,8.8,,
513,5/26/2025 4:27,11.5,85.5,9.2,,
514,5/26/2025 4:57,12,83.5,9.3,,
515,5/26/2025 5:27,12.5,81,9.3,,
516,5/26/2025 5:57,12,82,9,,
517,5/26/2025 6:27,12.5,81,9.3,,
518,5/26/2025 6:57,13.5,79,9.9,,
519,5/26/2025 7:27,17.5,66,11.1,,
520,5/26/2025 7:57,18.5,59,10.3,,
521,5/26/2025 8:27,19.5,58,11,,
522,5/26/2025 8:57,22.5,51,11.9,,
523,5/26/2025 9:27,21,52.5,10.9,,
524,5/26/2025 9:57,22,52,11.7,,
525,5/26/2025 10:27,22,51.5,11.6,,
526,5/26/2025 10:57,22.5,52.5,12.3,,
527,5/26/2025 11:27,24,43,10.7,,
528,5/26/2025 11:57,23.5,45.5,11.1,,
529,5/26/2025 12:27,22,52,11.7,,
530,5/26/2025 12:57,20,57,11.2,,
531,5/26/2025 13:27,22,54,12.3,,
532,5/26/2025 13:57,22,54,12.3,,
533,5/26/2025 14:27,21.5,55,12.1,,
534,5/26/2025 14:57,21.5,54.5,11.9,,
535,5/26/2025 15:27,21,55,11.6,,
536,5/26/2025 15:57,21,55,11.6,,
537,5/26/2025 16:27,20.5,54,10.9,,
538,5/26/2025 16:57,20,53,10.1,,
539,5/26/2025 17:27,19,54.5,9.6,,
540,5/26/2025 17:57,18.5,56.5,9.7,,
541,5/26/2025 18:27,17,61,9.4,,
542,5/26/2025 18:57,17,63,9.9,,
543,5/26/2025 19:27,15,69,9.4,,
544,5/26/2025 19:57,14,73,9.2,,
545,5/26/2025 20:27,13,75.5,8.8,,
546,5/26/2025 20:57,13,77.5,9.2,,
547,5/26/2025 21:27,13,78,9.3,,
548,5/26/2025 21:57,12.5,80,9.1,,
549,5/26/2025 22:27,12.5,83,9.7,,
550,5/26/2025 22:57,12,84.5,9.5,,
551,5/26/2025 23:27,12,85.5,9.6,,
552,5/26/2025 23:57,11.5,85,9.1,,
553,5/27/2025 0:27,10.5,85.5,8.2,,
554,5/27/2025 0:57,11,86.5,8.8,,
555,5/27/2025 1:27,11,88.5,9.2,,
556,5/27/2025 1:57,10.5,88,8.6,,
557,5/27/2025 2:27,11.5,89,9.8,,
558,5/27/2025 2:57,11.5,89,9.8,,
559,5/27/2025 3:27,11,89.5,9.3,,
560,5/27/2025 3:57,11,91,9.6,,
561,5/27/2025 4:27,11,91,9.6,,
562,5/27/2025 4:57,11,91,9.6,,
563,5/27/2025 5:27,11,91,9.6,,
564,5/27/2025 5:57,11,90.5,9.5,,
565,5/27/2025 6:27,12,88,10.1,,
566,5/27/2025 6:57,14.5,79.5,11,,
567,5/27/2025 7:27,17,70.5,11.6,,
568,5/27/2025 7:57,19.5,64.5,12.6,,
569,5/27/2025 8:27,20,58,11.5,,
570,5/27/2025 8:57,22.5,53,12.4,,
571,5/27/2025 9:27,21,56,11.9,,
572,5/27/2025 9:57,22.5,52.5,12.3,,
573,5/27/2025 10:27,21.5,54,11.8,,
574,5/27/2025 10:57,23,50.5,12.2,,
575,5/27/2025 11:27,23,50.5,12.2,,
576,5/27/2025 11:57,23,51,12.3,,
577,5/27/2025 12:27,23,49.5,11.9,,
578,5/27/2025 12:57,23,50.5,12.2,,
579,5/27/2025 13:27,22.5,51.5,12,,
580,5/27/2025 13:57,21.5,52,11.2,,
581,5/27/2025 14:27,20.5,54,10.9,,
582,5/27/2025 14:57,20,55,10.7,,
583,5/27/2025 15:27,20,56.5,11.1,,
584,5/27/2025 15:57,18,62,10.6,,
585,5/27/2025 16:27,18.5,61.5,11,,
586,5/27/2025 16:57,18.5,60.5,10.7,,
587,5/27/2025 17:27,18,64,11.1,,
588,5/27/2025 17:57,17,66,10.6,,
589,5/27/2025 18:27,16.5,68,10.6,,
590,5/27/2025 18:57,15.5,71.5,10.4,,
591,5/27/2025 19:27,13.5,78,9.7,,
592,5/27/2025 19:57,13,80.5,9.7,,
593,5/27/2025 20:27,13,79.5,9.5,,
594,5/27/2025 20:57,12.5,82.5,9.6,,
595,5/27/2025 21:27,12.5,82.5,9.6,,
596,5/27/2025 21:57,12.5,82.5,9.6,,
597,5/27/2025 22:27,12,83,9.2,,
598,5/27/2025 22:57,12,84,9.4,,
599,5/27/2025 23:27,12,84.5,9.5,,
600,5/27/2025 23:57,11.5,85,9.1,,
601,5/28/2025 0:27,11.5,86,9.2,,
602,5/28/2025 0:57,11.5,85,9.1,,
603,5/28/2025 1:27,11.5,86,9.2,,
604,5/28/2025 1:57,11.5,86.5,9.3,,
605,5/28/2025 2:27,11.5,87,9.4,,
606,5/28/2025 2:57,11,88,9.1,,
607,5/28/2025 3:27,11,89.5,9.3,,
608,5/28/2025 3:57,11,90,9.4,,
609,5/28/2025 4:27,11.5,88.5,9.7,,
610,5/28/2025 4:57,11.5,89,9.8,,
611,5/28/2025 5:27,12,88,10.1,,
612,5/28/2025 5:57,12,86.5,9.8,,
613,5/28/2025 6:27,12,86,9.7,,
614,5/28/2025 6:57,12.5,84.5,10,,
615,5/28/2025 7:27,13,83,10.2,,
616,5/28/2025 7:57,14.5,77.5,10.6,,
617,5/28/2025 8:27,16,71.5,10.9,,
618,5/28/2025 8:57,19.5,61.5,11.9,,
619,5/28/2025 9:27,22,54.5,12.4,,
620,5/28/2025 9:57,18.5,64.5,11.7,,
621,5/28/2025 10:27,20,58.5,11.6,,
622,5/28/2025 10:57,19.5,59,11.3,,
623,5/28/2025 11:27,17.5,65,10.9,,
624,5/28/2025 11:57,16,69,10.3,,
625,5/28/2025 12:27,16,69,10.3,,
626,5/28/2025 12:57,18,63,10.9,,
627,5/28/2025 13:27,19,62,11.6,,
628,5/28/2025 13:57,18.5,61.5,11,,
629,5/28/2025 14:27,18,65,11.3,,
630,5/28/2025 14:57,18,66,11.6,,
631,5/28/2025 15:27,18.5,63.5,11.4,,
632,5/28/2025 15:57,18,65.5,11.4,,
633,5/28/2025 16:27,18,64,11.1,,
634,5/28/2025 16:57,18,62,10.6,,
635,5/28/2025 17:27,18.5,62,11.1,,
636,5/28/2025 17:57,16,67.5,10,,
637,5/28/2025 18:27,17.5,64.5,10.7,,
638,5/28/2025 18:57,17,65,10.4,,
639,5/28/2025 19:27,15.5,70.5,10.2,,
640,5/28/2025 19:57,14.5,72.5,9.6,,
641,5/28/2025 20:27,13.5,75.5,9.3,,
642,5/28/2025 20:57,13,77,9.1,,
643,5/28/2025 21:27,12.5,79,9,,
644,5/28/2025 21:57,12.5,80,9.1,,
645,5/28/2025 22:27,12,82,9,,
646,5/28/2025 22:57,12.5,83.5,9.8,,
647,5/28/2025 23:27,12.5,83,9.7,,
648,5/28/2025 23:57,12.5,84,9.9,,
649,5/29/2025 0:27,11.5,84,8.9,,
650,5/29/2025 0:57,11.5,88.5,9.7,,
651,5/29/2025 1:27,11.5,88.5,9.7,,
652,5/29/2025 1:57,11.5,88,9.6,,
653,5/29/2025 2:27,12,88,10.1,,
654,5/29/2025 2:57,12,88,10.1,,
655,5/29/2025 3:27,11,88,9.1,,
656,5/29/2025 3:57,10,89,8.3,,
657,5/29/2025 4:27,9.5,91,8.1,,
658,5/29/2025 4:57,9,91.5,7.7,,
659,5/29/2025 5:27,9,92,7.8,,
660,5/29/2025 5:57,9.5,94,8.6,,
661,5/29/2025 6:27,11.5,93.5,10.5,,
662,5/29/2025 6:57,16,78,12.2,,
663,5/29/2025 7:27,17.5,71.5,12.3,,
664,5/29/2025 7:57,18.5,68,12.5,,
665,5/29/2025 8:27,19,67,12.7,,
666,5/29/2025 8:57,19,68,13,,
667,5/29/2025 9:27,20.5,63,13.2,,
668,5/29/2025 9:57,21,59.5,12.8,,
669,5/29/2025 10:27,24,50.5,13.1,,
670,5/29/2025 10:57,24,48.5,12.5,,
671,5/29/2025 11:27,24.5,45,11.8,,
672,5/29/2025 11:57,25.5,43.5,12.2,,
673,5/29/2025 12:27,25,49.5,13.7,,
674,5/29/2025 12:57,22.5,55.5,13.2,,
675,5/29/2025 13:27,22.5,57,13.6,,
676,5/29/2025 13:57,23,56,13.8,,
677,5/29/2025 14:27,22.5,57,13.6,,
678,5/29/2025 14:57,23.5,55.5,14.1,,
679,5/29/2025 15:27,22.5,58,13.8,,
680,5/29/2025 15:57,22.5,57.5,13.7,,
681,5/29/2025 16:27,21,60,12.9,,
682,5/29/2025 16:57,21.5,58,12.9,,
683,5/29/2025 17:27,21.5,59.5,13.3,,
684,5/29/2025 17:57,21,60.5,13.1,,
685,5/29/2025 18:27,19,67,12.7,,
686,5/29/2025 18:57,19.5,67.5,13.3,,
687,5/29/2025 19:27,17,72,11.9,,
688,5/29/2025 19:57,16,73.5,11.3,,
689,5/29/2025 20:27,14.5,79,10.9,,
690,5/29/2025 20:57,14,79,10.4,,
691,5/29/2025 21:27,13.5,81,10.3,,
692,5/29/2025 21:57,14,81,10.8,,
693,5/29/2025 22:27,12.5,81.5,9.4,,
694,5/29/2025 22:57,13,83.5,10.3,,
695,5/29/2025 23:27,12,85.5,9.6,,
696,5/29/2025 23:57,12,88.5,10.2,,
697,5/30/2025 0:27,11.5,89.5,9.8,,
698,5/30/2025 0:57,11,89.5,9.3,,
699,5/30/2025 1:27,10.5,90,8.9,,
700,5/30/2025 1:57,11,92.5,9.8,,
701,5/30/2025 2:27,12,92.5,10.8,,
702,5/30/2025 2:57,11.5,93,10.4,,
703,5/30/2025 3:27,11,93.5,10,,
704,5/30/2025 3:57,11,94,10.1,,
705,5/30/2025 4:27,11,94,10.1,,
706,5/30/2025 4:57,9.5,93,8.4,,
707,5/30/2025 5:27,11,95,10.2,,
708,5/30/2025 5:57,11,95.5,10.3,,
709,5/30/2025 6:27,12.5,95.5,11.8,,
710,5/30/2025 6:57,15.5,84,12.8,,
711,5/30/2025 7:27,18,76,13.7,,
712,5/30/2025 7:57,19,72,13.8,,
713,5/30/2025 8:27,19,69,13.2,,
714,5/30/2025 8:57,20.5,62.5,13.1,,
715,5/30/2025 9:27,21,60.5,13.1,,
716,5/30/2025 9:57,22,58.5,13.5,,
717,5/30/2025 10:27,19,65.5,12.4,,
718,5/30/2025 10:57,19.5,66.5,13.1,,
719,5/30/2025 11:27,20,64.5,13.1,,
720,5/30/2025 11:57,20.5,63,13.2,,
721,5/30/2025 12:27,21.5,61,13.7,,
722,5/30/2025 12:57,21.5,62,13.9,,
723,5/30/2025 13:27,23,59,14.6,,
724,5/30/2025 13:57,25,52,14.5,,
725,5/30/2025 14:27,25,51.5,14.3,,
726,5/30/2025 14:57,23,54,13.2,,
727,5/30/2025 15:27,21.5,57.5,12.8,,
728,5/30/2025 15:57,21.5,57.5,12.8,,
729,5/30/2025 16:27,22,57,13.1,,
730,5/30/2025 16:57,21.5,58.5,13,,
731,5/30/2025 17:27,21,60,12.9,,
732,5/30/2025 17:57,20.5,61.5,12.8,,
733,5/30/2025 18:27,20.5,64.5,13.6,,
734,5/30/2025 18:57,19,68,13,,
735,5/30/2025 19:27,17,75,12.5,,
736,5/30/2025 19:57,16,78.5,12.3,,
737,5/30/2025 20:27,15,83,12.1,,
738,5/30/2025 20:57,15,84,12.3,,
739,5/30/2025 21:27,16.5,85,14,,
740,5/30/2025 21:57,16,87,13.8,,
741,5/30/2025 22:27,15,87.5,12.9,,
742,5/30/2025 22:57,14,88.5,12.1,,
743,5/30/2025 23:27,14,91,12.6,,
744,5/30/2025 23:57,13.5,90.5,12,,
745,5/31/2025 0:27,14,92.5,12.8,,
746,5/31/2025 0:57,15,93.5,14,,
747,5/31/2025 1:27,15,93.5,14,,
748,5/31/2025 1:57,15,94.5,14.1,,
749,5/31/2025 2:27,15.5,94.5,14.6,,
750,5/31/2025 2:57,15.5,95,14.7,,
751,5/31/2025 3:27,15,94.5,14.1,,
752,5/31/2025 3:57,15,95,14.2,,
753,5/31/2025 4:27,15,95,14.2,,
754,5/31/2025 4:57,15,94.5,14.1,,
755,5/31/2025 5:27,15,94,14,,
756,5/31/2025 5:57,15.5,94.5,14.6,,
757,5/31/2025 6:27,15.5,94.5,14.6,,
758,5/31/2025 6:57,15.5,94.5,14.6,,
759,5/31/2025 7:27,15.5,94.5,14.6,,
760,5/31/2025 7:57,16,94.5,15.1,,
761,5/31/2025 8:27,17,91,15.5,,
762,5/31/2025 8:57,17.5,89.5,15.8,,
763,5/31/2025 9:27,17.5,88,15.5,,
764,5/31/2025 9:57,17.5,87,15.3,,
765,5/31/2025 10:27,17.5,89,15.7,,
766,5/31/2025 10:57,18.5,84.5,15.8,,
767,5/31/2025 11:27,19,82,15.9,,
768,5/31/2025 11:57,20,79.5,16.3,,
769,5/31/2025 12:27,21,73.5,16.1,,
770,5/31/2025 12:57,20,75.5,15.5,,
771,5/31/2025 13:27,21.5,72.5,16.3,,
772,5/31/2025 13:57,21.5,72,16.2,,
773,5/31/2025 14:27,23,66.5,16.4,,
774,5/31/2025 14:57,22,65,15.1,,
775,5/31/2025 15:27,22,66,15.4,,
776,5/31/2025 15:57,21,68,14.9,,
777,5/31/2025 16:27,19.5,70.5,14,,
778,5/31/2025 16:57,19,71.5,13.7,,
779,5/31/2025 17:27,19,72,13.8,,
780,5/31/2025 17:57,19.5,71,14.1,,
781,5/31/2025 18:27,18.5,73.5,13.7,,
782,5/31/2025 18:57,16.5,79.5,12.9,,
783,5/31/2025 19:27,16,82,12.9,,
784,5/31/2025 19:57,15.5,83.5,12.7,,
785,5/31/2025 20:27,14.5,87.5,12.5,,
786,5/31/2025 20:57,14,91.5,12.6,,
787,5/31/2025 21:27,13.5,93,12.4,,
788,5/31/2025 21:57,13.5,93.5,12.5,,
789,5/31/2025 22:27,14.5,94,13.5,,
790,5/31/2025 22:57,14,93,12.9,,
791,5/31/2025 23:27,13.5,94,12.6,,
792,5/31/2025 23:57,13.5,94.5,12.6,,
793,6/1/2025 0:27,14,95.5,13.3,,
794,6/1/2025 0:57,14,96,13.4,,
795,6/1/2025 1:27,13.5,96,12.9,,
796,6/1/2025 1:57,13.5,96.5,13,,
797,6/1/2025 2:27,13.5,96.5,13,,
798,6/1/2025 2:57,13.5,96.5,13,,
799,6/1/2025 3:27,13.5,97,13,,
800,6/1/2025 3:57,13.5,97,13,,
801,6/1/2025 4:27,13.5,97,13,,
802,6/1/2025 4:57,13.5,97,13,,
803,6/1/2025 5:27,13.5,97,13,,
804,6/1/2025 5:57,13.5,97.5,13.1,,
805,6/1/2025 6:27,13.5,97.5,13.1,,
806,6/1/2025 6:57,14,98,13.7,,
807,6/1/2025 7:27,14,98,13.7,,
808,6/1/2025 7:57,14,97.5,13.6,,
809,6/1/2025 8:27,14,97.5,13.6,,
810,6/1/2025 8:57,14.5,96,13.9,,
811,6/1/2025 9:27,15,93.5,14,,
812,6/1/2025 9:57,15.5,89,13.7,,
813,6/1/2025 10:27,15.5,89,13.7,,
814,6/1/2025 10:57,16,87,13.8,,
815,6/1/2025 11:27,15.5,89,13.7,,
816,6/1/2025 11:57,16.5,84.5,13.9,,
817,6/1/2025 12:27,17.5,80,14,,
818,6/1/2025 12:57,19,75,14.5,,
819,6/1/2025 13:27,21,69.5,15.2,,
820,6/1/2025 13:57,22,64.5,15,,
821,6/1/2025 14:27,21.5,64,14.4,,
822,6/1/2025 14:57,21,65.5,14.3,,
823,6/1/2025 15:27,21,65,14.2,,
824,6/1/2025 15:57,20,67,13.7,,
825,6/1/2025 16:27,19,70.5,13.5,,
826,6/1/2025 16:57,20,67,13.7,,
827,6/1/2025 17:27,19,69,13.2,,
828,6/1/2025 17:57,18.5,71,13.1,,
829,6/1/2025 18:27,17.5,74,12.8,,
830,6/1/2025 18:57,17.5,75,13,,
831,6/1/2025 19:27,15,82.5,12,,
832,6/1/2025 19:57,14.5,86.5,12.3,,
833,6/1/2025 20:27,14,88.5,12.1,,
834,6/1/2025 20:57,14.5,84,11.8,,
835,6/1/2025 21:27,14.5,83.5,11.7,,
836,6/1/2025 21:57,14,85.5,11.6,,
837,6/1/2025 22:27,13,87,10.9,,
838,6/1/2025 22:57,13,88,11.1,,
839,6/1/2025 23:27,12.5,88.5,10.7,,
840,6/1/2025 23:57,12.5,90.5,11,,
841,6/2/2025 0:27,12.5,91.5,11.2,,
842,6/2/2025 0:57,12.5,91.5,11.2,,
843,6/2/2025 1:27,12,91,10.6,,
844,6/2/2025 1:57,12.5,92,11.2,,
845,6/2/2025 2:27,13,91.5,11.6,,
846,6/2/2025 2:57,13.5,92,12.2,,
847,6/2/2025 3:27,13.5,92.5,12.3,,
848,6/2/2025 3:57,14,92.5,12.8,,
849,6/2/2025 4:27,14,91,12.6,,
850,6/2/2025 4:57,13,93,11.9,,
851,6/2/2025 5:27,13,94.5,12.1,,
852,6/2/2025 5:57,12.5,95.5,11.8,,
853,6/2/2025 6:27,13,96,12.4,,
854,6/2/2025 6:57,13.5,95.5,12.8,,
855,6/2/2025 7:27,14,93.5,13,,
856,6/2/2025 7:57,14.5,91,13,,
857,6/2/2025 8:27,15.5,87,13.3,,
858,6/2/2025 8:57,16,85.5,13.6,,
859,6/2/2025 9:27,16,84,13.3,,
860,6/2/2025 9:57,16,83.5,13.2,,
861,6/2/2025 10:27,16,86,13.7,,
862,6/2/2025 10:57,16,86.5,13.7,,
863,6/2/2025 11:27,16.5,87,14.3,,
864,6/2/2025 11:57,16,87.5,13.9,,
865,6/2/2025 12:27,16,85,13.5,,
866,6/2/2025 12:57,16.5,84,13.8,,
867,6/2/2025 13:27,17,80,13.5,,
868,6/2/2025 13:57,18.5,74,13.8,,
869,6/2/2025 14:27,17.5,75,13,,
870,6/2/2025 14:57,18.5,73,13.6,,
871,6/2/2025 15:27,16.5,75.5,12.2,,
872,6/2/2025 15:57,17.5,73,12.6,,
873,6/2/2025 16:27,17.5,71.5,12.3,,
874,6/2/2025 16:57,18,70,12.5,,
875,6/2/2025 17:27,17.5,71.5,12.3,,
876,6/2/2025 17:57,16.5,73,11.6,,
877,6/2/2025 18:27,15.5,74.5,11,,
878,6/2/2025 18:57,15.5,75.5,11.2,,
879,6/2/2025 19:27,15,77,11,,
880,6/2/2025 19:57,14.5,79,10.9,,
881,6/2/2025 20:27,14,80,10.6,,
882,6/2/2025 20:57,14,81,10.8,,
883,6/2/2025 21:27,14,82,11,,
884,6/2/2025 21:57,14,83,11.2,,
885,6/2/2025 22:27,14,83,11.2,,
886,6/2/2025 22:57,14,83.5,11.3,,
887,6/2/2025 23:27,14,84.5,11.4,,
888,6/2/2025 23:57,14,85,11.5,,
889,6/3/2025 0:27,14,85,11.5,,
890,6/3/2025 0:57,14,85.5,11.6,,
891,6/3/2025 1:27,14,85.5,11.6,,
892,6/3/2025 1:57,13.5,86,11.2,,
893,6/3/2025 2:27,13.5,86,11.2,,
894,6/3/2025 2:57,13.5,88,11.6,,
895,6/3/2025 3:27,13.5,90.5,12,,
896,6/3/2025 3:57,13,91.5,11.6,,
897,6/3/2025 4:27,13,92.5,11.8,,
898,6/3/2025 4:57,13,94,12.1,,
899,6/3/2025 5:27,12.5,95,11.7,,
900,6/3/2025 5:57,12.5,95.5,11.8,,
901,6/3/2025 6:27,13,96,12.4,,
902,6/3/2025 6:57,13.5,96,12.9,,
903,6/3/2025 7:27,14,94.5,13.1,,
904,6/3/2025 7:57,15,92,13.7,,
905,6/3/2025 8:27,16.5,84.5,13.9,,
906,6/3/2025 8:57,17,80.5,13.6,,
907,6/3/2025 9:27,17.5,78.5,13.7,,
908,6/3/2025 9:57,18,75,13.5,,
909,6/3/2025 10:27,18,76,13.7,,
910,6/3/2025 10:57,18,74,13.3,,
911,6/3/2025 11:27,18,73,13.1,,
912,6/3/2025 11:57,18,72.5,13,,
913,6/3/2025 12:27,19.5,69,13.7,,
914,6/3/2025 12:57,20.5,64.5,13.6,,
915,6/3/2025 13:27,21.5,60,13.4,,
916,6/3/2025 13:57,21.5,58.5,13,,
917,6/3/2025 14:27,21.5,60,13.4,,
918,6/3/2025 14:57,22,57.5,13.2,,
919,6/3/2025 15:27,21.5,58.5,13,,
920,6/3/2025 15:57,21,59.5,12.8,,
921,6/3/2025 16:27,19.5,61.5,11.9,,
922,6/3/2025 16:57,20,61,12.3,,
923,6/3/2025 17:27,19.5,61.5,11.9,,
924,6/3/2025 17:57,18.5,64.5,11.7,,
925,6/3/2025 18:27,18,67.5,11.9,,
926,6/3/2025 18:57,17.5,70,12,,
927,6/3/2025 19:27,16,74,11.4,,
928,6/3/2025 19:57,15.5,78,11.7,,
929,6/3/2025 20:27,14.5,79.5,11,,
930,6/3/2025 20:57,16.5,72.5,11.5,,
931,6/3/2025 21:27,15,78,11.2,,
932,6/3/2025 21:57,15,78,11.2,,
933,6/3/2025 22:27,15,77.5,11.1,,
934,6/3/2025 22:57,14,80.5,10.7,,
935,6/3/2025 23:27,13,82.5,10.1,,
936,6/3/2025 23:57,13,87,10.9,,
937,6/4/2025 0:27,13.5,83.5,10.8,,
938,6/4/2025 0:57,13,87,10.9,,
939,6/4/2025 1:27,13,89,11.2,,
940,6/4/2025 1:57,13,88.5,11.1,,
941,6/4/2025 2:27,13,88.5,11.1,,
942,6/4/2025 2:57,12.5,89.5,10.8,,
943,6/4/2025 3:27,11.5,89.5,9.8,,
944,6/4/2025 3:57,11,91.5,9.7,,
945,6/4/2025 4:27,10.5,92.5,9.3,,
946,6/4/2025 4:57,11,93.5,10,,
947,6/4/2025 5:27,12,94.5,11.1,,
948,6/4/2025 5:57,13,93.5,12,,
949,6/4/2025 6:27,13.5,91.5,12.1,,
950,6/4/2025 6:57,14,90,12.4,,
951,6/4/2025 7:27,14.5,88.5,12.6,,
952,6/4/2025 7:57,15,87,12.9,,
953,6/4/2025 8:27,15,86,12.7,,
954,6/4/2025 8:57,15,86.5,12.8,,
955,6/4/2025 9:27,15.5,86.5,13.3,,
956,6/4/2025 9:57,15.5,84,12.8,,
957,6/4/2025 10:27,16.5,82,13.4,,
958,6/4/2025 10:57,17.5,78.5,13.7,,
959,6/4/2025 11:27,19.5,72,14.3,,
960,6/4/2025 11:57,20,69,14.1,,
961,6/4/2025 12:27,19,71.5,13.7,,
962,6/4/2025 12:57,19.5,69,13.7,,
963,6/4/2025 13:27,20.5,65.5,13.8,,
964,6/4/2025 13:57,20.5,64.5,13.6,,
965,6/4/2025 14:27,21,63.5,13.8,,
966,6/4/2025 14:57,20,64.5,13.1,,
967,6/4/2025 15:27,20,64,13,,
968,6/4/2025 15:57,20,65.5,13.3,,
969,6/4/2025 16:27,19,67.5,12.9,,
970,6/4/2025 16:57,18.5,68.5,12.6,,
971,6/4/2025 17:27,18,69.5,12.3,,
972,6/4/2025 17:57,17.5,71.5,12.3,,
973,6/4/2025 18:27,17,73.5,12.2,,
974,6/4/2025 18:57,16,76.5,11.9,,
975,6/4/2025 19:27,15.5,79,11.9,,
976,6/4/2025 19:57,15,81.5,11.9,,
977,6/4/2025 20:27,14.5,83.5,11.7,,
978,6/4/2025 20:57,14.5,85.5,12.1,,
979,6/4/2025 21:27,14.5,87,12.4,,
980,6/4/2025 21:57,14.5,87,12.4,,
981,6/4/2025 22:27,14.5,86.5,12.3,,
982,6/4/2025 22:57,14.5,85,12,,
983,6/4/2025 23:27,14.5,85,12,,
984,6/4/2025 23:57,14.5,85,12,,
985,6/5/2025 0:27,15,85,12.5,,
986,6/5/2025 0:57,14.5,85,12,,
987,6/5/2025 1:27,14.5,85.5,12.1,,
988,6/5/2025 1:57,14.5,86,12.2,,
989,6/5/2025 2:27,14.5,87,12.4,,
990,6/5/2025 2:57,14,88,12,,
991,6/5/2025 3:27,14,88.5,12.1,,
992,6/5/2025 3:57,13.5,89.5,11.8,,
993,6/5/2025 4:27,13.5,92,12.2,,
994,6/5/2025 4:57,13,93.5,12,,
995,6/5/2025 5:27,13,94.5,12.1,,
996,6/5/2025 5:57,13,95,12.2,,
997,6/5/2025 6:27,13.5,95.5,12.8,,
998,6/5/2025 6:57,13.5,96,12.9,,
999,6/5/2025 7:27,14,96,13.4,,
1000,6/5/2025 7:57,14,95.5,13.3,,
1001,6/5/2025 8:27,15,95.5,14.3,,
1002,6/5/2025 8:57,15,94,14,,
1003,6/5/2025 9:27,16,89.5,14.3,,
1004,6/5/2025 9:57,16.5,85.5,14.1,,
1005,6/5/2025 10:27,17.5,79.5,13.9,,
1006,6/5/2025 10:57,18,76,13.7,,
1007,6/5/2025 11:27,20,69,14.1,,
1008,6/5/2025 11:57,20.5,67,14.2,,
1009,6/5/2025 12:27,21,64,13.9,,
1010,6/5/2025 12:57,21.5,61,13.7,,
1011,6/5/2025 13:27,21,62,13.4,,
1012,6/5/2025 13:57,21,61.5,13.3,,
1013,6/5/2025 14:27,21.5,60,13.4,,
1014,6/5/2025 14:57,21.5,60,13.4,,
1015,6/5/2025 15:27,21.5,59.5,13.3,,
1016,6/5/2025 15:57,21,61,13.2,,
1017,6/5/2025 16:27,21,61.5,13.3,,
1018,6/5/2025 16:57,20.5,62.5,13.1,,
1019,6/5/2025 17:27,20,64.5,13.1,,
1020,6/5/2025 17:57,19.5,67,13.2,,
1021,6/5/2025 18:27,18.5,69.5,12.8,,
1022,6/5/2025 18:57,18,71,12.7,,
1023,6/5/2025 19:27,16,78,12.2,,
1024,6/5/2025 19:57,15,82,12,,
1025,6/5/2025 20:27,14,85,11.5,,
1026,6/5/2025 20:57,13.5,87,11.4,,
1027,6/5/2025 21:27,13.5,88.5,11.6,,
1028,6/5/2025 21:57,13.5,89.5,11.8,,
1029,6/5/2025 22:27,13.5,89.5,11.8,,
1030,6/5/2025 22:57,13,89.5,11.3,,
1031,6/5/2025 23:27,13,90.5,11.5,,
1032,6/5/2025 23:57,12.5,91,11.1,,
1033,6/6/2025 0:27,13,91,11.6,,
1034,6/6/2025 0:57,13.5,90,11.9,,
1035,6/6/2025 1:27,13.5,89.5,11.8,,
1036,6/6/2025 1:57,13.5,90,11.9,,
1037,6/6/2025 2:27,13.5,90,11.9,,
1038,6/6/2025 2:57,13.5,89.5,11.8,,
1039,6/6/2025 3:27,13.5,89.5,11.8,,
1040,6/6/2025 3:57,13.5,89.5,11.8,,
1041,6/6/2025 4:27,13.5,89.5,11.8,,
1042,6/6/2025 4:57,13.5,89.5,11.8,,
1043,6/6/2025 5:27,13.5,89.5,11.8,,
1044,6/6/2025 5:57,13.5,90.5,12,,
1045,6/6/2025 6:27,13.5,92,12.2,,
1046,6/6/2025 6:57,13.5,93,12.4,,
1047,6/6/2025 7:27,14,92.5,12.8,,
1048,6/6/2025 7:57,14.5,92,13.2,,
1049,6/6/2025 8:27,15,90.5,13.5,,
1050,6/6/2025 8:57,15,89.5,13.3,,
1051,6/6/2025 9:27,15,91.5,13.6,,
1052,6/6/2025 9:57,15.5,90.5,14,,
1053,6/6/2025 10:27,16,87,13.8,,
1054,6/6/2025 10:57,17,82.5,14,,
1055,6/6/2025 11:27,18.5,75.5,14.1,,
1056,6/6/2025 11:57,19,71.5,13.7,,
1057,6/6/2025 12:27,19,69.5,13.3,,
1058,6/6/2025 12:57,20,66.5,13.6,,
1059,6/6/2025 13:27,21,61.5,13.3,,
1060,6/6/2025 13:57,22,57.5,13.2,,
1061,6/6/2025 14:27,23,54.5,13.3,,
1062,6/6/2025 14:57,22.5,55,13,,
1063,6/6/2025 15:27,22.5,56,13.3,,
1064,6/6/2025 15:57,21.5,59,13.2,,
1065,6/6/2025 16:27,21,58,12.4,,
1066,6/6/2025 16:57,21,58.5,12.6,,
1067,6/6/2025 17:27,20,60.5,12.1,,
1068,6/6/2025 17:57,19,63,11.8,,
1069,6/6/2025 18:27,18,67.5,11.9,,
1070,6/6/2025 18:57,17.5,69.5,11.9,,
1071,6/6/2025 19:27,15.5,75.5,11.2,,
1072,6/6/2025 19:57,15,78,11.2,,
1073,6/6/2025 20:27,14.5,81,11.3,,
1074,6/6/2025 20:57,14,82.5,11.1,,
1075,6/6/2025 21:27,14,82,11,,
1076,6/6/2025 21:57,13.5,82.5,10.6,,
1077,6/6/2025 22:27,14,83,11.2,,
1078,6/6/2025 22:57,13.5,83.5,10.8,,
1079,6/6/2025 23:27,13.5,85,11,,
1080,6/6/2025 23:57,13.5,84.5,10.9,,
1081,6/7/2025 0:27,13.5,85.5,11.1,,
1082,6/7/2025 0:57,13,85.5,10.6,,
1083,6/7/2025 1:27,12,87,9.9,,
1084,6/7/2025 1:57,12.5,87,10.4,,
1085,6/7/2025 2:27,12.5,87,10.4,,
1086,6/7/2025 2:57,12.5,86.5,10.3,,
1087,6/7/2025 3:27,12.5,86,10.2,,
1088,6/7/2025 3:57,12,87,9.9,,
1089,6/7/2025 4:27,11.5,88,9.6,,
1090,6/7/2025 4:57,11,89,9.3,,
1091,6/7/2025 5:27,11,91.5,9.7,,
1092,6/7/2025 5:57,11.5,90.5,10,,
1093,6/7/2025 6:27,12.5,91,11.1,,
1094,6/7/2025 6:57,16.5,78,12.7,,
1095,6/7/2025 7:27,19.5,68.5,13.6,,
1096,6/7/2025 7:57,20.5,64,13.5,,
1097,6/7/2025 8:27,20.5,63.5,13.3,,
1098,6/7/2025 8:57,19,69,13.2,,
1099,6/7/2025 9:27,19.5,67,13.2,,
1100,6/7/2025 9:57,22.5,58,13.8,,
1101,6/7/2025 10:27,23,56,13.8,,
1102,6/7/2025 10:57,23,55,13.5,,
1103,6/7/2025 11:27,23.5,55,13.9,,
1104,6/7/2025 11:57,23,55,13.5,,
1105,6/7/2025 12:27,23.5,54,13.7,,
1106,6/7/2025 12:57,23,55,13.5,,
1107,6/7/2025 13:27,22.5,55.5,13.2,,
1108,6/7/2025 13:57,22.5,55,13,,
1109,6/7/2025 14:27,23,55.5,13.6,,
1110,6/7/2025 14:57,22.5,55.5,13.2,,
1111,6/7/2025 15:27,21.5,57,12.6,,
1112,6/7/2025 15:57,21.5,58,12.9,,
1113,6/7/2025 16:27,21.5,58,12.9,,
1114,6/7/2025 16:57,20.5,59.5,12.3,,
1115,6/7/2025 17:27,20,61.5,12.4,,
1116,6/7/2025 17:57,18.5,65,11.8,,
1117,6/7/2025 18:27,17.5,69.5,11.9,,
1118,6/7/2025 18:57,17.5,71,12.2,,
1119,6/7/2025 19:27,15,78.5,11.3,,
1120,6/7/2025 19:57,14.5,82,11.5,,
1121,6/7/2025 20:27,14,84,11.3,,
1122,6/7/2025 20:57,14.5,80,11.1,,
1123,6/7/2025 21:27,14.5,82.5,11.6,,
1124,6/7/2025 21:57,14,84,11.3,,
1125,6/7/2025 22:27,14,84.5,11.4,,
1126,6/7/2025 22:57,14,84,11.3,,
1127,6/7/2025 23:27,14,85.5,11.6,,
1128,6/7/2025 23:57,13.5,86,11.2,,
1129,6/8/2025 0:27,13.5,86.5,11.3,,
1130,6/8/2025 0:57,13.5,87,11.4,,
1131,6/8/2025 1:27,13.5,87.5,11.5,,
1132,6/8/2025 1:57,14,88,12,,
1133,6/8/2025 2:27,13.5,89,11.7,,
1134,6/8/2025 2:57,13.5,89,11.7,,
1135,6/8/2025 3:27,13.5,89.5,11.8,,
1136,6/8/2025 3:57,13.5,89.5,11.8,,
1137,6/8/2025 4:27,13.5,88.5,11.6,,
1138,6/8/2025 4:57,13.5,89,11.7,,
1139,6/8/2025 5:27,13.5,88,11.6,,
1140,6/8/2025 5:57,14,87.5,12,,
1141,6/8/2025 6:27,14,87,11.9,,
1142,6/8/2025 6:57,14,86.5,11.8,,
1143,6/8/2025 7:27,14.5,85,12,,
1144,6/8/2025 7:57,15,84.5,12.4,,
1145,6/8/2025 8:27,15.5,83.5,12.7,,
1146,6/8/2025 8:57,16,81.5,12.8,,
1147,6/8/2025 9:27,16.5,79,12.8,,
1148,6/8/2025 9:57,17.5,76.5,13.3,,
1149,6/8/2025 10:27,18.5,73.5,13.7,,
1150,6/8/2025 10:57,18,74.5,13.4,,
1151,6/8/2025 11:27,19.5,71,14.1,,
1152,6/8/2025 11:57,22,63.5,14.8,,
1153,6/8/2025 12:27,22,61.5,14.3,,
1154,6/8/2025 12:57,22.5,60.5,14.5,,
1155,6/8/2025 13:27,22,60,13.9,,
1156,6/8/2025 13:57,22,59.5,13.8,,
1157,6/8/2025 14:27,21.5,60,13.4,,
1158,6/8/2025 14:57,21.5,59.5,13.3,,
1159,6/8/2025 15:27,21.5,59.5,13.3,,
1160,6/8/2025 15:57,21,61,13.2,,
1161,6/8/2025 16:27,20,63.5,12.9,,
1162,6/8/2025 16:57,20,63,12.7,,
1163,6/8/2025 17:27,19,66,12.5,,
1164,6/8/2025 17:57,18.5,68.5,12.6,,
1165,6/8/2025 18:27,17.5,71.5,12.3,,
1166,6/8/2025 18:57,17,72.5,12,,
1167,6/8/2025 19:27,15.5,77.5,11.6,,
1168,6/8/2025 19:57,15,79,11.4,,
1169,6/8/2025 20:27,14.5,82,11.5,,
1170,6/8/2025 20:57,14.5,83.5,11.7,,
1171,6/8/2025 21:27,14.5,84.5,11.9,,
1172,6/8/2025 21:57,14.5,84.5,11.9,,
1173,6/8/2025 22:27,14.5,84.5,11.9,,
1174,6/8/2025 22:57,14.5,86,12.2,,
1175,6/8/2025 23:27,14.5,86,12.2,,
1176,6/8/2025 23:57,14.5,86,12.2,,
1177,6/9/2025 0:27,14.5,86,12.2,,
1178,6/9/2025 0:57,14,86.5,11.8,,
1179,6/9/2025 1:27,14,88,12,,
1180,6/9/2025 1:57,14,88,12,,
1181,6/9/2025 2:27,13.5,89,11.7,,
1182,6/9/2025 2:57,13.5,89,11.7,,
1183,6/9/2025 3:27,14,88.5,12.1,,
1184,6/9/2025 3:57,14,88.5,12.1,,
1185,6/9/2025 4:27,13.5,88.5,11.6,,
1186,6/9/2025 4:57,13.5,89.5,11.8,,
1187,6/9/2025 5:27,13,90.5,11.5,,
1188,6/9/2025 5:57,13,91.5,11.6,,
1189,6/9/2025 6:27,14,90.5,12.5,,
1190,6/9/2025 6:57,16,81.5,12.8,,
1191,6/9/2025 7:27,18,75.5,13.6,,
1192,6/9/2025 7:57,19.5,70,13.9,,
1193,6/9/2025 8:27,19,69.5,13.3,,
1194,6/9/2025 8:57,21.5,62.5,14,,
1195,6/9/2025 9:27,20,65.5,13.3,,
1196,6/9/2025 9:57,22.5,60,14.4,,
1197,6/9/2025 10:27,23.5,57.5,14.6,,
1198,6/9/2025 10:57,23.5,56.5,14.4,,
1199,6/9/2025 11:27,24,55,14.4,,
1200,6/9/2025 11:57,23.5,56,14.2,,
1201,6/9/2025 12:27,22.5,58.5,14,,
1202,6/9/2025 12:57,22.5,58.5,14,,
1203,6/9/2025 13:27,22,59.5,13.8,,
1204,6/9/2025 13:57,21,61,13.2,,
1205,6/9/2025 14:27,21,61,13.2,,
1206,6/9/2025 14:57,21.5,60.5,13.5,,
1207,6/9/2025 15:27,21,62.5,13.6,,
1208,6/9/2025 15:57,21.5,59.5,13.3,,
1209,6/9/2025 16:27,20.5,62.5,13.1,,
1210,6/9/2025 16:57,20,64.5,13.1,,
1211,6/9/2025 17:27,19,68,13,,
1212,6/9/2025 17:57,18.5,69,12.7,,
1213,6/9/2025 18:27,17.5,71.5,12.3,,
1214,6/9/2025 18:57,18,72,12.9,,
1215,6/9/2025 19:27,15.5,78.5,11.8,,
1216,6/9/2025 19:57,15.5,80,12.1,,
1217,6/9/2025 20:27,14.5,83,11.6,,
1218,6/9/2025 20:57,14.5,84.5,11.9,,
1219,6/9/2025 21:27,14.5,86,12.2,,
1220,6/9/2025 21:57,14.5,87,12.4,,
1221,6/9/2025 22:27,14.5,86.5,12.3,,
1222,6/9/2025 22:57,14.5,85.5,12.1,,
1223,6/9/2025 23:27,13,87,10.9,,
1224,6/9/2025 23:57,13,88,11.1,,
1225,6/10/2025 0:27,12.5,89,10.7,,
1226,6/10/2025 0:57,13.5,90.5,12,,
1227,6/10/2025 1:27,13.5,90.5,12,,
1228,6/10/2025 1:57,13.5,91,12.1,,
1229,6/10/2025 2:27,13.5,90.5,12,,
1230,6/10/2025 2:57,13.5,91.5,12.1,,
1231,6/10/2025 3:27,13.5,92,12.2,,
1232,6/10/2025 3:57,13.5,91.5,12.1,,
1233,6/10/2025 4:27,13,92,11.7,,
1234,6/10/2025 4:57,13,92,11.7,,
1235,6/10/2025 5:27,13,91.5,11.6,,
1236,6/10/2025 5:57,13,92.5,11.8,,
1237,6/10/2025 6:27,14,90,12.4,,
1238,6/10/2025 6:57,16.5,80,13,,
1239,6/10/2025 7:27,18,73,13.1,,
1240,6/10/2025 7:57,19,70.5,13.5,,
1241,6/10/2025 8:27,21,67,14.6,,
1242,6/10/2025 8:57,22,61.5,14.3,,
1243,6/10/2025 9:27,23.5,58.5,14.9,,
1244,6/10/2025 9:57,23,57.5,14.2,,
1245,6/10/2025 10:27,21.5,61.5,13.8,,
1246,6/10/2025 10:57,21.5,61.5,13.8,,
1247,6/10/2025 11:27,23,58,14.3,,
1248,6/10/2025 11:57,24,55.5,14.5,,
1249,6/10/2025 12:27,24,54.5,14.3,,
1250,6/10/2025 12:57,24,54.5,14.3,,
1251,6/10/2025 13:27,23,55.5,13.6,,
1252,6/10/2025 13:57,22.5,57.5,13.7,,
1253,6/10/2025 14:27,22.5,58,13.8,,
1254,6/10/2025 14:57,21,61.5,13.3,,
1255,6/10/2025 15:27,21.5,60.5,13.5,,
1256,6/10/2025 15:57,21,62,13.4,,
1257,6/10/2025 16:27,21,62,13.4,,
1258,6/10/2025 16:57,20.5,62.5,13.1,,
1259,6/10/2025 17:27,20.5,63,13.2,,
1260,6/10/2025 17:57,19,67,12.7,,
1261,6/10/2025 18:27,18.5,69,12.7,,
1262,6/10/2025 18:57,17.5,71.5,12.3,,
1263,6/10/2025 19:27,15.5,78.5,11.8,,
1264,6/10/2025 19:57,15,80.5,11.7,,
1265,6/10/2025 20:27,14.5,83,11.6,,
1266,6/10/2025 20:57,14,83.5,11.3,,
1267,6/10/2025 21:27,14.5,83,11.6,,
1268,6/10/2025 21:57,14.5,83.5,11.7,,
1269,6/10/2025 22:27,14,83,11.2,,
1270,6/10/2025 22:57,14,84,11.3,,
1271,6/10/2025 23:27,14,84,11.3,,
1272,6/10/2025 23:57,13,84.5,10.5,,
1273,6/11/2025 0:27,12,88,10.1,,
1274,6/11/2025 0:57,12.5,90.5,11,,
1275,6/11/2025 1:27,13,88,11.1,,
1276,6/11/2025 1:57,13,87.5,11,,
1277,6/11/2025 2:27,13,89,11.2,,
1278,6/11/2025 2:57,13.5,88,11.6,,
1279,6/11/2025 3:27,13,88,11.1,,
1280,6/11/2025 3:57,13,88,11.1,,
1281,6/11/2025 4:27,13,88.5,11.1,,
1282,6/11/2025 4:57,12,88,10.1,,
1283,6/11/2025 5:27,12,91.5,10.7,,
1284,6/11/2025 5:57,12.5,89.5,10.8,,
1285,6/11/2025 6:27,13.5,87.5,11.5,,
1286,6/11/2025 6:57,16,78,12.2,,
1287,6/11/2025 7:27,18,70.5,12.6,,
1288,6/11/2025 7:57,21,62,13.4,,
1289,6/11/2025 8:27,21,61,13.2,,
1290,6/11/2025 8:57,21,60.5,13.1,,
1291,6/11/2025 9:27,22,57,13.1,,
1292,6/11/2025 9:57,21.5,56,12.4,,
1293,6/11/2025 10:27,22,54.5,12.4,,
1294,6/11/2025 10:57,24.5,50,13.4,,
1295,6/11/2025 11:27,24,49,12.6,,
1296,6/11/2025 11:57,23.5,51,12.8,,
1297,6/11/2025 12:27,24,49.5,12.8,,
1298,6/11/2025 12:57,23,50.5,12.2,,
1299,6/11/2025 13:27,24,49.5,12.8,,
1300,6/11/2025 13:57,22.5,52,12.2,,
1301,6/11/2025 14:27,23,51,12.3,,
1302,6/11/2025 14:57,22.5,52,12.2,,
1303,6/11/2025 15:27,21.5,54.5,11.9,,
1304,6/11/2025 15:57,21,55.5,11.8,,
1305,6/11/2025 16:27,21,55.5,11.8,,
1306,6/11/2025 16:57,20,58.5,11.6,,
1307,6/11/2025 17:27,19.5,59,11.3,,
1308,6/11/2025 17:57,19.5,58,11,,
1309,6/11/2025 18:27,18.5,60,10.6,,
1310,6/11/2025 18:57,17.5,61.5,10,,
1311,6/11/2025 19:27,17.5,57,8.9,,
1312,6/11/2025 19:57,16.5,59,8.5,,
1313,6/11/2025 20:27,15,65,8.5,,
1314,6/11/2025 20:57,15,64.5,8.4,,
1315,6/11/2025 21:27,14.5,67.5,8.6,,
1316,6/11/2025 21:57,14.5,71,9.3,,
1317,6/11/2025 22:27,14,71.5,8.9,,
1318,6/11/2025 22:57,13.5,72,8.6,,
1319,6/11/2025 23:27,13.5,75.5,9.3,,
1320,6/11/2025 23:57,13,79,9.4,,
1321,6/12/2025 0:27,13,81,9.8,,
1322,6/12/2025 0:57,13,81,9.8,,
1323,6/12/2025 1:27,13,82,10,,
1324,6/12/2025 1:57,13,81.5,9.9,,
1325,6/12/2025 2:27,13,82,10,,
1326,6/12/2025 2:57,12.5,83,9.7,,
1327,6/12/2025 3:27,12,85,9.6,,
1328,6/12/2025 3:57,12.5,84.5,10,,
1329,6/12/2025 4:27,13,81.5,9.9,,
1330,6/12/2025 4:57,12.5,82.5,9.6,,
1331,6/12/2025 5:27,11.5,85,9.1,,
1332,6/12/2025 5:57,12,84.5,9.5,,
1333,6/12/2025 6:27,13,83,10.2,,
1334,6/12/2025 6:57,15.5,74.5,11,,
1335,6/12/2025 7:27,16.5,71,11.2,,
1336,6/12/2025 7:57,21,59,12.7,,
1337,6/12/2025 8:27,22.5,56,13.3,,
1338,6/12/2025 8:57,23.5,49.5,12.3,,
1339,6/12/2025 9:27,23.5,49.5,12.3,,
1340,6/12/2025 9:57,24.5,46,12.1,,
1341,6/12/2025 10:27,25,45,12.2,,
1342,6/12/2025 10:57,25,45,12.2,,
1343,6/12/2025 11:27,23.5,48.5,12,,
1344,6/12/2025 11:57,23.5,49,12.2,,
1345,6/12/2025 12:27,23,50.5,12.2,,
1346,6/12/2025 12:57,21.5,55,12.1,,
1347,6/12/2025 13:27,22,52.5,11.8,,
1348,6/12/2025 13:57,21.5,54.5,11.9,,
1349,6/12/2025 14:27,22,54.5,12.4,,
1350,6/12/2025 14:57,22,54,12.3,,
1351,6/12/2025 15:27,21.5,54,11.8,,
1352,6/12/2025 15:57,20.5,56,11.4,,
1353,6/12/2025 16:27,21.5,55,12.1,,
1354,6/12/2025 16:57,21.5,54.5,11.9,,
1355,6/12/2025 17:27,21,55.5,11.8,,
1356,6/12/2025 17:57,21,54,11.3,,
1357,6/12/2025 18:27,21.5,49.5,10.5,,
1358,6/12/2025 18:57,20.5,49,9.4,,
1359,6/12/2025 19:27,17.5,58.5,9.3,,
1360,6/12/2025 19:57,16,62.5,8.8,,
1361,6/12/2025 20:27,15.5,64.5,8.8,,
1362,6/12/2025 20:57,15,68.5,9.3,,
1363,6/12/2025 21:27,14,72,9,,
1364,6/12/2025 21:57,14,74,9.4,,
1365,6/12/2025 22:27,13.5,75,9.2,,
1366,6/12/2025 22:57,13.5,78,9.7,,
1367,6/12/2025 23:27,13.5,77.5,9.6,,
1368,6/12/2025 23:57,12.5,79,9,,
1369,6/13/2025 0:27,12.5,81,9.3,,
1370,6/13/2025 0:57,12.5,82,9.5,,
1371,6/13/2025 1:27,13,81,9.8,,
1372,6/13/2025 1:57,12.5,82.5,9.6,,
1373,6/13/2025 2:27,11.5,84,8.9,,
1374,6/13/2025 2:57,10.5,86.5,8.3,,
1375,6/13/2025 3:27,10,87.5,8,,
1376,6/13/2025 3:57,9.5,89,7.8,,
1377,6/13/2025 4:27,9.5,89.5,7.9,,
1378,6/13/2025 4:57,11.5,87,9.4,,
1379,6/13/2025 5:27,11,88,9.1,,
1380,6/13/2025 5:57,11,87.5,9,,
1381,6/13/2025 6:27,12.5,86.5,10.3,,
1382,6/13/2025 6:57,18.5,71,13.1,,
1383,6/13/2025 7:27,20,67.5,13.8,,
1384,6/13/2025 7:57,20,65,13.2,,
1385,6/13/2025 8:27,21.5,61,13.7,,
1386,6/13/2025 8:57,22,56.5,13,,
1387,6/13/2025 9:27,22.5,56,13.3,,
1388,6/13/2025 9:57,23,53.5,13.1,,
1389,6/13/2025 10:27,23.5,53.5,13.5,,
1390,6/13/2025 10:57,24,52,13.5,,
1391,6/13/2025 11:27,24.5,48.5,12.9,,
1392,6/13/2025 11:57,24.5,48,12.8,,
1393,6/13/2025 12:27,25,47,12.9,,
1394,6/13/2025 12:57,24,50,12.9,,
1395,6/13/2025 13:27,24,49.5,12.8,,
1396,6/13/2025 13:57,23.5,50.5,12.6,,
1397,6/13/2025 14:27,23,51.5,12.5,,
1398,6/13/2025 14:57,22.5,53,12.4,,
1399,6/13/2025 15:27,24,50,12.9,,
1400,6/13/2025 15:57,24,48.5,12.5,,
1401,6/13/2025 16:27,23,50.5,12.2,,
1402,6/13/2025 16:57,23.5,49,12.2,,
1403,6/13/2025 17:27,21,55.5,11.8,,
1404,6/13/2025 17:57,19.5,59.5,11.4,,
1405,6/13/2025 18:27,19,61.5,11.4,,
1406,6/13/2025 18:57,19,60.5,11.2,,
1407,6/13/2025 19:27,17.5,61.5,10,,
1408,6/13/2025 19:57,17.5,56,8.6,,
1409,6/13/2025 20:27,17,57,8.4,,
1410,6/13/2025 20:57,16.5,61,9,,
1411,6/13/2025 21:27,15.5,65,9,,
1412,6/13/2025 21:57,15.5,66,9.2,,
1413,6/13/2025 22:27,15,68,9.1,,
1414,6/13/2025 22:57,14.5,68.5,8.8,,
1415,6/13/2025 23:27,13,69.5,7.6,,
1416,6/13/2025 23:57,14.5,66,8.2,,
1417,6/14/2025 0:27,13.5,69.5,8,,
1418,6/14/2025 0:57,14,68.5,8.3,,
1419,6/14/2025 1:27,13.5,68.5,7.8,,
1420,6/14/2025 1:57,12.5,69.5,7.1,,
1421,6/14/2025 2:27,14,69.5,8.5,,
1422,6/14/2025 2:57,12.5,76.5,8.5,,
1423,6/14/2025 3:27,11.5,79.5,8.1,,
1424,6/14/2025 3:57,13,73.5,8.4,,
1425,6/14/2025 4:27,13.5,70.5,8.2,,
1426,6/14/2025 4:57,12.5,76,8.4,,
1427,6/14/2025 5:27,13,77,9.1,,
1428,6/14/2025 5:57,12,76.5,8,,
1429,6/14/2025 6:27,14,80,10.6,,
1430,6/14/2025 6:57,18,69,12.2,,
1431,6/14/2025 7:27,19.5,65.5,12.9,,
1432,6/14/2025 7:57,22,58.5,13.5,,
1433,6/14/2025 8:27,22,58.5,13.5,,
1434,6/14/2025 8:57,22,62.5,14.5,,
1435,6/14/2025 9:27,23.5,59,15,,
1436,6/14/2025 9:57,22.5,56.5,13.4,,
1437,6/14/2025 10:27,23.5,54.5,13.8,,
1438,6/14/2025 10:57,25,53,14.8,,
1439,6/14/2025 11:27,24,54,14.1,,
1440,6/14/2025 11:57,25,52.5,14.6,,
1441,6/14/2025 12:27,24,53,13.8,,
1442,6/14/2025 12:57,24.5,50.5,13.6,,
1443,6/14/2025 13:27,24,50.5,13.1,,
1444,6/14/2025 13:57,24,50.5,13.1,,
1445,6/14/2025 14:27,23.5,51.5,12.9,,
1446,6/14/2025 14:57,23,52,12.6,,
1447,6/14/2025 15:27,23,52,12.6,,
1448,6/14/2025 15:57,22.5,53,12.4,,
1449,6/14/2025 16:27,23,51.5,12.5,,
1450,6/14/2025 16:57,23.5,48,11.9,,
1451,6/14/2025 17:27,22,51,11.4,,
1452,6/14/2025 17:57,22,51,11.4,,
1453,6/14/2025 18:27,22,45.5,9.7,,
1454,6/14/2025 18:57,23,32.5,5.7,,
1455,6/14/2025 19:27,21,34.5,4.8,,
1456,6/14/2025 19:57,20,37.5,5.1,,
1457,6/14/2025 20:27,18.5,42,5.4,,
1458,6/14/2025 20:57,17.5,48,6.4,,
1459,6/14/2025 21:27,16.5,53.5,7,,
1460,6/14/2025 21:57,16,58.5,7.9,,
1461,6/14/2025 22:27,15.5,61,8,,
1462,6/14/2025 22:57,15.5,63,8.5,,
1463,6/14/2025 23:27,15,63.5,8.1,,
1464,6/14/2025 23:57,15,64,8.3,,
1465,6/15/2025 0:27,15.5,61.5,8.1,,
1466,6/15/2025 0:57,15.5,59.5,7.7,,
1467,6/15/2025 1:27,16,57,7.5,,
1468,6/15/2025 1:57,16.5,53.5,7,,
1469,6/15/2025 2:27,16,53.5,6.6,,
1470,6/15/2025 2:57,15,59,7.1,,
1471,6/15/2025 3:27,14.5,62.5,7.4,,
1472,6/15/2025 3:57,16.5,57,8,,
1473,6/15/2025 4:27,18,50,7.4,,
1474,6/15/2025 4:57,17,56,8.2,,
1475,6/15/2025 5:27,15,61.5,7.7,,
1476,6/15/2025 5:57,16,58,7.7,,
1477,6/15/2025 6:27,17,55.5,8,,
1478,6/15/2025 6:57,20,49,9,,
1479,6/15/2025 7:27,23.5,45.5,11.1,,
1480,6/15/2025 7:57,22.5,48.5,11.1,,
1481,6/15/2025 8:27,23,47.5,11.2,,
1482,6/15/2025 8:57,24.5,45,11.8,,
1483,6/15/2025 9:27,25,44,11.9,,
1484,6/15/2025 9:57,24.5,44,11.5,,
1485,6/15/2025 10:27,25,44.5,12.1,,
1486,6/15/2025 10:57,25.5,44.5,12.5,,
1487,6/15/2025 11:27,25,44.5,12.1,,
1488,6/15/2025 11:57,24.5,46,12.1,,
1489,6/15/2025 12:27,25.5,43.5,12.2,,
1490,6/15/2025 12:57,25,44.5,12.1,,
1491,6/15/2025 13:27,25,43.5,11.7,,
1492,6/15/2025 13:57,25,43,11.6,,
1493,6/15/2025 14:27,25.5,42,11.7,,
1494,6/15/2025 14:57,25.5,41,11.3,,
1495,6/15/2025 15:27,26,38.5,10.8,,
1496,6/15/2025 15:57,24.5,40.5,10.2,,
1497,6/15/2025 16:27,24.5,41.5,10.6,,
1498,6/15/2025 16:57,23,42,9.4,,
1499,6/15/2025 17:27,26,34,8.9,,
1500,6/15/2025 17:57,27.5,29.5,8.1,,
1501,6/15/2025 18:27,27,23.5,4.4,,
1502,6/15/2025 18:57,26,24,3.9,,
1503,6/15/2025 19:27,22.5,30,4.1,,
1504,6/15/2025 19:57,21.5,32.5,4.3,,
1505,6/15/2025 20:27,20.5,36,4.9,,
1506,6/15/2025 20:57,20.5,34.5,4.3,,
1507,6/15/2025 21:27,20.5,34.5,4.3,,
1508,6/15/2025 21:57,19,42,5.8,,
1509,6/15/2025 22:27,18.5,43.5,5.9,,
1510,6/15/2025 22:57,18.5,45,6.4,,
1511,6/15/2025 23:27,17.5,46,5.8,,
1512,6/15/2025 23:57,17.5,48,6.4,,
1513,6/16/2025 0:27,16.5,52.5,6.8,,
1514,6/16/2025 0:57,15,59,7.1,,
1515,6/16/2025 1:27,15.5,57.5,7.2,,
1516,6/16/2025 1:57,15,62,7.8,,
1517,6/16/2025 2:27,16,59,8,,
1518,6/16/2025 2:57,15.5,60.5,7.9,,
1519,6/16/2025 3:27,16.5,57.5,8.1,,
1520,6/16/2025 3:57,16.5,55.5,7.6,,
1521,6/16/2025 4:27,16,56,7.2,,
1522,6/16/2025 4:57,14.5,63.5,7.7,,
1523,6/16/2025 5:27,16,55.5,7.1,,
1524,6/16/2025 5:57,14,67,8,,
1525,6/16/2025 6:27,15,67.5,9,,
1526,6/16/2025 6:57,19.5,51,9.1,,
1527,6/16/2025 7:27,21.5,46,9.4,,
1528,6/16/2025 7:57,21,51,10.5,,
1529,6/16/2025 8:27,23.5,46,11.2,,
1530,6/16/2025 8:57,22.5,47,10.6,,
1531,6/16/2025 9:27,22.5,48.5,11.1,,
1532,6/16/2025 9:57,23,46,10.8,,
1533,6/16/2025 10:27,23.5,46,11.2,,
1534,6/16/2025 10:57,24.5,43.5,11.3,,
1535,6/16/2025 11:27,24,43.5,10.8,,
1536,6/16/2025 11:57,24,43,10.7,,
1537,6/16/2025 12:27,24,43,10.7,,
1538,6/16/2025 12:57,24.5,42,10.8,,
1539,6/16/2025 13:27,26,39,11,,
1540,6/16/2025 13:57,26,39,11,,
1541,6/16/2025 14:27,24.5,40.5,10.2,,
1542,6/16/2025 14:57,25.5,38.5,10.3,,
1543,6/16/2025 15:27,24.5,40.5,10.2,,
1544,6/16/2025 15:57,24,40.5,9.8,,
1545,6/16/2025 16:27,22.5,45,10,,
1546,6/16/2025 16:57,22,46.5,10,,
1547,6/16/2025 17:27,22.5,43,9.3,,
1548,6/16/2025 17:57,22.5,36.5,6.9,,
1549,6/16/2025 18:27,20,44.5,7.6,,
1550,6/16/2025 18:57,20,42.5,6.9,,
1551,6/16/2025 19:27,19,44,6.5,,
1552,6/16/2025 19:57,18.5,41.5,5.2,,
1553,6/16/2025 20:27,18,42.5,5.1,,
1554,6/16/2025 20:57,18,44.5,5.7,,
1555,6/16/2025 21:27,16,52.5,6.3,,
1556,6/16/2025 21:57,16.5,51.5,6.5,,
1557,6/16/2025 22:27,16,55,7,,
1558,6/16/2025 22:57,15.5,58.5,7.4,,
1559,6/16/2025 23:27,15,61,7.5,,
1560,6/16/2025 23:57,14.5,64,7.8,,
1561,6/17/2025 0:27,16,59.5,8.1,,
1562,6/17/2025 0:57,17.5,52,7.5,,
1563,6/17/2025 1:27,17,55.5,8,,
1564,6/17/2025 1:57,16.5,58,8.2,,
1565,6/17/2025 2:27,17.5,52.5,7.7,,
1566,6/17/2025 2:57,18,51,7.7,,
1567,6/17/2025 3:27,17,53,7.4,,
1568,6/17/2025 3:57,17.5,49,6.7,,
1569,6/17/2025 4:27,17,51,6.8,,
1570,6/17/2025 4:57,17,51,6.8,,
1571,6/17/2025 5:27,17.5,46.5,5.9,,
1572,6/17/2025 5:57,17,50.5,6.7,,
1573,6/17/2025 6:27,17.5,45.5,5.6,,
1574,6/17/2025 6:57,22,36.5,6.5,,
1575,6/17/2025 7:27,25,34,8.1,,
1576,6/17/2025 7:57,27.5,31,8.9,,
1577,6/17/2025 8:27,27.5,32,9.3,,
1578,6/17/2025 8:57,27.5,33,9.8,,
1579,6/17/2025 9:27,29,29.5,9.4,,
1580,6/17/2025 9:57,28.5,31.5,10,,
1581,6/17/2025 10:27,27.5,34,10.2,,
1582,6/17/2025 10:57,27.5,34.5,10.5,,
1583,6/17/2025 11:27,28,33.5,10.5,,
1584,6/17/2025 11:57,25.5,38.5,10.3,,
1585,6/17/2025 12:27,25.5,39,10.5,,
1586,6/17/2025 12:57,25.5,39,10.5,,
1587,6/17/2025 13:27,26.5,36.5,10.4,,
1588,6/17/2025 13:57,27,36,10.7,,
1589,6/17/2025 14:27,27,34.5,10,,
1590,6/17/2025 14:57,29,30.5,9.9,,
1591,6/17/2025 15:27,30,27.5,9.2,,
1592,6/17/2025 15:57,30,26.5,8.7,,
1593,6/17/2025 16:27,28,29,8.3,,
1594,6/17/2025 16:57,27,30.5,8.2,,
1595,6/17/2025 17:27,26,33,8.5,,
1596,6/17/2025 17:57,26.5,32,8.5,,
1597,6/17/2025 18:27,24,37,8.4,,
1598,6/17/2025 18:57,24.5,35.5,8.3,,
1599,6/17/2025 19:27,21.5,40.5,7.5,,
1600,6/17/2025 19:57,20.5,43,7.5,,
1601,6/17/2025 20:27,18,51,7.7,,
1602,6/17/2025 20:57,19.5,44.5,7.1,,
1603,6/17/2025 21:27,18,51.5,7.9,,
1604,6/17/2025 21:57,17,56,8.2,,
1605,6/17/2025 22:27,16.5,57,8,,
1606,6/17/2025 22:57,16.5,58.5,8.3,,
1607,6/17/2025 23:27,15,66.5,8.8,,
1608,6/17/2025 23:57,15.5,65.5,9.1,,
1609,6/18/2025 0:27,16.5,60.5,8.8,,
1610,6/18/2025 0:57,15.5,64.5,8.8,,
1611,6/18/2025 1:27,13.5,66.5,7.4,,
1612,6/18/2025 1:57,14,68.5,8.3,,
1613,6/18/2025 2:27,14.5,67,8.5,,
1614,6/18/2025 2:57,15,64,8.3,,
1615,6/18/2025 3:27,14,65.5,7.6,,
1616,6/18/2025 3:57,14,67,8,,
1617,6/18/2025 4:27,16,62,8.7,,
1618,6/18/2025 4:57,16,62.5,8.8,,
1619,6/18/2025 5:27,16,62,8.7,,
1620,6/18/2025 5:57,12.5,76.5,8.5,,
1621,6/18/2025 6:27,14.5,72.5,9.6,,
1622,6/18/2025 6:57,17.5,60.5,9.8,,
1623,6/18/2025 7:27,19,56.5,10.2,,
1624,6/18/2025 7:57,21,51.5,10.6,,
1625,6/18/2025 8:27,20,55,10.7,,
1626,6/18/2025 8:57,22,50.5,11.3,,
1627,6/18/2025 9:27,21.5,51,10.9,,
1628,6/18/2025 9:57,24,44.5,11.2,,
1629,6/18/2025 10:27,27,40.5,12.4,,
1630,6/18/2025 10:57,26.5,41,12.2,,
1631,6/18/2025 11:27,23.5,46.5,11.4,,
1632,6/18/2025 11:57,22,51,11.4,,
1633,6/18/2025 12:27,23,49,11.7,,
1634,6/18/2025 12:57,22.5,49.5,11.4,,
1635,6/18/2025 13:27,22.5,49.5,11.4,,
1636,6/18/2025 13:57,23,48.5,11.6,,
1637,6/18/2025 14:27,23.5,47.5,11.7,,
1638,6/18/2025 14:57,23,48.5,11.6,,
1639,6/18/2025 15:27,22,50.5,11.3,,
1640,6/18/2025 15:57,21,53,11.1,,
1641,6/18/2025 16:27,20.5,54.5,11,,
1642,6/18/2025 16:57,19.5,57.5,10.9,,
1643,6/18/2025 17:27,19,59.5,10.9,,
1644,6/18/2025 17:57,18.5,60,10.6,,
1645,6/18/2025 18:27,17.5,64,10.6,,
1646,6/18/2025 18:57,17.5,64,10.6,,
1647,6/18/2025 19:27,16,68.5,10.2,,
1648,6/18/2025 19:57,15.5,68.5,9.7,,
1649,6/18/2025 20:27,15.5,68.5,9.7,,
1650,6/18/2025 20:57,14,72.5,9.1,,
1651,6/18/2025 21:27,14,73,9.2,,
1652,6/18/2025 21:57,13.5,74,9,,
1653,6/18/2025 22:27,15,73.5,10.3,,
1654,6/18/2025 22:57,13.5,75.5,9.3,,
1655,6/18/2025 23:27,14,76,9.8,,
1656,6/18/2025 23:57,14,78.5,10.3,,
1657,6/19/2025 0:27,12,78.5,8.4,,
1658,6/19/2025 0:57,11.5,81.5,8.4,,
1659,6/19/2025 1:27,11.5,85,9.1,,
1660,6/19/2025 1:57,12,86,9.7,,
1661,6/19/2025 2:27,13,84,10.4,,
1662,6/19/2025 2:57,11.5,87,9.4,,
1663,6/19/2025 3:27,11.5,87.5,9.5,,
1664,6/19/2025 3:57,11.5,87.5,9.5,,
1665,6/19/2025 4:27,11,86.5,8.8,,
1666,6/19/2025 4:57,10,87.5,8,,
1667,6/19/2025 5:27,10,89.5,8.4,,
1668,6/19/2025 5:57,10,90,8.4,,
1669,6/19/2025 6:27,11,90.5,9.5,,
1670,6/19/2025 6:57,16.5,80,13,,
1671,6/19/2025 7:27,20,67,13.7,,
1672,6/19/2025 7:57,21.5,60.5,13.5,,
1673,6/19/2025 8:27,21.5,62.5,14,,
1674,6/19/2025 8:57,22,59.5,13.8,,
1675,6/19/2025 9:27,20.5,58,12,,
1676,6/19/2025 9:57,23,53.5,13.1,,
1677,6/19/2025 10:27,23.5,51,12.8,,
1678,6/19/2025 10:57,23.5,50.5,12.6,,
1679,6/19/2025 11:27,23,50,12,,
1680,6/19/2025 11:57,24,49,12.6,,
1681,6/19/2025 12:27,22.5,50.5,11.7,,
1682,6/19/2025 12:57,21.5,52.5,11.4,,
1683,6/19/2025 13:27,21.5,52,11.2,,
1684,6/19/2025 13:57,21.5,53,11.5,,
1685,6/19/2025 14:27,21.5,52,11.2,,
1686,6/19/2025 14:57,21.5,51.5,11.1,,
1687,6/19/2025 15:27,21,52,10.8,,
1688,6/19/2025 15:57,21.5,51,10.9,,
1689,6/19/2025 16:27,21.5,50.5,10.8,,
1690,6/19/2025 16:57,21,50.5,10.3,,
1691,6/19/2025 17:27,20.5,51.5,10.2,,
1692,6/19/2025 17:57,20,52.5,10,,
1693,6/19/2025 18:27,19,54.5,9.6,,
1694,6/19/2025 18:57,19,53.5,9.4,,
1695,6/19/2025 19:27,17.5,54.5,8.2,,
1696,6/19/2025 19:57,16,57.5,7.6,,
1697,6/19/2025 20:27,15.5,58.5,7.4,,
1698,6/19/2025 20:57,15,60.5,7.4,,
1699,6/19/2025 21:27,15.5,55.5,6.6,,
1700,6/19/2025 21:57,15,60.5,7.4,,
1701,6/19/2025 22:27,14.5,65,8,,
1702,6/19/2025 22:57,14,68.5,8.3,,
1703,6/19/2025 23:27,13.5,70,8.1,,
1704,6/19/2025 23:57,13,68,7.2,,
1705,6/20/2025 0:27,12.5,68.5,6.9,,
1706,6/20/2025 0:57,12.5,73.5,7.9,,
1707,6/20/2025 1:27,12.5,73.5,7.9,,
1708,6/20/2025 1:57,12.5,74,8,,
1709,6/20/2025 2:27,12.5,76.5,8.5,,
1710,6/20/2025 2:57,12,76,7.9,,
1711,6/20/2025 3:27,12,78.5,8.4,,
1712,6/20/2025 3:57,12,77.5,8.2,,
1713,6/20/2025 4:27,12,77.5,8.2,,
1714,6/20/2025 4:57,12,78.5,8.4,,
1715,6/20/2025 5:27,12,80,8.7,,
1716,6/20/2025 5:57,12,80,8.7,,
1717,6/20/2025 6:27,12.5,79.5,9.1,,
1718,6/20/2025 6:57,15,72.5,10.1,,
1719,6/20/2025 7:27,18,61.5,10.5,,
1720,6/20/2025 7:57,19.5,55.5,10.4,,
1721,6/20/2025 8:27,19,55.5,9.9,,
1722,6/20/2025 8:57,19.5,54.5,10.1,,
1723,6/20/2025 9:27,20.5,51.5,10.2,,
1724,6/20/2025 9:57,21.5,49.5,10.5,,
1725,6/20/2025 10:27,20.5,50.5,9.9,,
1726,6/20/2025 10:57,21,50.5,10.3,,
1727,6/20/2025 11:27,21,50.5,10.3,,
1728,6/20/2025 11:57,21.5,50.5,10.8,,
1729,6/20/2025 12:27,21,51,10.5,,
1730,6/20/2025 12:57,21,49.5,10,,
1731,6/20/2025 13:27,22,48,10.5,,
1732,6/20/2025 13:57,21.5,47.5,9.9,,
1733,6/20/2025 14:27,21,48.5,9.7,,
1734,6/20/2025 14:57,20,50.5,9.4,,
1735,6/20/2025 15:27,20,50,9.3,,
1736,6/20/2025 15:57,19.5,50.5,9,,
1737,6/20/2025 16:27,19.5,48.5,8.4,,
1738,6/20/2025 16:57,19.5,47.5,8.1,,
1739,6/20/2025 17:27,19,48,7.8,,
1740,6/20/2025 17:57,18.5,50.5,8,,
1741,6/20/2025 18:27,17.5,53,7.8,,
1742,6/20/2025 18:57,17.5,53.5,8,,
1743,6/20/2025 19:27,15,59.5,7.2,,
1744,6/20/2025 19:57,14,63,7.1,,
1745,6/20/2025 20:27,14,64,7.3,,
1746,6/20/2025 20:57,13.5,62.5,6.5,,
1747,6/20/2025 21:27,13.5,65,7.1,,
1748,6/20/2025 21:57,13.5,68,7.7,,
1749,6/20/2025 22:27,13.5,69,7.9,,
1750,6/20/2025 22:57,13,71,7.9,,
1751,6/20/2025 23:27,12.5,72,7.6,,
1752,6/20/2025 23:57,13,72.5,8.2,,
1753,6/21/2025 0:27,14,67.5,8.1,,
1754,6/21/2025 0:57,13,69.5,7.6,,
1755,6/21/2025 1:27,12.5,72.5,7.7,,
1756,6/21/2025 1:57,12.5,74.5,8.1,,
1757,6/21/2025 2:27,12,75.5,7.8,,
1758,6/21/2025 2:57,12,77.5,8.2,,
1759,6/21/2025 3:27,12,76,7.9,,
1760,6/21/2025 3:57,11.5,79.5,8.1,,
1761,6/21/2025 4:27,11.5,79,8,,
1762,6/21/2025 4:57,11.5,78.5,7.9,,
1763,6/21/2025 5:27,11.5,76,7.4,,
1764,6/21/2025 5:57,11.5,77.5,7.7,,
1765,6/21/2025 6:27,12,77,8.1,,
1766,6/21/2025 6:57,15,65,8.5,,
1767,6/21/2025 7:27,15.5,65.5,9.1,,
1768,6/21/2025 7:57,18,57.5,9.5,,
1769,6/21/2025 8:27,18.5,55.5,9.4,,
1770,6/21/2025 8:57,20,52.5,10,,
1771,6/21/2025 9:27,20,52,9.9,,
1772,6/21/2025 9:57,21.5,47.5,9.9,,
1773,6/21/2025 10:27,22,47,10.2,,
1774,6/21/2025 10:57,21.5,47,9.7,,
1775,6/21/2025 11:27,21.5,47.5,9.9,,
1776,6/21/2025 11:57,22,46.5,10,,
1777,6/21/2025 12:27,22,44,9.2,,
1778,6/21/2025 12:57,23,42.5,9.6,,
1779,6/21/2025 13:27,24.5,38,9.3,,
1780,6/21/2025 13:57,25,36,8.9,,
1781,6/21/2025 14:27,25,36.5,9.1,,
1782,6/21/2025 14:57,24,38,8.8,,
1783,6/21/2025 15:27,24,35.5,7.8,,
1784,6/21/2025 15:57,23.5,35,7.2,,
1785,6/21/2025 16:27,23.5,35.5,7.4,,
1786,6/21/2025 16:57,23,36,7.1,,
1787,6/21/2025 17:27,22,36,6.3,,
1788,6/21/2025 17:57,21,37,5.8,,
1789,6/21/2025 18:27,19.5,39.5,5.4,,
1790,6/21/2025 18:57,19,39.5,4.9,,
1791,6/21/2025 19:27,17.5,44,5.1,,
1792,6/21/2025 19:57,16,51.5,6,,
1793,6/21/2025 20:27,15.5,47,4.2,,
1794,6/21/2025 20:57,16.5,45,4.5,,
1795,6/21/2025 21:27,16.5,47.5,5.3,,
1796,6/21/2025 21:57,15,55.5,6.2,,
1797,6/21/2025 22:27,14,63.5,7.2,,
1798,6/21/2025 22:57,13,68.5,7.3,,
1799,6/21/2025 23:27,13.5,67,7.5,,
1800,6/21/2025 23:57,13.5,65.5,7.2,,
1801,6/22/2025 0:27,13.5,65.5,7.2,,
1802,6/22/2025 0:57,13.5,65.5,7.2,,
1803,6/22/2025 1:27,13,68.5,7.3,,
1804,6/22/2025 1:57,13,70,7.7,,
1805,6/22/2025 2:27,13.5,64.5,6.9,,
1806,6/22/2025 2:57,13,66,6.8,,
1807,6/22/2025 3:27,13,65.5,6.7,,
1808,6/22/2025 3:57,13,67,7,,
1809,6/22/2025 4:27,12.5,69.5,7.1,,
1810,6/22/2025 4:57,13.5,66.5,7.4,,
1811,6/22/2025 5:27,13.5,64.5,6.9,,
1812,6/22/2025 5:57,13.5,65,7.1,,
1813,6/22/2025 6:27,15,57,6.6,,
1814,6/22/2025 6:57,18,49.5,7.3,,
1815,6/22/2025 7:27,20,45,7.7,,
1816,6/22/2025 7:57,21.5,43.5,8.6,,
1817,6/22/2025 8:27,25,37.5,9.5,,
1818,6/22/2025 8:57,26,35,9.4,,
1819,6/22/2025 9:27,27.5,35,10.7,,
1820,6/22/2025 9:57,26.5,35.5,10,,
1821,6/22/2025 10:27,25,38.5,9.9,,
1822,6/22/2025 10:57,24,41.5,10.1,,
1823,6/22/2025 11:27,24.5,42,10.8,,
1824,6/22/2025 11:57,23.5,45,10.9,,
1825,6/22/2025 12:27,22,48,10.5,,
1826,6/22/2025 12:57,22,48,10.5,,
1827,6/22/2025 13:27,22.5,46,10.3,,
1828,6/22/2025 13:57,23,45.5,10.6,,
1829,6/22/2025 14:27,24,42.5,10.5,,
1830,6/22/2025 14:57,25,40,10.5,,
1831,6/22/2025 15:27,26,37,10.2,,
1832,6/22/2025 15:57,26,36,9.8,,
1833,6/22/2025 16:27,23.5,40,9.1,,
1834,6/22/2025 16:57,24,38,8.8,,
1835,6/22/2025 17:27,24,35,7.6,,
1836,6/22/2025 17:57,22.5,38,7.5,,
1837,6/22/2025 18:27,20,42.5,6.9,,
1838,6/22/2025 18:57,20,40.5,6.2,,
1839,6/22/2025 19:27,18.5,40,4.7,,
1840,6/22/2025 19:57,19,31,1.5,,
1841,6/22/2025 20:27,18,33,1.5,,
1842,6/22/2025 20:57,17,37,2.2,,
1843,6/22/2025 21:27,14.5,54.5,5.4,,
1844,6/22/2025 21:57,14,61,6.6,,
1845,6/22/2025 22:27,13.5,63,6.6,,
1846,6/22/2025 22:57,13.5,65.5,7.2,,
1847,6/22/2025 23:27,13,69,7.5,,
1848,6/22/2025 23:57,12.5,71,7.4,,
1849,6/23/2025 0:27,12,74,7.5,,
1850,6/23/2025 0:57,12.5,71.5,7.5,,
1851,6/23/2025 1:27,12,73.5,7.4,,
1852,6/23/2025 1:57,11.5,78,7.8,,
1853,6/23/2025 2:27,11,81,7.9,,
1854,6/23/2025 2:57,11,82,8,,
1855,6/23/2025 3:27,11,83.5,8.3,,
1856,6/23/2025 3:57,11,84,8.4,,
1857,6/23/2025 4:27,11,82.5,8.1,,
1858,6/23/2025 4:57,11,83.5,8.3,,
1859,6/23/2025 5:27,11,84.5,8.5,,
1860,6/23/2025 5:57,10.5,84.5,8,,
1861,6/23/2025 6:27,11.5,84,8.9,,
1862,6/23/2025 6:57,15,73.5,10.3,,
1863,6/23/2025 7:27,17.5,66,11.1,,
1864,6/23/2025 7:57,21,55.5,11.8,,
1865,6/23/2025 8:27,21,54,11.3,,
1866,6/23/2025 8:57,22.5,51,11.9,,
1867,6/23/2025 9:27,23,49.5,11.9,,
1868,6/23/2025 9:57,22.5,50,11.6,,
1869,6/23/2025 10:27,23,49,11.7,,
1870,6/23/2025 10:57,23,48,11.4,,
1871,6/23/2025 11:27,22.5,49,11.3,,
1872,6/23/2025 11:57,22.5,49.5,11.4,,
1873,6/23/2025 12:27,22.5,50,11.6,,
1874,6/23/2025 12:57,23,49,11.7,,
1875,6/23/2025 13:27,22.5,50.5,11.7,,
1876,6/23/2025 13:57,22,51.5,11.6,,
1877,6/23/2025 14:27,21,53.5,11.2,,
1878,6/23/2025 14:57,20.5,54.5,11,,
1879,6/23/2025 15:27,20,57,11.2,,
1880,6/23/2025 15:57,19.5,59,11.3,,
1881,6/23/2025 16:27,19,60.5,11.2,,
1882,6/23/2025 16:57,18.5,62,11.1,,
1883,6/23/2025 17:27,18,64,11.1,,
1884,6/23/2025 17:57,17,67.5,10.9,,
1885,6/23/2025 18:27,16,71.5,10.9,,
1886,6/23/2025 18:57,15,73.5,10.3,,
1887,6/23/2025 19:27,14,79.5,10.5,,
1888,6/23/2025 19:57,13,82,10,,
1889,6/23/2025 20:27,13.5,81.5,10.4,,
1890,6/23/2025 20:57,13,79.5,9.5,,
1891,6/23/2025 21:27,12.5,82,9.5,,
1892,6/23/2025 21:57,12.5,82,9.5,,
1893,6/23/2025 22:27,12,83,9.2,,
1894,6/23/2025 22:57,11.5,84.5,9,,
1895,6/23/2025 23:27,11.5,86,9.2,,
1896,6/23/2025 23:57,11,87,8.9,,
1897,6/24/2025 0:27,11,86,8.8,,
1898,6/24/2025 0:57,10.5,88.5,8.7,,
1899,6/24/2025 1:27,10.5,87.5,8.5,,
1900,6/24/2025 1:57,9.5,88,7.6,,
1901,6/24/2025 2:27,10,88.5,8.2,,
1902,6/24/2025 2:57,10.5,88,8.6,,
1903,6/24/2025 3:27,11,86,8.8,,
1904,6/24/2025 3:57,11.5,86.5,9.3,,
1905,6/24/2025 4:27,12,86.5,9.8,,
1906,6/24/2025 4:57,12.5,86.5,10.3,,
1907,6/24/2025 5:27,12.5,85,10,,
1908,6/24/2025 5:57,12,84,9.4,,
1909,6/24/2025 6:27,12,85.5,9.6,,
1910,6/24/2025 6:57,13,86,10.7,,
1911,6/24/2025 7:27,14,88,12,,
1912,6/24/2025 7:57,14.5,88,12.5,,
1913,6/24/2025 8:27,14.5,86.5,12.3,,
1914,6/24/2025 8:57,15,84.5,12.4,,
1915,6/24/2025 9:27,15,81,11.8,,
1916,6/24/2025 9:57,16.5,78.5,12.8,,
1917,6/24/2025 10:27,17.5,76.5,13.3,,
1918,6/24/2025 10:57,18,73,13.1,,
1919,6/24/2025 11:27,19.5,67,13.2,,
1920,6/24/2025 11:57,20.5,62.5,13.1,,
1921,6/24/2025 12:27,22.5,56,13.3,,
1922,6/24/2025 12:57,22.5,55,13,,
1923,6/24/2025 13:27,22.5,54.5,12.9,,
1924,6/24/2025 13:57,22.5,53.5,12.6,,
1925,6/24/2025 14:27,22,54,12.3,,
1926,6/24/2025 14:57,21.5,55.5,12.2,,
1927,6/24/2025 15:27,20.5,57,11.7,,
1928,6/24/2025 15:57,20,58.5,11.6,,
1929,6/24/2025 16:27,20,59,11.7,,
1930,6/24/2025 16:57,18.5,61,10.8,,
1931,6/24/2025 17:27,18,64,11.1,,
1932,6/24/2025 17:57,17.5,66.5,11.2,,
1933,6/24/2025 18:27,16.5,69.5,10.9,,
1934,6/24/2025 18:57,15.5,71,10.3,,
1935,6/24/2025 19:27,14,77,10,,
1936,6/24/2025 19:57,13,80.5,9.7,,
1937,6/24/2025 20:27,13,79.5,9.5,,
1938,6/24/2025 20:57,13,80.5,9.7,,
1939,6/24/2025 21:27,12.5,82.5,9.6,,
1940,6/24/2025 21:57,12.5,83,9.7,,
1941,6/24/2025 22:27,12.5,84,9.9,,
1942,6/24/2025 22:57,12,85,9.6,,
1943,6/24/2025 23:27,12,85,9.6,,
1944,6/24/2025 23:57,12,86,9.7,,
1945,6/25/2025 0:27,12,85.5,9.6,,
1946,6/25/2025 0:57,12,86,9.7,,
1947,6/25/2025 1:27,12.5,85.5,10.1,,
1948,6/25/2025 1:57,12.5,84.5,10,,
1949,6/25/2025 2:27,12,84,9.4,,
1950,6/25/2025 2:57,12,85.5,9.6,,
1951,6/25/2025 3:27,11.5,87,9.4,,
1952,6/25/2025 3:57,11.5,88.5,9.7,,
1953,6/25/2025 4:27,11.5,88.5,9.7,,
1954,6/25/2025 4:57,11.5,87.5,9.5,,
1955,6/25/2025 5:27,11,88.5,9.2,,
1956,6/25/2025 5:57,11,89.5,9.3,,
1957,6/25/2025 6:27,11.5,90.5,10,,
1958,6/25/2025 6:57,15,77.5,11.1,,
1959,6/25/2025 7:27,18.5,68.5,12.6,,
1960,6/25/2025 7:57,20,60,12,,
1961,6/25/2025 8:27,20,62,12.5,,
1962,6/25/2025 8:57,21,58.5,12.6,,
1963,6/25/2025 9:27,21,58,12.4,,
1964,6/25/2025 9:57,23,54.5,13.3,,
1965,6/25/2025 10:27,23.5,51,12.8,,
1966,6/25/2025 10:57,22,54,12.3,,
1967,6/25/2025 11:27,20.5,57.5,11.8,,
1968,6/25/2025 11:57,21,56.5,12,,
1969,6/25/2025 12:27,22,54,12.3,,
1970,6/25/2025 12:57,21.5,56,12.4,,
1971,6/25/2025 13:27,21,56.5,12,,
1972,6/25/2025 13:57,21,57,12.2,,
1973,6/25/2025 14:27,20.5,57.5,11.8,,
1974,6/25/2025 14:57,20,58.5,11.6,,
1975,6/25/2025 15:27,20,60,12,,
1976,6/25/2025 15:57,20,59,11.7,,
1977,6/25/2025 16:27,19.5,61.5,11.9,,
1978,6/25/2025 16:57,18.5,63.5,11.4,,
1979,6/25/2025 17:27,18.5,65,11.8,,
1980,6/25/2025 17:57,17,68.5,11.2,,
1981,6/25/2025 18:27,16.5,70.5,11.1,,
1982,6/25/2025 18:57,16.5,70.5,11.1,,
1983,6/25/2025 19:27,16,72,11,,
1984,6/25/2025 19:57,16,70.5,10.6,,
1985,6/25/2025 20:27,15.5,71.5,10.4,,
1986,6/25/2025 20:57,15,72,10,,
1987,6/25/2025 21:27,14,76,9.8,,
1988,6/25/2025 21:57,14,76,9.8,,
1989,6/25/2025 22:27,15,71.5,9.9,,
1990,6/25/2025 22:57,14,78,10.2,,
1991,6/25/2025 23:27,13.5,77.5,9.6,,
1992,6/25/2025 23:57,15,71,9.8,,
1993,6/26/2025 0:27,14.5,70.5,9.2,,
1994,6/26/2025 0:57,15.5,69.5,10,,
1995,6/26/2025 1:27,14,75.5,9.7,,
1996,6/26/2025 1:57,12.5,78,8.8,,
1997,6/26/2025 2:27,12,82,9,,
1998,6/26/2025 2:57,11.5,82,8.5,,
1999,6/26/2025 3:27,10.5,84.5,8,,
2000,6/26/2025 3:57,10.5,86,8.3,,
2001,6/26/2025 4:27,10.5,88,8.6,,
2002,6/26/2025 4:57,12.5,88,10.6,,
2003,6/26/2025 5:27,13,86.5,10.8,,
2004,6/26/2025 5:57,13.5,85.5,11.1,,
2005,6/26/2025 6:27,13.5,84,10.9,,
2006,6/26/2025 6:57,13.5,83.5,10.8,,
2007,6/26/2025 7:27,14,82,11,,
2008,6/26/2025 7:57,14.5,81.5,11.4,,
2009,6/26/2025 8:27,15.5,79.5,12,,
2010,6/26/2025 8:57,15.5,78,11.7,,
2011,6/26/2025 9:27,16,76.5,11.9,,
2012,6/26/2025 9:57,17,74.5,12.4,,
2013,6/26/2025 10:27,17,73.5,12.2,,
2014,6/26/2025 10:57,19,67,12.7,,
2015,6/26/2025 11:27,19.5,65,12.7,,
2016,6/26/2025 11:57,21,60,12.9,,
2017,6/26/2025 12:27,21,60.5,13.1,,
2018,6/26/2025 12:57,21,59,12.7,,
2019,6/26/2025 13:27,20.5,60.5,12.6,,
2020,6/26/2025 13:57,20.5,58,12,,
2021,6/26/2025 14:27,21,57.5,12.3,,
2022,6/26/2025 14:57,20.5,58.5,12.1,,
2023,6/26/2025 15:27,21,58,12.4,,
2024,6/26/2025 15:57,22,55.5,12.7,,
2025,6/26/2025 16:27,21.5,56.5,12.5,,
2026,6/26/2025 16:57,20,60.5,12.1,,
2027,6/26/2025 17:27,18,66,11.6,,
2028,6/26/2025 17:57,18.5,65,11.8,,
2029,6/26/2025 18:27,16.5,72,11.4,,
2030,6/26/2025 18:57,16.5,72,11.4,,
2031,6/26/2025 19:27,15,78,11.2,,
2032,6/26/2025 19:57,14,81.5,10.9,,
2033,6/26/2025 20:27,13.5,83,10.7,,
2034,6/26/2025 20:57,14,78.5,10.3,,
2035,6/26/2025 21:27,13.5,80.5,10.2,,
2036,6/26/2025 21:57,13,81.5,9.9,,
2037,6/26/2025 22:27,13,82,10,,
2038,6/26/2025 22:57,13,83,10.2,,
2039,6/26/2025 23:27,12.5,82.5,9.6,,
2040,6/26/2025 23:57,12.5,84,9.9,,
2041,6/27/2025 0:27,12.5,83.5,9.8,,
2042,6/27/2025 0:57,12,85.5,9.6,,
2043,6/27/2025 1:27,12,86,9.7,,
2044,6/27/2025 1:57,11.5,87,9.4,,
2045,6/27/2025 2:27,11.5,88,9.6,,
2046,6/27/2025 2:57,11.5,88,9.6,,
2047,6/27/2025 3:27,11,90,9.4,,
2048,6/27/2025 3:57,10.5,88.5,8.7,,
2049,6/27/2025 4:27,10.5,91.5,9.2,,
2050,6/27/2025 4:57,11.5,91.5,10.2,,
2051,6/27/2025 5:27,13,91,11.6,,
2052,6/27/2025 5:57,14,92,12.7,,
2053,6/27/2025 6:27,14.5,91.5,13.1,,
2054,6/27/2025 6:57,14.5,91.5,13.1,,
2055,6/27/2025 7:27,14.5,91,13,,
2056,6/27/2025 7:57,15,90.5,13.5,,
2057,6/27/2025 8:27,15,89.5,13.3,,
2058,6/27/2025 8:57,15,90,13.4,,
2059,6/27/2025 9:27,16,89.5,14.3,,
2060,6/27/2025 9:57,16,86.5,13.7,,
2061,6/27/2025 10:27,16.5,84.5,13.9,,
2062,6/27/2025 10:57,17.5,80,14,,
2063,6/27/2025 11:27,18.5,75.5,14.1,,
2064,6/27/2025 11:57,19,74,14.3,,
2065,6/27/2025 12:27,19,73,14.1,,
2066,6/27/2025 12:57,19,72,13.8,,
2067,6/27/2025 13:27,19,71,13.6,,
2068,6/27/2025 13:57,20,69,14.1,,
2069,6/27/2025 14:27,19.5,67.5,13.3,,
2070,6/27/2025 14:57,19,69,13.2,,
2071,6/27/2025 15:27,19,68.5,13.1,,
2072,6/27/2025 15:57,19,67.5,12.9,,
2073,6/27/2025 16:27,19,68.5,13.1,,
2074,6/27/2025 16:57,18.5,70.5,13,,
2075,6/27/2025 17:27,18,71,12.7,,
2076,6/27/2025 17:57,17.5,74,12.8,,
2077,6/27/2025 18:27,16.5,77.5,12.6,,
2078,6/27/2025 18:57,16,80.5,12.6,,
2079,6/27/2025 19:27,15,83.5,12.2,,
2080,6/27/2025 19:57,14.5,86.5,12.3,,
2081,6/27/2025 20:27,14,88.5,12.1,,
2082,6/27/2025 20:57,13.5,90,11.9,,
2083,6/27/2025 21:27,13,91,11.6,,
2084,6/27/2025 21:57,13,92.5,11.8,,
2085,6/27/2025 22:27,13,93,11.9,,
2086,6/27/2025 22:57,12.5,92.5,11.3,,
2087,6/27/2025 23:27,12.5,93,11.4,,
2088,6/27/2025 23:57,12,93.5,11,,
2089,6/28/2025 0:27,13.5,95,12.7,,
2090,6/28/2025 0:57,13.5,95.5,12.8,,
2091,6/28/2025 1:27,13.5,96,12.9,,
2092,6/28/2025 1:57,14,96,13.4,,
2093,6/28/2025 2:27,13.5,96.5,13,,
2094,6/28/2025 2:57,13.5,97,13,,
2095,6/28/2025 3:27,13,97,12.5,,
2096,6/28/2025 3:57,13,97,12.5,,
2097,6/28/2025 4:27,13,97.5,12.6,,
2098,6/28/2025 4:57,13,97.5,12.6,,
2099,6/28/2025 5:27,13,97.5,12.6,,
2100,6/28/2025 5:57,13,98,12.7,,
2101,6/28/2025 6:27,13,98,12.7,,
2102,6/28/2025 6:57,13,98,12.7,,
2103,6/28/2025 7:27,13.5,98.5,13.3,,
2104,6/28/2025 7:57,14,98.5,13.8,,
2105,6/28/2025 8:27,14.5,98,14.2,,
2106,6/28/2025 8:57,15,98,14.7,,
2107,6/28/2025 9:27,15,97.5,14.6,,
2108,6/28/2025 9:57,16,95.5,15.3,,
2109,6/28/2025 10:27,17,89.5,15.3,,
2110,6/28/2025 10:57,18,84,15.3,,
2111,6/28/2025 11:27,19,80,15.5,,
2112,6/28/2025 11:57,20,75,15.4,,
2113,6/28/2025 12:27,21,70.5,15.4,,
2114,6/28/2025 12:57,21.5,68.5,15.5,,
2115,6/28/2025 13:27,21.5,67.5,15.2,,
2116,6/28/2025 13:57,22,66,15.4,,
2117,6/28/2025 14:27,21,68.5,15,,
2118,6/28/2025 14:57,22,65,15.1,,
2119,6/28/2025 15:27,22.5,63.5,15.2,,
2120,6/28/2025 15:57,22.5,63,15.1,,
2121,6/28/2025 16:27,22.5,62,14.9,,
2122,6/28/2025 16:57,21,64.5,14.1,,
2123,6/28/2025 17:27,19.5,68,13.4,,
2124,6/28/2025 17:57,18,73,13.1,,
2125,6/28/2025 18:27,17,76.5,12.8,,
2126,6/28/2025 18:57,16,80.5,12.6,,
2127,6/28/2025 19:27,15.5,83.5,12.7,,
2128,6/28/2025 19:57,14.5,87,12.4,,
2129,6/28/2025 20:27,14.5,88,12.5,,
2130,6/28/2025 20:57,14,90,12.4,,
2131,6/28/2025 21:27,13.5,91.5,12.1,,
2132,6/28/2025 21:57,13.5,92.5,12.3,,
2133,6/28/2025 22:27,13.5,93,12.4,,
2134,6/28/2025 22:57,13.5,93,12.4,,
2135,6/28/2025 23:27,13,93.5,12,,
2136,6/28/2025 23:57,13,93.5,12,,
2137,6/29/2025 0:27,13,93.5,12,,
2138,6/29/2025 0:57,13.5,94,12.6,,
2139,6/29/2025 1:27,13.5,94,12.6,,
2140,6/29/2025 1:57,13,94.5,12.1,,
2141,6/29/2025 2:27,13,94.5,12.1,,
2142,6/29/2025 2:57,13,95,12.2,,
2143,6/29/2025 3:27,13,95.5,12.3,,
2144,6/29/2025 3:57,13,95.5,12.3,,
2145,6/29/2025 4:27,12.5,96,11.9,,
2146,6/29/2025 4:57,12.5,96,11.9,,
2147,6/29/2025 5:27,12.5,96.5,12,,
2148,6/29/2025 5:57,13,96.5,12.5,,
2149,6/29/2025 6:27,13,97,12.5,,
2150,6/29/2025 6:57,13,97,12.5,,
2151,6/29/2025 7:27,13.5,97,13,,
2152,6/29/2025 7:57,14,97,13.5,,
2153,6/29/2025 8:27,15,96,14.4,,
2154,6/29/2025 8:57,15,90,13.4,,
2155,6/29/2025 9:27,15.5,87,13.3,,
2156,6/29/2025 9:57,16,84,13.3,,
2157,6/29/2025 10:27,17,81.5,13.8,,
2158,6/29/2025 10:57,17.5,79,13.8,,
2159,6/29/2025 11:27,20,71,14.6,,
2160,6/29/2025 11:57,20.5,66.5,14,,
2161,6/29/2025 12:27,21.5,63,14.2,,
2162,6/29/2025 12:57,23,60,14.8,,
2163,6/29/2025 13:27,23,57.5,14.2,,
2164,6/29/2025 13:57,22.5,58.5,14,,
2165,6/29/2025 14:27,23,57,14,,
2166,6/29/2025 14:57,23,57,14,,
2167,6/29/2025 15:27,22.5,57.5,13.7,,
2168,6/29/2025 15:57,22,58,13.4,,
2169,6/29/2025 16:27,21.5,59,13.2,,
2170,6/29/2025 16:57,21,60,12.9,,
2171,6/29/2025 17:27,20.5,62.5,13.1,,
2172,6/29/2025 17:57,19.5,65,12.7,,
2173,6/29/2025 18:27,18,69,12.2,,
2174,6/29/2025 18:57,17.5,71,12.2,,
2175,6/29/2025 19:27,15.5,77,11.5,,
2176,6/29/2025 19:57,14.5,82.5,11.6,,
2177,6/29/2025 20:27,13.5,85.5,11.1,,
2178,6/29/2025 20:57,13,88.5,11.1,,
2179,6/29/2025 21:27,13,89.5,11.3,,
2180,6/29/2025 21:57,13,90.5,11.5,,
2181,6/29/2025 22:27,13,91.5,11.6,,
2182,6/29/2025 22:57,13,92,11.7,,
2183,6/29/2025 23:27,12.5,92.5,11.3,,
2184,6/29/2025 23:57,12.5,93,11.4,,
2185,6/30/2025 0:27,12,93,10.9,,
2186,6/30/2025 0:57,11,93.5,10,,
2187,6/30/2025 1:27,11,94,10.1,,
2188,6/30/2025 1:57,10.5,94,9.6,,
2189,6/30/2025 2:27,9,94.5,8.2,,
2190,6/30/2025 2:57,9.5,96,8.9,,
2191,6/30/2025 3:27,10,96.5,9.5,,
2192,6/30/2025 3:57,10,96.5,9.5,,
2193,6/30/2025 4:27,9.5,96.5,9,,
2194,6/30/2025 4:57,9.5,97,9,,
2195,6/30/2025 5:27,11,97,10.5,,
2196,6/30/2025 5:57,11.5,97,11,,
2197,6/30/2025 6:27,14,97,13.5,,
2198,6/30/2025 6:57,14.5,96.5,13.9,,
2199,6/30/2025 7:27,14.5,95.5,13.8,,
2200,6/30/2025 7:57,14.5,94.5,13.6,,
2201,6/30/2025 8:27,15,92.5,13.8,,
2202,6/30/2025 8:57,15.5,91.5,14.1,,
2203,6/30/2025 9:27,16,89,14.2,,
2204,6/30/2025 9:57,16.5,85.5,14.1,,
2205,6/30/2025 10:27,18,81.5,14.8,,
2206,6/30/2025 10:57,18.5,77.5,14.5,,
2207,6/30/2025 11:27,19.5,75,15,,
2208,6/30/2025 11:57,19,73.5,14.2,,
2209,6/30/2025 12:27,19.5,71,14.1,,
2210,6/30/2025 12:57,20,69,14.1,,
2211,6/30/2025 13:27,21.5,65,14.6,,
2212,6/30/2025 13:57,23,61,15.1,,
2213,6/30/2025 14:27,22,61.5,14.3,,
2214,6/30/2025 14:57,21.5,62,13.9,,
2215,6/30/2025 15:27,21.5,63,14.2,,
2216,6/30/2025 15:57,21,63,13.7,,
2217,6/30/2025 16:27,20.5,62,13,,
2218,6/30/2025 16:57,20.5,62.5,13.1,,
2219,6/30/2025 17:27,19.5,64.5,12.6,,
2220,6/30/2025 17:57,19,66.5,12.6,,
2221,6/30/2025 18:27,18,70.5,12.6,,
2222,6/30/2025 18:57,17.5,72,12.4,,
2223,6/30/2025 19:27,15.5,79,11.9,,
2224,6/30/2025 19:57,14.5,84,11.8,,
2225,6/30/2025 20:27,14,87,11.9,,
2226,6/30/2025 20:57,13.5,89,11.7,,
2227,6/30/2025 21:27,13.5,89.5,11.8,,
2228,6/30/2025 21:57,13.5,90,11.9,,
2229,6/30/2025 22:27,13.5,90.5,12,,
2230,6/30/2025 22:57,13.5,90,11.9,,
2231,6/30/2025 23:27,13,91,11.6,,
2232,6/30/2025 23:57,12.5,91.5,11.2,,
2233,7/1/2025 0:27,12,91,10.6,,
2234,7/1/2025 0:57,10,92,8.8,,
2235,7/1/2025 1:27,10,93,8.9,,
2236,7/1/2025 1:57,10,94.5,9.2,,
2237,7/1/2025 2:27,9.5,94,8.6,,
2238,7/1/2025 2:57,9.5,94.5,8.7,,
2239,7/1/2025 3:27,10.5,95,9.7,,
2240,7/1/2025 3:57,13.5,96.5,13,,
2241,7/1/2025 4:27,14,95,13.2,,
2242,7/1/2025 4:57,14,94,13.1,,
2243,7/1/2025 5:27,13.5,92,12.2,,
2244,7/1/2025 5:57,12.5,93,11.4,,
2245,7/1/2025 6:27,13,93.5,12,,
2246,7/1/2025 6:57,13.5,93,12.4,,
2247,7/1/2025 7:27,14.5,92.5,13.3,,
2248,7/1/2025 7:57,14.5,93,13.4,,
2249,7/1/2025 8:27,15,92.5,13.8,,
2250,7/1/2025 8:57,15,92,13.7,,
2251,7/1/2025 9:27,16,89.5,14.3,,
2252,7/1/2025 9:57,16,89,14.2,,
2253,7/1/2025 10:27,17,85,14.5,,
2254,7/1/2025 10:57,17,83.5,14.2,,
2255,7/1/2025 11:27,18,79,14.3,,
2256,7/1/2025 11:57,18.5,74,13.8,,
2257,7/1/2025 12:27,19,73,14.1,,
2258,7/1/2025 12:57,22.5,64,15.4,,
2259,7/1/2025 13:27,22,62,14.4,,
2260,7/1/2025 13:57,21,63,13.7,,
2261,7/1/2025 14:27,22,62,14.4,,
2262,7/1/2025 14:57,21.5,61.5,13.8,,
2263,7/1/2025 15:27,21.5,60.5,13.5,,
2264,7/1/2025 15:57,21,60.5,13.1,,
2265,7/1/2025 16:27,21,61.5,13.3,,
2266,7/1/2025 16:57,20,64,13,,
2267,7/1/2025 17:27,19,66,12.5,,
2268,7/1/2025 17:57,18.5,69,12.7,,
2269,7/1/2025 18:27,17.5,71,12.2,,
2270,7/1/2025 18:57,17,73.5,12.2,,
2271,7/1/2025 19:27,15,80,11.6,,
2272,7/1/2025 19:57,14.5,84,11.8,,
2273,7/1/2025 20:27,14,87,11.9,,
2274,7/1/2025 20:57,14,87.5,12,,
2275,7/1/2025 21:27,15,81,11.8,,
2276,7/1/2025 21:57,14,83.5,11.3,,
2277,7/1/2025 22:27,14.5,80,11.1,,
2278,7/1/2025 22:57,15,76,10.8,,
2279,7/1/2025 23:27,14.5,78,10.7,,
2280,7/1/2025 23:57,14.5,77,10.5,,
2281,7/2/2025 0:27,14,76.5,9.9,,
2282,7/2/2025 0:57,12,79.5,8.6,,
2283,7/2/2025 1:27,12.5,82,9.5,,
2284,7/2/2025 1:57,12,86.5,9.8,,
2285,7/2/2025 2:27,13.5,85,11,,
2286,7/2/2025 2:57,13.5,83.5,10.8,,
2287,7/2/2025 3:27,13.5,83,10.7,,
2288,7/2/2025 3:57,11.5,85,9.1,,
2289,7/2/2025 4:27,11.5,89.5,9.8,,
2290,7/2/2025 4:57,10.5,90,8.9,,
2291,7/2/2025 5:27,10.5,91.5,9.2,,
2292,7/2/2025 5:57,11.5,93.5,10.5,,
2293,7/2/2025 6:27,12.5,91.5,11.2,,
2294,7/2/2025 6:57,16,80,12.6,,
2295,7/2/2025 7:27,16.5,74,11.9,,
2296,7/2/2025 7:57,21.5,64,14.4,,
2297,7/2/2025 8:27,21,65,14.2,,
2298,7/2/2025 8:57,21.5,63.5,14.3,,
2299,7/2/2025 9:27,21,63.5,13.8,,
2300,7/2/2025 9:57,21,63,13.7,,
2301,7/2/2025 10:27,20.5,64.5,13.6,,
2302,7/2/2025 10:57,21,64,13.9,,
2303,7/2/2025 11:27,21.5,62.5,14,,
2304,7/2/2025 11:57,23,58,14.3,,
2305,7/2/2025 12:27,22.5,57.5,13.7,,
2306,7/2/2025 12:57,23,56,13.8,,
2307,7/2/2025 13:27,23,56.5,13.9,,
2308,7/2/2025 13:57,23,57,14,,
2309,7/2/2025 14:27,22.5,57.5,13.7,,
2310,7/2/2025 14:57,22,58.5,13.5,,
2311,7/2/2025 15:27,21.5,60.5,13.5,,
2312,7/2/2025 15:57,22,59.5,13.8,,
2313,7/2/2025 16:27,20.5,63.5,13.3,,
2314,7/2/2025 16:57,20,65,13.2,,
2315,7/2/2025 17:27,19.5,68,13.4,,
2316,7/2/2025 17:57,19.5,66.5,13.1,,
2317,7/2/2025 18:27,19,69,13.2,,
2318,7/2/2025 18:57,18,72.5,13,,
2319,7/2/2025 19:27,16.5,77.5,12.6,,
2320,7/2/2025 19:57,15,82.5,12,,
2321,7/2/2025 20:27,14.5,85,12,,
2322,7/2/2025 20:57,14.5,84.5,11.9,,
2323,7/2/2025 21:27,14.5,83.5,11.7,,
2324,7/2/2025 21:57,14,86,11.7,,
2325,7/2/2025 22:27,14,86,11.7,,
2326,7/2/2025 22:57,13.5,86,11.2,,
2327,7/2/2025 23:27,13.5,86,11.2,,
2328,7/2/2025 23:57,13,86.5,10.8,,
2329,7/3/2025 0:27,12.5,88,10.6,,
2330,7/3/2025 0:57,12,89.5,10.3,,
2331,7/3/2025 1:27,12.5,90,10.9,,
2332,7/3/2025 1:57,13,89.5,11.3,,
2333,7/3/2025 2:27,12.5,89.5,10.8,,
2334,7/3/2025 2:57,13.5,90,11.9,,
2335,7/3/2025 3:27,14,89,12.2,,
2336,7/3/2025 3:57,14,88.5,12.1,,
2337,7/3/2025 4:27,14,88.5,12.1,,
2338,7/3/2025 4:57,14,89.5,12.3,,
2339,7/3/2025 5:27,14,89.5,12.3,,
2340,7/3/2025 5:57,14,90,12.4,,
2341,7/3/2025 6:27,14,90,12.4,,
2342,7/3/2025 6:57,14.5,90,12.9,,
2343,7/3/2025 7:27,14.5,90,12.9,,
2344,7/3/2025 7:57,15.5,90,13.9,,
2345,7/3/2025 8:27,16,90.5,14.4,,
2346,7/3/2025 8:57,16.5,89,14.7,,
2347,7/3/2025 9:27,15.5,87.5,13.4,,
2348,7/3/2025 9:57,15.5,86.5,13.3,,
2349,7/3/2025 10:27,16,84.5,13.4,,
2350,7/3/2025 10:57,16.5,84,13.8,,
2351,7/3/2025 11:27,17,82,13.9,,
2352,7/3/2025 11:57,19,77,14.9,,
2353,7/3/2025 12:27,21,68.5,15,,
2354,7/3/2025 12:57,22,65,15.1,,
2355,7/3/2025 13:27,22,64,14.9,,
2356,7/3/2025 13:57,22,63,14.6,,
2357,7/3/2025 14:27,22.5,60.5,14.5,,
2358,7/3/2025 14:57,22.5,59.5,14.2,,
2359,7/3/2025 15:27,22,60,13.9,,
2360,7/3/2025 15:57,21,63.5,13.8,,
2361,7/3/2025 16:27,21,63.5,13.8,,
2362,7/3/2025 16:57,20.5,65,13.7,,
2363,7/3/2025 17:27,19.5,68,13.4,,
2364,7/3/2025 17:57,18.5,69.5,12.8,,
2365,7/3/2025 18:27,18.5,73,13.6,,
2366,7/3/2025 18:57,17.5,75.5,13.1,,
2367,7/3/2025 19:27,17,78.5,13.2,,
2368,7/3/2025 19:57,15.5,82.5,12.5,,
2369,7/3/2025 20:27,15,84,12.3,,
2370,7/3/2025 20:57,14.5,87,12.4,,
2371,7/3/2025 21:27,15,82.5,12,,
2372,7/3/2025 21:57,14,84.5,11.4,,
2373,7/3/2025 22:27,14,85.5,11.6,,
2374,7/3/2025 22:57,13.5,87,11.4,,
2375,7/3/2025 23:27,13,87.5,11,,
2376,7/3/2025 23:57,13,88.5,11.1,,
2377,7/4/2025 0:27,12.5,88,10.6,,
2378,7/4/2025 0:57,12.5,88,10.6,,
2379,7/4/2025 1:27,12.5,88.5,10.7,,
2380,7/4/2025 1:57,12.5,89,10.7,,
2381,7/4/2025 2:27,12,90.5,10.5,,
2382,7/4/2025 2:57,12,91,10.6,,
2383,7/4/2025 3:27,12,91.5,10.7,,
2384,7/4/2025 3:57,12,91.5,10.7,,
2385,7/4/2025 4:27,11.5,92,10.2,,
2386,7/4/2025 4:57,11.5,93,10.4,,
2387,7/4/2025 5:27,10.5,92.5,9.3,,
2388,7/4/2025 5:57,11.5,94,10.6,,
2389,7/4/2025 6:27,11.5,93.5,10.5,,
2390,7/4/2025 6:57,16,84.5,13.4,,
2391,7/4/2025 7:27,18.5,73.5,13.7,,
2392,7/4/2025 7:57,15.5,83.5,12.7,,
2393,7/4/2025 8:27,15.5,87,13.3,,
2394,7/4/2025 8:57,16,87,13.8,,
2395,7/4/2025 9:27,17.5,81.5,14.3,,
2396,7/4/2025 9:57,18.5,76.5,14.3,,
2397,7/4/2025 10:27,19,74.5,14.4,,
2398,7/4/2025 10:57,20,71,14.6,,
2399,7/4/2025 11:27,21.5,66,14.9,,
2400,7/4/2025 11:57,22.5,62,14.9,,
2401,7/4/2025 12:27,22,62.5,14.5,,
2402,7/4/2025 12:57,21.5,61.5,13.8,,
2403,7/4/2025 13:27,22,60,13.9,,
2404,7/4/2025 13:57,22.5,58,13.8,,
2405,7/4/2025 14:27,22.5,57,13.6,,
2406,7/4/2025 14:57,22.5,57,13.6,,
2407,7/4/2025 15:27,22.5,57.5,13.7,,
2408,7/4/2025 15:57,22.5,56,13.3,,
2409,7/4/2025 16:27,22.5,54.5,12.9,,
2410,7/4/2025 16:57,22.5,52,12.2,,
2411,7/4/2025 17:27,23,51,12.3,,
2412,7/4/2025 17:57,24,46,11.7,,
2413,7/4/2025 18:27,25.5,36.5,9.5,,
2414,7/4/2025 18:57,24.5,37.5,9.1,,
2415,7/4/2025 19:27,23,39.5,8.5,,
2416,7/4/2025 19:57,22.5,40.5,8.4,,
2417,7/4/2025 20:27,21,44,8.3,,
2418,7/4/2025 20:57,21,42.5,7.8,,
2419,7/4/2025 21:27,20.5,44.5,8,,
2420,7/4/2025 21:57,18.5,51.5,8.3,,
2421,7/4/2025 22:27,17.5,57,8.9,,
2422,7/4/2025 22:57,17,57,8.4,,
2423,7/4/2025 23:27,17,57.5,8.6,,
2424,7/4/2025 23:57,16.5,58.5,8.3,,
2425,7/5/2025 0:27,16,62,8.7,,
2426,7/5/2025 0:57,15.5,64.5,8.8,,
2427,7/5/2025 1:27,14.5,67.5,8.6,,
2428,7/5/2025 1:57,14.5,69,8.9,,
2429,7/5/2025 2:27,14.5,71,9.3,,
2430,7/5/2025 2:57,14.5,71,9.3,,
2431,7/5/2025 3:27,14.5,71.5,9.4,,
2432,7/5/2025 3:57,14.5,71.5,9.4,,
2433,7/5/2025 4:27,14.5,72,9.5,,
2434,7/5/2025 4:57,14,73,9.2,,
2435,7/5/2025 5:27,14,73,9.2,,
2436,7/5/2025 5:57,14,74.5,9.5,,
2437,7/5/2025 6:27,14,74,9.4,,
2438,7/5/2025 6:57,17,68.5,11.2,,
2439,7/5/2025 7:27,18,66.5,11.7,,
2440,7/5/2025 7:57,19.5,62.5,12.2,,
2441,7/5/2025 8:27,21,59.5,12.8,,
2442,7/5/2025 8:57,23,56,13.8,,
2443,7/5/2025 9:27,23,54.5,13.3,,
2444,7/5/2025 9:57,23,53,12.9,,
2445,7/5/2025 10:27,23.5,53.5,13.5,,
2446,7/5/2025 10:57,23,53.5,13.1,,
2447,7/5/2025 11:27,23.5,51.5,12.9,,
2448,7/5/2025 11:57,23.5,52,13.1,,
2449,7/5/2025 12:27,23,53.5,13.1,,
2450,7/5/2025 12:57,23.5,52,13.1,,
2451,7/5/2025 13:27,23,52.5,12.8,,
2452,7/5/2025 13:57,23,52,12.6,,
2453,7/5/2025 14:27,23,52.5,12.8,,
2454,7/5/2025 14:57,22,54.5,12.4,,
2455,7/5/2025 15:27,21.5,55,12.1,,
2456,7/5/2025 15:57,20.5,59,12.2,,
2457,7/5/2025 16:27,20,59.5,11.9,,
2458,7/5/2025 16:57,20,59.5,11.9,,
2459,7/5/2025 17:27,19.5,61.5,11.9,,
2460,7/5/2025 17:57,18.5,65.5,11.9,,
2461,7/5/2025 18:27,17.5,67.5,11.4,,
2462,7/5/2025 18:57,17.5,66,11.1,,
2463,7/5/2025 19:27,17,66.5,10.7,,
2464,7/5/2025 19:57,16,70,10.5,,
2465,7/5/2025 20:27,15,72,10,,
2466,7/5/2025 20:57,15,73,10.2,,
2467,7/5/2025 21:27,14.5,75,10.1,,
2468,7/5/2025 21:57,14.5,77,10.5,,
2469,7/5/2025 22:27,14,78,10.2,,
2470,7/5/2025 22:57,13.5,80,10.1,,
2471,7/5/2025 23:27,13.5,80,10.1,,
2472,7/5/2025 23:57,13,81,9.8,,
2473,7/6/2025 0:27,13.5,79.5,10,,
2474,7/6/2025 0:57,13,82.5,10.1,,
2475,7/6/2025 1:27,13,83.5,10.3,,
2476,7/6/2025 1:57,13,85,10.5,,
2477,7/6/2025 2:27,13,84.5,10.5,,
2478,7/6/2025 2:57,13,85.5,10.6,,
2479,7/6/2025 3:27,12.5,86,10.2,,
2480,7/6/2025 3:57,12.5,85.5,10.1,,
2481,7/6/2025 4:27,13,84,10.4,,
2482,7/6/2025 4:57,13,84.5,10.5,,
2483,7/6/2025 5:27,12.5,85.5,10.1,,
2484,7/6/2025 5:57,12.5,85,10,,
2485,7/6/2025 6:27,11.5,87,9.4,,
2486,7/6/2025 6:57,16.5,77.5,12.6,,
2487,7/6/2025 7:27,20.5,64,13.5,,
2488,7/6/2025 7:57,21.5,60.5,13.5,,
2489,7/6/2025 8:27,21,61,13.2,,
2490,7/6/2025 8:57,21.5,59,13.2,,
2491,7/6/2025 9:27,22,57.5,13.2,,
2492,7/6/2025 9:57,23.5,53,13.4,,
2493,7/6/2025 10:27,24,52.5,13.7,,
2494,7/6/2025 10:57,24,51.5,13.4,,
2495,7/6/2025 11:27,23,53,12.9,,
2496,7/6/2025 11:57,23,53,12.9,,
2497,7/6/2025 12:27,22,54.5,12.4,,
2498,7/6/2025 12:57,23,52.5,12.8,,
2499,7/6/2025 13:27,23,52.5,12.8,,
2500,7/6/2025 13:57,21.5,55.5,12.2,,
2501,7/6/2025 14:27,22.5,54,12.7,,
2502,7/6/2025 14:57,21.5,56,12.4,,
2503,7/6/2025 15:27,21.5,57.5,12.8,,
2504,7/6/2025 15:57,21,58.5,12.6,,
2505,7/6/2025 16:27,20,60.5,12.1,,
2506,7/6/2025 16:57,20,62,12.5,,
2507,7/6/2025 17:27,19,63.5,11.9,,
2508,7/6/2025 17:57,18.5,64.5,11.7,,
2509,7/6/2025 18:27,17.5,68,11.5,,
2510,7/6/2025 18:57,18,67.5,11.9,,
2511,7/6/2025 19:27,16.5,70,11,,
2512,7/6/2025 19:57,16,69.5,10.4,,
2513,7/6/2025 20:27,15,72,10,,
2514,7/6/2025 20:57,13.5,77.5,9.6,,
2515,7/6/2025 21:27,13.5,79.5,10,,
2516,7/6/2025 21:57,14,78.5,10.3,,
2517,7/6/2025 22:27,13.5,79.5,10,,
2518,7/6/2025 22:57,13,81.5,9.9,,
2519,7/6/2025 23:27,13,82,10,,
2520,7/6/2025 23:57,12.5,84,9.9,,
2521,7/7/2025 0:27,12,85.5,9.6,,
2522,7/7/2025 0:57,12.5,85,10,,
2523,7/7/2025 1:27,10.5,85.5,8.2,,
2524,7/7/2025 1:57,12,88.5,10.2,,
2525,7/7/2025 2:27,12,86.5,9.8,,
2526,7/7/2025 2:57,11.5,88.5,9.7,,
2527,7/7/2025 3:27,12,88.5,10.2,,
2528,7/7/2025 3:57,11.5,89,9.8,,
2529,7/7/2025 4:27,12,90,10.4,,
2530,7/7/2025 4:57,12,90.5,10.5,,
2531,7/7/2025 5:27,11,90,9.4,,
2532,7/7/2025 5:57,11.5,92,10.2,,
2533,7/7/2025 6:27,12,92.5,10.8,,
2534,7/7/2025 6:57,13,91,11.6,,
2535,7/7/2025 7:27,14,88,12,,
2536,7/7/2025 7:57,14.5,85.5,12.1,,
2537,7/7/2025 8:27,15,83,12.1,,
2538,7/7/2025 8:57,16,79.5,12.5,,
2539,7/7/2025 9:27,17,76.5,12.8,,
2540,7/7/2025 9:57,18,72,12.9,,
2541,7/7/2025 10:27,18,71,12.7,,
2542,7/7/2025 10:57,18.5,70,12.9,,
2543,7/7/2025 11:27,21.5,61.5,13.8,,
2544,7/7/2025 11:57,21,62,13.4,,
2545,7/7/2025 12:27,21,62,13.4,,
2546,7/7/2025 12:57,21.5,60.5,13.5,,
2547,7/7/2025 13:27,22.5,57,13.6,,
2548,7/7/2025 13:57,23,54,13.2,,
2549,7/7/2025 14:27,22.5,54,12.7,,
2550,7/7/2025 14:57,22.5,54,12.7,,
2551,7/7/2025 15:27,21.5,56,12.4,,
2552,7/7/2025 15:57,21,59,12.7,,
2553,7/7/2025 16:27,20.5,59,12.2,,
2554,7/7/2025 16:57,20,60.5,12.1,,
2555,7/7/2025 17:27,20,60,12,,
2556,7/7/2025 17:57,19.5,62,12,,
2557,7/7/2025 18:27,18.5,67,12.3,,
2558,7/7/2025 18:57,17.5,69,11.8,,
2559,7/7/2025 19:27,16,74.5,11.5,,
2560,7/7/2025 19:57,15,79,11.4,,
2561,7/7/2025 20:27,14.5,81,11.3,,
2562,7/7/2025 20:57,14.5,82,11.5,,
2563,7/7/2025 21:27,14.5,81,11.3,,
2564,7/7/2025 21:57,14.5,80.5,11.2,,
2565,7/7/2025 22:27,14,82,11,,
2566,7/7/2025 22:57,13.5,82.5,10.6,,
2567,7/7/2025 23:27,13,84,10.4,,
2568,7/7/2025 23:57,12.5,85.5,10.1,,
2569,7/8/2025 0:27,12.5,86,10.2,,
2570,7/8/2025 0:57,12.5,84.5,10,,
2571,7/8/2025 1:27,13,86.5,10.8,,
2572,7/8/2025 1:57,13,86.5,10.8,,
2573,7/8/2025 2:27,13,86.5,10.8,,
2574,7/8/2025 2:57,13,86.5,10.8,,
2575,7/8/2025 3:27,12.5,87.5,10.5,,
2576,7/8/2025 3:57,12.5,87.5,10.5,,
2577,7/8/2025 4:27,12.5,88,10.6,,
2578,7/8/2025 4:57,12.5,88,10.6,,
2579,7/8/2025 5:27,11.5,87.5,9.5,,
2580,7/8/2025 5:57,10,89.5,8.4,,
2581,7/8/2025 6:27,10.5,90.5,9,,
2582,7/8/2025 6:57,16.5,81.5,13.3,,
2583,7/8/2025 7:27,20,69.5,14.3,,
2584,7/8/2025 7:57,20.5,66,13.9,,
2585,7/8/2025 8:27,20.5,66,13.9,,
2586,7/8/2025 8:57,21.5,62.5,14,,
2587,7/8/2025 9:27,23,55.5,13.6,,
2588,7/8/2025 9:57,24,53.5,14,,
2589,7/8/2025 10:27,24.5,51,13.7,,
2590,7/8/2025 10:57,24.5,50.5,13.6,,
2591,7/8/2025 11:27,24,52,13.5,,
2592,7/8/2025 11:57,24,51,13.2,,
2593,7/8/2025 12:27,24,51.5,13.4,,
2594,7/8/2025 12:57,22.5,53.5,12.6,,
2595,7/8/2025 13:27,22.5,55.5,13.2,,
2596,7/8/2025 13:57,22.5,55,13,,
2597,7/8/2025 14:27,23,54.5,13.3,,
2598,7/8/2025 14:57,22,57.5,13.2,,
2599,7/8/2025 15:27,22,56,12.8,,
2600,7/8/2025 15:57,22,56.5,13,,
2601,7/8/2025 16:27,21.5,58,12.9,,
2602,7/8/2025 16:57,20.5,61.5,12.8,,
2603,7/8/2025 17:27,20.5,61.5,12.8,,
