Pt Conception,Time,Celsius(°C),Humidity(%rh),Dew Point(°C),Comments,Serial Number
1,3/31/2025 9:00,20.5,65,13.7,,65057165
2,3/31/2025 9:30,20.5,64.5,13.6,,
3,3/31/2025 10:00,20,64.5,13.1,,
4,3/31/2025 10:30,20.5,64.5,13.6,,
5,3/31/2025 11:00,20.5,64.5,13.6,,
6,3/31/2025 11:30,20.5,64.5,13.6,,
7,3/31/2025 12:00,21,64,13.9,,
8,3/31/2025 12:30,21,64,13.9,,
9,3/31/2025 13:00,21,64,13.9,,
10,3/31/2025 13:30,21,64,13.9,,
11,3/31/2025 14:00,21.5,63.5,14.3,,
12,3/31/2025 14:30,21.5,64,14.4,,
13,3/31/2025 15:00,21.5,63.5,14.3,,
14,3/31/2025 15:30,22,63.5,14.8,,
15,3/31/2025 16:00,22,63.5,14.8,,
16,3/31/2025 16:30,22,63.5,14.8,,
17,3/31/2025 17:00,22,63,14.6,,
18,3/31/2025 17:30,22.5,63,15.1,,
19,3/31/2025 18:00,22,63,14.6,,
20,3/31/2025 18:30,22,63,14.6,,
21,3/31/2025 19:00,22,63,14.6,,
22,3/31/2025 19:30,21.5,63,14.2,,
23,3/31/2025 20:00,21.5,63,14.2,,
24,3/31/2025 20:30,21,63,13.7,,
25,3/31/2025 21:00,21,63.5,13.8,,
26,3/31/2025 21:30,20.5,63.5,13.3,,
27,3/31/2025 22:00,20.5,63.5,13.3,,
28,3/31/2025 22:30,20.5,63.5,13.3,,
29,3/31/2025 23:00,20.5,63.5,13.3,,
30,3/31/2025 23:30,20,63.5,12.9,,
31,4/1/2025 0:00,20,63.5,12.9,,
32,4/1/2025 0:30,20,63.5,12.9,,
33,4/1/2025 1:00,20,63.5,12.9,,
34,4/1/2025 1:30,20,63,12.7,,
35,4/1/2025 2:00,20,63,12.7,,
36,4/1/2025 2:30,20,63,12.7,,
37,4/1/2025 3:00,20,63.5,12.9,,
38,4/1/2025 3:30,19.5,63.5,12.4,,
39,4/1/2025 4:00,19.5,63,12.3,,
40,4/1/2025 4:30,19.5,62.5,12.2,,
41,4/1/2025 5:00,19.5,62.5,12.2,,
42,4/1/2025 5:30,19.5,62.5,12.2,,
43,4/1/2025 6:00,19.5,62.5,12.2,,
44,4/1/2025 6:30,20,62.5,12.6,,
45,4/1/2025 7:00,20,62,12.5,,
46,4/1/2025 7:30,20,62.5,12.6,,
47,4/1/2025 8:00,20,62.5,12.6,,
48,4/1/2025 8:30,19.5,62.5,12.2,,
49,4/1/2025 9:00,19.5,62,12,,
50,4/1/2025 9:30,20,61.5,12.4,,
51,4/1/2025 10:00,20,61.5,12.4,,
52,4/1/2025 10:30,20,61.5,12.4,,
53,4/1/2025 11:00,20,61,12.3,,
54,4/1/2025 11:30,20,61,12.3,,
55,4/1/2025 12:00,20.5,61,12.7,,
56,4/1/2025 12:30,20.5,61,12.7,,
57,4/1/2025 13:00,20.5,61,12.7,,
58,4/1/2025 13:30,21,60.5,13.1,,
59,4/1/2025 14:00,21,60.5,13.1,,
60,4/1/2025 14:30,21.5,60,13.4,,
61,4/1/2025 15:00,21.5,60,13.4,,
62,4/1/2025 15:30,17,61,9.4,,
63,4/1/2025 16:00,15,68,9.1,,
64,4/1/2025 16:30,14,74.5,9.5,,
65,4/1/2025 17:00,14,77,10,,
66,4/1/2025 17:30,13,80,9.6,,
67,4/1/2025 18:00,13,77.5,9.2,,
68,4/1/2025 18:30,12.5,73.5,7.9,,
69,4/1/2025 19:00,12,78.5,8.4,,
70,4/1/2025 19:30,11.5,78.5,7.9,,
71,4/1/2025 20:00,11.5,80.5,8.3,,
72,4/1/2025 20:30,11,80.5,7.8,,
73,4/1/2025 21:00,10.5,85,8.1,,
74,4/1/2025 21:30,10.5,83,7.7,,
75,4/1/2025 22:00,11,81,7.9,,
76,4/1/2025 22:30,11,82,8,,
77,4/1/2025 23:00,11,82,8,,
78,4/1/2025 23:30,10.5,78.5,6.9,,
79,4/2/2025 0:00,10,79.5,6.6,,
80,4/2/2025 0:30,10,83,7.3,,
81,4/2/2025 1:00,10,85.5,7.7,,
82,4/2/2025 1:30,9.5,87.5,7.5,,
83,4/2/2025 2:00,9.5,86,7.3,,
84,4/2/2025 2:30,9.5,87,7.4,,
85,4/2/2025 3:00,10,82.5,7.2,,
86,4/2/2025 3:30,9.5,83,6.8,,
87,4/2/2025 4:00,9.5,83,6.8,,
88,4/2/2025 4:30,10,85,7.6,,
89,4/2/2025 5:00,10,81.5,7,,
90,4/2/2025 5:30,10,82.5,7.2,,
91,4/2/2025 6:00,10,84.5,7.5,,
92,4/2/2025 6:30,10,80,6.7,,
93,4/2/2025 7:00,9.5,85,7.1,,
94,4/2/2025 7:30,10,85.5,7.7,,
95,4/2/2025 8:00,10,83.5,7.3,,
96,4/2/2025 8:30,10.5,82.5,7.7,,
97,4/2/2025 9:00,12,75.5,7.8,,
98,4/2/2025 9:30,13,74,8.5,,
99,4/2/2025 10:00,13.5,71,8.4,,
100,4/2/2025 10:30,14.5,70,9.1,,
101,4/2/2025 11:00,15,60,7.3,,
102,4/2/2025 11:30,15.5,56,6.8,,
103,4/2/2025 12:00,15.5,60,7.8,,
104,4/2/2025 12:30,16,59,8,,
105,4/2/2025 13:00,16,60.5,8.4,,
106,4/2/2025 13:30,16,61,8.5,,
107,4/2/2025 14:00,16,60.5,8.4,,
108,4/2/2025 14:30,16,60.5,8.4,,
109,4/2/2025 15:00,16,57.5,7.6,,
110,4/2/2025 15:30,16,58,7.7,,
111,4/2/2025 16:00,15.5,59,7.5,,
112,4/2/2025 16:30,14.5,61.5,7.2,,
113,4/2/2025 17:00,14.5,63.5,7.7,,
114,4/2/2025 17:30,13.5,67,7.5,,
115,4/2/2025 18:00,14,66,7.8,,
116,4/2/2025 18:30,13,68.5,7.3,,
117,4/2/2025 19:00,12,72,7.1,,
118,4/2/2025 19:30,11,75.5,6.8,,
119,4/2/2025 20:00,11,76.5,7,,
120,4/2/2025 20:30,10.5,78,6.8,,
121,4/2/2025 21:00,10.5,75,6.3,,
122,4/2/2025 21:30,10.5,78,6.8,,
123,4/2/2025 22:00,10.5,78.5,6.9,,
124,4/2/2025 22:30,10,76.5,6.1,,
125,4/2/2025 23:00,10,78,6.3,,
126,4/2/2025 23:30,10,78,6.3,,
127,4/3/2025 0:00,10,78.5,6.4,,
128,4/3/2025 0:30,10,78,6.3,,
129,4/3/2025 1:00,10.5,79.5,7.1,,
130,4/3/2025 1:30,10,80,6.7,,
131,4/3/2025 2:00,10,79.5,6.6,,
132,4/3/2025 2:30,10,79.5,6.6,,
133,4/3/2025 3:00,10,82,7.1,,
134,4/3/2025 3:30,10,81,6.9,,
135,4/3/2025 4:00,9.5,83,6.8,,
136,4/3/2025 4:30,9.5,83.5,6.8,,
137,4/3/2025 5:00,9,84.5,6.5,,
138,4/3/2025 5:30,9,83.5,6.4,,
139,4/3/2025 6:00,9,82.5,6.2,,
140,4/3/2025 6:30,9,83.5,6.4,,
141,4/3/2025 7:00,8.5,82,5.6,,
142,4/3/2025 7:30,8.5,80.5,5.3,,
143,4/3/2025 8:00,10.5,72,5.7,,
144,4/3/2025 8:30,11.5,65.5,5.3,,
145,4/3/2025 9:00,13,64.5,6.5,,
146,4/3/2025 9:30,14.5,57.5,6.2,,
147,4/3/2025 10:00,15,58,6.8,,
148,4/3/2025 10:30,15.5,61,8,,
149,4/3/2025 11:00,15.5,62,8.3,,
150,4/3/2025 11:30,15.5,57.5,7.2,,
151,4/3/2025 12:00,15.5,58.5,7.4,,
152,4/3/2025 12:30,15.5,60,7.8,,
153,4/3/2025 13:00,15.5,59,7.5,,
154,4/3/2025 13:30,16,58,7.7,,
155,4/3/2025 14:00,16.5,59,8.5,,
156,4/3/2025 14:30,16.5,60,8.7,,
157,4/3/2025 15:00,16.5,60.5,8.8,,
158,4/3/2025 15:30,16.5,59.5,8.6,,
159,4/3/2025 16:00,16.5,58,8.2,,
160,4/3/2025 16:30,15.5,62.5,8.4,,
161,4/3/2025 17:00,16,61,8.5,,
162,4/3/2025 17:30,15.5,59.5,7.7,,
163,4/3/2025 18:00,15,63,8,,
164,4/3/2025 18:30,14,66,7.8,,
165,4/3/2025 19:00,13,69,7.5,,
166,4/3/2025 19:30,12,70,6.7,,
167,4/3/2025 20:00,11,70.5,5.9,,
168,4/3/2025 20:30,10.5,78,6.8,,
169,4/3/2025 21:00,10.5,76.5,6.6,,
170,4/3/2025 21:30,10.5,77.5,6.7,,
171,4/3/2025 22:00,10.5,75,6.3,,
172,4/3/2025 22:30,11,72,6.2,,
173,4/3/2025 23:00,11,71,6,,
174,4/3/2025 23:30,11.5,71,6.4,,
175,4/4/2025 0:00,11,75,6.7,,
176,4/4/2025 0:30,10.5,81.5,7.5,,
177,4/4/2025 1:00,10.5,84.5,8,,
178,4/4/2025 1:30,10.5,83.5,7.8,,
179,4/4/2025 2:00,10.5,85,8.1,,
180,4/4/2025 2:30,10,86.5,7.9,,
181,4/4/2025 3:00,9.5,82,6.6,,
182,4/4/2025 3:30,9.5,79.5,6.1,,
183,4/4/2025 4:00,9.5,77.5,5.8,,
184,4/4/2025 4:30,9.5,76,5.5,,
185,4/4/2025 5:00,9.5,73.5,5,,
186,4/4/2025 5:30,8,77,4.2,,
187,4/4/2025 6:00,9.5,70.5,4.4,,
188,4/4/2025 6:30,10.5,67.5,4.7,,
189,4/4/2025 7:00,10.5,68,4.9,,
190,4/4/2025 7:30,10.5,69,5.1,,
191,4/4/2025 8:00,12,64,5.4,,
192,4/4/2025 8:30,14,58.5,6,,
193,4/4/2025 9:00,16,54.5,6.8,,
194,4/4/2025 9:30,16.5,51,6.3,,
195,4/4/2025 10:00,17,48.5,6.1,,
196,4/4/2025 10:30,19,44.5,6.6,,
197,4/4/2025 11:00,20.5,40.5,6.6,,
198,4/4/2025 11:30,23,33.5,6.1,,
199,4/4/2025 12:00,21,47.5,9.4,,
200,4/4/2025 12:30,19.5,50,8.8,,
201,4/4/2025 13:00,18.5,52,8.5,,
202,4/4/2025 13:30,18,53,8.3,,
203,4/4/2025 14:00,18,53.5,8.4,,
204,4/4/2025 14:30,18.5,53,8.7,,
205,4/4/2025 15:00,18,53.5,8.4,,
206,4/4/2025 15:30,19,51,8.6,,
207,4/4/2025 16:00,18,51.5,7.9,,
208,4/4/2025 16:30,18.5,49.5,7.7,,
209,4/4/2025 17:00,17,53,7.4,,
210,4/4/2025 17:30,17.5,51.5,7.4,,
211,4/4/2025 18:00,17,54,7.6,,
212,4/4/2025 18:30,16.5,52.5,6.8,,
213,4/4/2025 19:00,14.5,61.5,7.2,,
214,4/4/2025 19:30,14.5,55,5.6,,
215,4/4/2025 20:00,14,56,5.4,,
216,4/4/2025 20:30,13.5,62,6.4,,
217,4/4/2025 21:00,13,58,4.9,,
218,4/4/2025 21:30,14,54,4.9,,
219,4/4/2025 22:00,13,60.5,5.5,,
220,4/4/2025 22:30,12.5,64.5,6,,
221,4/4/2025 23:00,12.5,60,5,,
222,4/4/2025 23:30,12.5,59.5,4.8,,
223,4/5/2025 0:00,11.5,63,4.7,,
224,4/5/2025 0:30,12,68.5,6.4,,
225,4/5/2025 1:00,12.5,65,6.1,,
226,4/5/2025 1:30,13.5,60,5.9,,
227,4/5/2025 2:00,12.5,62.5,5.5,,
228,4/5/2025 2:30,11.5,64.5,5,,
229,4/5/2025 3:00,13,57,4.7,,
230,4/5/2025 3:30,12.5,58.5,4.6,,
231,4/5/2025 4:00,13,53,3.7,,
232,4/5/2025 4:30,13.5,52,3.8,,
233,4/5/2025 5:00,14,47.5,3,,
234,4/5/2025 5:30,14,48.5,3.3,,
235,4/5/2025 6:00,14.5,46.5,3.2,,
236,4/5/2025 6:30,15,44,2.9,,
237,4/5/2025 7:00,15,43,2.5,,
238,4/5/2025 7:30,15,43,2.5,,
239,4/5/2025 8:00,16.5,41.5,3.4,,
240,4/5/2025 8:30,18,37.5,3.3,,
241,4/5/2025 9:00,19.5,42.5,6.4,,
242,4/5/2025 9:30,22.5,34.5,6.1,,
243,4/5/2025 10:00,19.5,44,6.9,,
244,4/5/2025 10:30,18.5,51.5,8.3,,
245,4/5/2025 11:00,20,42.5,6.9,,
246,4/5/2025 11:30,22.5,36,6.7,,
247,4/5/2025 12:00,21,38.5,6.3,,
248,4/5/2025 12:30,26,24.5,4.2,,
249,4/5/2025 13:00,25.5,25,4,,
250,4/5/2025 13:30,23,38.5,8.1,,
251,4/5/2025 14:00,22,44,9.2,,
252,4/5/2025 14:30,22,41.5,8.3,,
253,4/5/2025 15:00,22.5,40.5,8.4,,
254,4/5/2025 15:30,20.5,50,9.7,,
255,4/5/2025 16:00,19.5,55.5,10.4,,
256,4/5/2025 16:30,19,56.5,10.2,,
257,4/5/2025 17:00,19,56,10,,
258,4/5/2025 17:30,18.5,53.5,8.9,,
259,4/5/2025 18:00,17.5,55,8.4,,
260,4/5/2025 18:30,17,52.5,7.2,,
261,4/5/2025 19:00,16.5,53.5,7,,
262,4/5/2025 19:30,15.5,56,6.8,,
263,4/5/2025 20:00,15,53,5.5,,
264,4/5/2025 20:30,15.5,43,3,,
265,4/5/2025 21:00,15.5,42.5,2.8,,
266,4/5/2025 21:30,15.5,39,1.6,,
267,4/5/2025 22:00,15,40.5,1.7,,
268,4/5/2025 22:30,14.5,41.5,1.6,,
269,4/5/2025 23:00,15.5,41.5,2.5,,
270,4/5/2025 23:30,14.5,45.5,2.9,,
271,4/6/2025 0:00,13,53.5,3.8,,
272,4/6/2025 0:30,14.5,47.5,3.5,,
273,4/6/2025 1:00,15,47,3.8,,
274,4/6/2025 1:30,15,45.5,3.3,,
275,4/6/2025 2:00,14.5,48,3.6,,
276,4/6/2025 2:30,13.5,51.5,3.7,,
277,4/6/2025 3:00,13,56,4.4,,
278,4/6/2025 3:30,14.5,50,4.2,,
279,4/6/2025 4:00,13,64,6.4,,
280,4/6/2025 4:30,13.5,56.5,5,,
281,4/6/2025 5:00,11.5,77,7.6,,
282,4/6/2025 5:30,10.5,73,5.9,,
283,4/6/2025 6:00,12.5,60,5,,
284,4/6/2025 6:30,11,70.5,5.9,,
285,4/6/2025 7:00,10,80,6.7,,
286,4/6/2025 7:30,10,84.5,7.5,,
287,4/6/2025 8:00,12.5,78.5,8.9,,
288,4/6/2025 8:30,17,58.5,8.8,,
289,4/6/2025 9:00,17.5,51.5,7.4,,
290,4/6/2025 9:30,17,55,7.9,,
291,4/6/2025 10:00,19,48,7.8,,
292,4/6/2025 10:30,20,44,7.4,,
293,4/6/2025 11:00,19,48.5,7.9,,
294,4/6/2025 11:30,17,62,9.7,,
295,4/6/2025 12:00,17.5,62,10.1,,
296,4/6/2025 12:30,17.5,63,10.4,,
297,4/6/2025 13:00,17.5,62,10.1,,
298,4/6/2025 13:30,19,57.5,10.4,,
299,4/6/2025 14:00,17,65,10.4,,
300,4/6/2025 14:30,17,63.5,10,,
301,4/6/2025 15:00,17,64,10.1,,
302,4/6/2025 15:30,16.5,65.5,10,,
303,4/6/2025 16:00,15,71,9.8,,
304,4/6/2025 16:30,13.5,78.5,9.8,,
305,4/6/2025 17:00,13.5,82.5,10.6,,
306,4/6/2025 17:30,14.5,79,10.9,,
307,4/6/2025 18:00,15,76,10.8,,
308,4/6/2025 18:30,15.5,72,10.5,,
309,4/6/2025 19:00,15,67,8.9,,
310,4/6/2025 19:30,16,62.5,8.8,,
311,4/6/2025 20:00,13.5,65,7.1,,
312,4/6/2025 20:30,11.5,85.5,9.2,,
313,4/6/2025 21:00,11.5,87.5,9.5,,
314,4/6/2025 21:30,11,87.5,9,,
315,4/6/2025 22:00,11.5,83.5,8.8,,
316,4/6/2025 22:30,11,84,8.4,,
317,4/6/2025 23:00,11,79.5,7.6,,
318,4/6/2025 23:30,11.5,74,7,,
319,4/7/2025 0:00,11,70.5,5.9,,
320,4/7/2025 0:30,12,60.5,4.6,,
321,4/7/2025 1:00,9.5,72,4.7,,
322,4/7/2025 1:30,11,72,6.2,,
323,4/7/2025 2:00,11,76,6.9,,
324,4/7/2025 2:30,11,81,7.9,,
325,4/7/2025 3:00,11,76.5,7,,
326,4/7/2025 3:30,12,68,6.3,,
327,4/7/2025 4:00,11,67,5.1,,
328,4/7/2025 4:30,11.5,65,5.2,,
329,4/7/2025 5:00,11.5,67,5.6,,
330,4/7/2025 5:30,11,58.5,3.2,,
331,4/7/2025 6:00,13,54.5,4.1,,
332,4/7/2025 6:30,13.5,57,5.2,,
333,4/7/2025 7:00,11.5,68.5,5.9,,
334,4/7/2025 7:30,11.5,73.5,6.9,,
335,4/7/2025 8:00,13,70,7.7,,
336,4/7/2025 8:30,14.5,67.5,8.6,,
337,4/7/2025 9:00,14.5,67,8.5,,
338,4/7/2025 9:30,16,64,9.2,,
339,4/7/2025 10:00,17.5,59.5,9.5,,
340,4/7/2025 10:30,17.5,60,9.7,,
341,4/7/2025 11:00,19,54,9.5,,
342,4/7/2025 11:30,19,54.5,9.6,,
343,4/7/2025 12:00,18,61,10.4,,
344,4/7/2025 12:30,18,59.5,10,,
345,4/7/2025 13:00,19,57.5,10.4,,
346,4/7/2025 13:30,19,60,11.1,,
347,4/7/2025 14:00,17.5,66.5,11.2,,
348,4/7/2025 14:30,18,66,11.6,,
349,4/7/2025 15:00,17.5,69,11.8,,
350,4/7/2025 15:30,17.5,68.5,11.6,,
351,4/7/2025 16:00,17.5,70,12,,
352,4/7/2025 16:30,17.5,70,12,,
353,4/7/2025 17:00,18,68.5,12.1,,
354,4/7/2025 17:30,17,71,11.7,,
355,4/7/2025 18:00,15,77,11,,
356,4/7/2025 18:30,14.5,78,10.7,,
357,4/7/2025 19:00,16,72,11,,
358,4/7/2025 19:30,15.5,71,10.3,,
359,4/7/2025 20:00,15,72,10,,
360,4/7/2025 20:30,14.5,71.5,9.4,,
361,4/7/2025 21:00,15,69,9.4,,
362,4/7/2025 21:30,15.5,62,8.3,,
363,4/7/2025 22:00,15.5,60,7.8,,
364,4/7/2025 22:30,14,67.5,8.1,,
365,4/7/2025 23:00,13.5,70.5,8.2,,
366,4/7/2025 23:30,13,73,8.3,,
367,4/8/2025 0:00,12.5,76,8.4,,
368,4/8/2025 0:30,13,70.5,7.8,,
369,4/8/2025 1:00,12.5,77,8.6,,
370,4/8/2025 1:30,12,79.5,8.6,,
371,4/8/2025 2:00,12,80,8.7,,
372,4/8/2025 2:30,11.5,80.5,8.3,,
373,4/8/2025 3:00,11.5,81,8.4,,
374,4/8/2025 3:30,11.5,83,8.7,,
375,4/8/2025 4:00,12,83.5,9.3,,
376,4/8/2025 4:30,12,83,9.2,,
377,4/8/2025 5:00,11.5,84,8.9,,
378,4/8/2025 5:30,11.5,82,8.5,,
379,4/8/2025 6:00,11.5,82,8.5,,
380,4/8/2025 6:30,12,83.5,9.3,,
381,4/8/2025 7:00,12,82,9,,
382,4/8/2025 7:30,12.5,83.5,9.8,,
383,4/8/2025 8:00,15.5,72.5,10.6,,
384,4/8/2025 8:30,17,67.5,10.9,,
385,4/8/2025 9:00,17,67,10.8,,
386,4/8/2025 9:30,17,67,10.8,,
387,4/8/2025 10:00,17.5,66,11.1,,
388,4/8/2025 10:30,20,59.5,11.9,,
389,4/8/2025 11:00,21,56,11.9,,
390,4/8/2025 11:30,21,55,11.6,,
391,4/8/2025 12:00,19.5,57,10.8,,
392,4/8/2025 12:30,18.5,60,10.6,,
393,4/8/2025 13:00,18.5,60.5,10.7,,
394,4/8/2025 13:30,18,64,11.1,,
395,4/8/2025 14:00,18,63.5,11,,
396,4/8/2025 14:30,19,60,11.1,,
397,4/8/2025 15:00,18.5,60.5,10.7,,
398,4/8/2025 15:30,18.5,59.5,10.5,,
399,4/8/2025 16:00,18.5,59,10.3,,
400,4/8/2025 16:30,18.5,57.5,10,,
401,4/8/2025 17:00,18,59,9.9,,
402,4/8/2025 17:30,18,60,10.1,,
403,4/8/2025 18:00,17,62,9.7,,
404,4/8/2025 18:30,17,62,9.7,,
405,4/8/2025 19:00,16,64,9.2,,
406,4/8/2025 19:30,15.5,66,9.2,,
407,4/8/2025 20:00,15,66.5,8.8,,
408,4/8/2025 20:30,14.5,68,8.7,,
409,4/8/2025 21:00,14,69,8.4,,
410,4/8/2025 21:30,14,68,8.2,,
411,4/8/2025 22:00,12.5,73.5,7.9,,
412,4/8/2025 22:30,12.5,75,8.2,,
413,4/8/2025 23:00,12,76.5,8,,
414,4/8/2025 23:30,11.5,77.5,7.7,,
415,4/9/2025 0:00,10.5,82,7.6,,
416,4/9/2025 0:30,11.5,83.5,8.8,,
417,4/9/2025 1:00,11,85,8.6,,
418,4/9/2025 1:30,10.5,86,8.3,,
419,4/9/2025 2:00,10.5,88,8.6,,
420,4/9/2025 2:30,10.5,87.5,8.5,,
421,4/9/2025 3:00,10.5,89,8.8,,
422,4/9/2025 3:30,10.5,89.5,8.8,,
423,4/9/2025 4:00,10.5,90,8.9,,
424,4/9/2025 4:30,9.5,89.5,7.9,,
425,4/9/2025 5:00,10,90.5,8.5,,
426,4/9/2025 5:30,9.5,92,8.3,,
427,4/9/2025 6:00,10,89,8.3,,
428,4/9/2025 6:30,13,85.5,10.6,,
429,4/9/2025 7:00,11,85.5,8.7,,
430,4/9/2025 7:30,10.5,87,8.4,,
431,4/9/2025 8:00,14.5,79.5,11,,
432,4/9/2025 8:30,16.5,72,11.4,,
433,4/9/2025 9:00,16.5,69,10.8,,
434,4/9/2025 9:30,19,65.5,12.4,,
435,4/9/2025 10:00,18.5,64.5,11.7,,
436,4/9/2025 10:30,18.5,65,11.8,,
437,4/9/2025 11:00,19.5,59.5,11.4,,
438,4/9/2025 11:30,20,60,12,,
439,4/9/2025 12:00,20,58,11.5,,
440,4/9/2025 12:30,19.5,58.5,11.2,,
441,4/9/2025 13:00,20,59.5,11.9,,
442,4/9/2025 13:30,21.5,54.5,11.9,,
443,4/9/2025 14:00,24,49,12.6,,
444,4/9/2025 14:30,22.5,50,11.6,,
445,4/9/2025 15:00,21,56.5,12,,
446,4/9/2025 15:30,21,57,12.2,,
447,4/9/2025 16:00,20,57.5,11.4,,
448,4/9/2025 16:30,20,57.5,11.4,,
449,4/9/2025 17:00,19.5,60,11.5,,
450,4/9/2025 17:30,17.5,65,10.9,,
451,4/9/2025 18:00,17,67.5,10.9,,
452,4/9/2025 18:30,15.5,71,10.3,,
453,4/9/2025 19:00,15,72.5,10.1,,
454,4/9/2025 19:30,13.5,79,9.9,,
455,4/9/2025 20:00,12.5,83,9.7,,
456,4/9/2025 20:30,12,84,9.4,,
457,4/9/2025 21:00,12,84.5,9.5,,
458,4/9/2025 21:30,12,83.5,9.3,,
459,4/9/2025 22:00,11.5,83.5,8.8,,
460,4/9/2025 22:30,13,80.5,9.7,,
461,4/9/2025 23:00,14.5,73,9.7,,
462,4/9/2025 23:30,13.5,74,9,,
463,4/10/2025 0:00,12,81,8.8,,
464,4/10/2025 0:30,12,83.5,9.3,,
465,4/10/2025 1:00,11.5,87.5,9.5,,
466,4/10/2025 1:30,10,87.5,8,,
467,4/10/2025 2:00,10.5,88.5,8.7,,
468,4/10/2025 2:30,10,89,8.3,,
469,4/10/2025 3:00,11,91,9.6,,
470,4/10/2025 3:30,10,89.5,8.4,,
471,4/10/2025 4:00,9.5,91,8.1,,
472,4/10/2025 4:30,8.5,91,7.1,,
473,4/10/2025 5:00,9.5,92,8.3,,
474,4/10/2025 5:30,8.5,92,7.3,,
475,4/10/2025 6:00,7.5,92,6.3,,
476,4/10/2025 6:30,8,93.5,7,,
477,4/10/2025 7:00,10,95,9.2,,
478,4/10/2025 7:30,10.5,95.5,9.8,,
479,4/10/2025 8:00,10.5,95.5,9.8,,
480,4/10/2025 8:30,13.5,95,12.7,,
481,4/10/2025 9:00,16,75.5,11.7,,
482,4/10/2025 9:30,17,73,12.1,,
483,4/10/2025 10:00,19,64.5,12.2,,
484,4/10/2025 10:30,18,68.5,12.1,,
485,4/10/2025 11:00,19,66.5,12.6,,
486,4/10/2025 11:30,18,69,12.2,,
487,4/10/2025 12:00,18.5,66,12,,
488,4/10/2025 12:30,17.5,68,11.5,,
489,4/10/2025 13:00,17,70,11.5,,
490,4/10/2025 13:30,17,71,11.7,,
491,4/10/2025 14:00,17,71,11.7,,
492,4/10/2025 14:30,18,68,12,,
493,4/10/2025 15:00,20,61.5,12.4,,
494,4/10/2025 15:30,20,59.5,11.9,,
495,4/10/2025 16:00,19.5,61,11.8,,
496,4/10/2025 16:30,22.5,54,12.7,,
497,4/10/2025 17:00,19.5,59,11.3,,
498,4/10/2025 17:30,19,61.5,11.4,,
499,4/10/2025 18:00,18,61.5,10.5,,
500,4/10/2025 18:30,17.5,63.5,10.5,,
501,4/10/2025 19:00,17,66,10.6,,
502,4/10/2025 19:30,18.5,59.5,10.5,,
503,4/10/2025 20:00,17.5,59.5,9.5,,
504,4/10/2025 20:30,17,60.5,9.3,,
505,4/10/2025 21:00,17,59,8.9,,
506,4/10/2025 21:30,15.5,62,8.3,,
507,4/10/2025 22:00,13.5,67,7.5,,
508,4/10/2025 22:30,14.5,66,8.2,,
509,4/10/2025 23:00,13.5,71.5,8.5,,
510,4/10/2025 23:30,13,75.5,8.8,,
511,4/11/2025 0:00,15,68.5,9.3,,
512,4/11/2025 0:30,13.5,71.5,8.5,,
513,4/11/2025 1:00,13,80,9.6,,
514,4/11/2025 1:30,12,85,9.6,,
515,4/11/2025 2:00,12.5,85,10,,
516,4/11/2025 2:30,12.5,82,9.5,,
517,4/11/2025 3:00,12.5,82,9.5,,
518,4/11/2025 3:30,12,84,9.4,,
519,4/11/2025 4:00,13.5,81.5,10.4,,
520,4/11/2025 4:30,12,85.5,9.6,,
521,4/11/2025 5:00,12.5,84,9.9,,
522,4/11/2025 5:30,14.5,79,10.9,,
523,4/11/2025 6:00,17.5,64,10.6,,
524,4/11/2025 6:30,16,69.5,10.4,,
525,4/11/2025 7:00,14,72,9,,
526,4/11/2025 7:30,15,75,10.6,,
527,4/11/2025 8:00,16,69.5,10.4,,
528,4/11/2025 8:30,11.5,90.5,10,,
529,4/11/2025 9:00,15,84.5,12.4,,
530,4/11/2025 9:30,17.5,68,11.5,,
531,4/11/2025 10:00,22,56,12.8,,
532,4/11/2025 10:30,20,59.5,11.9,,
533,4/11/2025 11:00,22,54,12.3,,
534,4/11/2025 11:30,21.5,56,12.4,,
535,4/11/2025 12:00,22.5,54,12.7,,
536,4/11/2025 12:30,26,45,13.2,,
537,4/11/2025 13:00,23,50.5,12.2,,
538,4/11/2025 13:30,21,56,11.9,,
539,4/11/2025 14:00,20,59.5,11.9,,
540,4/11/2025 14:30,19.5,63.5,12.4,,
541,4/11/2025 15:00,19,65,12.3,,
542,4/11/2025 15:30,19.5,61,11.8,,
543,4/11/2025 16:00,20.5,58,12,,
544,4/11/2025 16:30,16.5,70,11,,
545,4/11/2025 17:00,18.5,61.5,11,,
546,4/11/2025 17:30,17.5,64.5,10.7,,
547,4/11/2025 18:00,19,59,10.8,,
548,4/11/2025 18:30,17,63,9.9,,
549,4/11/2025 19:00,16.5,63,9.4,,
550,4/11/2025 19:30,16.5,61.5,9.1,,
551,4/11/2025 20:00,16,63,9,,
552,4/11/2025 20:30,15.5,63.5,8.6,,
553,4/11/2025 21:00,14.5,69.5,9,,
554,4/11/2025 21:30,14.5,67,8.5,,
555,4/11/2025 22:00,14.5,65,8,,
556,4/11/2025 22:30,13.5,73,8.8,,
557,4/11/2025 23:00,13.5,72,8.6,,
558,4/11/2025 23:30,14,68.5,8.3,,
559,4/12/2025 0:00,13.5,69.5,8,,
560,4/12/2025 0:30,12.5,68.5,6.9,,
561,4/12/2025 1:00,12,71,6.9,,
562,4/12/2025 1:30,11.5,75,7.2,,
563,4/12/2025 2:00,12.5,76.5,8.5,,
564,4/12/2025 2:30,12,79,8.5,,
565,4/12/2025 3:00,12,83.5,9.3,,
566,4/12/2025 3:30,12,83,9.2,,
567,4/12/2025 4:00,11.5,84,8.9,,
568,4/12/2025 4:30,11,85.5,8.7,,
569,4/12/2025 5:00,10,88,8.1,,
570,4/12/2025 5:30,10.5,88,8.6,,
571,4/12/2025 6:00,10,88.5,8.2,,
572,4/12/2025 6:30,10.5,89.5,8.8,,
573,4/12/2025 7:00,10,87.5,8,,
574,4/12/2025 7:30,10,88,8.1,,
575,4/12/2025 8:00,12.5,82,9.5,,
576,4/12/2025 8:30,15.5,73,10.7,,
577,4/12/2025 9:00,15,73.5,10.3,,
578,4/12/2025 9:30,14.5,76,10.3,,
579,4/12/2025 10:00,15,72.5,10.1,,
580,4/12/2025 10:30,15.5,70,10.1,,
581,4/12/2025 11:00,16,67,9.9,,
582,4/12/2025 11:30,16.5,65.5,10,,
583,4/12/2025 12:00,17,63.5,10,,
584,4/12/2025 12:30,17,62.5,9.8,,
585,4/12/2025 13:00,17.5,60,9.7,,
586,4/12/2025 13:30,17,60.5,9.3,,
587,4/12/2025 14:00,17.5,59.5,9.5,,
588,4/12/2025 14:30,17,61,9.4,,
589,4/12/2025 15:00,17,61,9.4,,
590,4/12/2025 15:30,17,61,9.4,,
591,4/12/2025 16:00,17,60.5,9.3,,
592,4/12/2025 16:30,17,60.5,9.3,,
593,4/12/2025 17:00,16.5,61,9,,
594,4/12/2025 17:30,16,63,9,,
595,4/12/2025 18:00,15,65.5,8.6,,
596,4/12/2025 18:30,14,68.5,8.3,,
597,4/12/2025 19:00,14,69.5,8.5,,
598,4/12/2025 19:30,12.5,73,7.8,,
599,4/12/2025 20:00,11.5,71.5,6.5,,
600,4/12/2025 20:30,11.5,73,6.8,,
601,4/12/2025 21:00,11,72.5,6.3,,
602,4/12/2025 21:30,10,77,6.2,,
603,4/12/2025 22:00,10.5,75,6.3,,
604,4/12/2025 22:30,10,76.5,6.1,,
605,4/12/2025 23:00,9.5,79,6,,
606,4/12/2025 23:30,9.5,78,5.9,,
607,4/13/2025 0:00,8.5,79,5.1,,
608,4/13/2025 0:30,8,81.5,5,,
609,4/13/2025 1:00,8.5,84,6,,
610,4/13/2025 1:30,9,84.5,6.5,,
611,4/13/2025 2:00,9,83.5,6.4,,
612,4/13/2025 2:30,8.5,87.5,6.5,,
613,4/13/2025 3:00,8,87,6,,
614,4/13/2025 3:30,8.5,88.5,6.7,,
615,4/13/2025 4:00,8.5,90,7,,
616,4/13/2025 4:30,7.5,90.5,6,,
617,4/13/2025 5:00,8,91.5,6.7,,
618,4/13/2025 5:30,8.5,92,7.3,,
619,4/13/2025 6:00,8.5,92,7.3,,
620,4/13/2025 6:30,8,91,6.6,,
621,4/13/2025 7:00,8,92,6.8,,
622,4/13/2025 7:30,9,90.5,7.5,,
623,4/13/2025 8:00,11,85.5,8.7,,
624,4/13/2025 8:30,12.5,79,9,,
625,4/13/2025 9:00,14.5,71.5,9.4,,
626,4/13/2025 9:30,14.5,70.5,9.2,,
627,4/13/2025 10:00,16,66.5,9.8,,
628,4/13/2025 10:30,16,66.5,9.8,,
629,4/13/2025 11:00,16,67,9.9,,
630,4/13/2025 11:30,16,65.5,9.5,,
631,4/13/2025 12:00,16.5,64,9.7,,
632,4/13/2025 12:30,16.5,64,9.7,,
633,4/13/2025 13:00,16.5,64,9.7,,
634,4/13/2025 13:30,17.5,63,10.4,,
635,4/13/2025 14:00,17.5,62.5,10.3,,
636,4/13/2025 14:30,18,60,10.1,,
637,4/13/2025 15:00,17.5,61.5,10,,
638,4/13/2025 15:30,17.5,61.5,10,,
639,4/13/2025 16:00,16.5,64,9.7,,
640,4/13/2025 16:30,17.5,61.5,10,,
641,4/13/2025 17:00,17,63,9.9,,
642,4/13/2025 17:30,16.5,65,9.9,,
643,4/13/2025 18:00,15.5,68,9.6,,
644,4/13/2025 18:30,15,71,9.8,,
645,4/13/2025 19:00,14,74,9.4,,
646,4/13/2025 19:30,12.5,79.5,9.1,,
647,4/13/2025 20:00,11.5,85,9.1,,
648,4/13/2025 20:30,11,88.5,9.2,,
649,4/13/2025 21:00,11,89.5,9.3,,
650,4/13/2025 21:30,10.5,91,9.1,,
651,4/13/2025 22:00,10.5,92,9.3,,
652,4/13/2025 22:30,10.5,93,9.4,,
653,4/13/2025 23:00,10.5,94,9.6,,
654,4/13/2025 23:30,10,94.5,9.2,,
655,4/14/2025 0:00,10,95,9.2,,
656,4/14/2025 0:30,10,96,9.4,,
657,4/14/2025 1:00,10,96.5,9.5,,
658,4/14/2025 1:30,9.5,96.5,9,,
659,4/14/2025 2:00,8.5,96,7.9,,
660,4/14/2025 2:30,7.5,96,6.9,,
661,4/14/2025 3:00,7,96,6.4,,
662,4/14/2025 3:30,8,97,7.6,,
663,4/14/2025 4:00,9,97,8.5,,
664,4/14/2025 4:30,10,96.5,9.5,,
665,4/14/2025 5:00,10.5,97,10,,
666,4/14/2025 5:30,10.5,97,10,,
667,4/14/2025 6:00,10.5,97.5,10.1,,
668,4/14/2025 6:30,10.5,97.5,10.1,,
669,4/14/2025 7:00,10.5,98,10.2,,
670,4/14/2025 7:30,10.5,98,10.2,,
671,4/14/2025 8:00,10.5,98.5,10.3,,
672,4/14/2025 8:30,10.5,98.5,10.3,,
673,4/14/2025 9:00,10.5,98.5,10.3,,
674,4/14/2025 9:30,11,98.5,10.8,,
675,4/14/2025 10:00,11,98,10.7,,
676,4/14/2025 10:30,11.5,96.5,11,,
677,4/14/2025 11:00,12.5,92,11.2,,
678,4/14/2025 11:30,14,87,11.9,,
679,4/14/2025 12:00,14,82,11,,
680,4/14/2025 12:30,15,81.5,11.9,,
681,4/14/2025 13:00,15,78,11.2,,
682,4/14/2025 13:30,15,77.5,11.1,,
683,4/14/2025 14:00,14.5,77.5,10.6,,
684,4/14/2025 14:30,15,75.5,10.7,,
685,4/14/2025 15:00,17,70.5,11.6,,
686,4/14/2025 15:30,15,77,11,,
687,4/14/2025 16:00,16,75,11.6,,
688,4/14/2025 16:30,16,74,11.4,,
689,4/14/2025 17:00,15.5,76,11.3,,
690,4/14/2025 17:30,15.5,76,11.3,,
691,4/14/2025 18:00,15.5,75,11.1,,
692,4/14/2025 18:30,14.5,76.5,10.4,,
693,4/14/2025 19:00,14,80.5,10.7,,
694,4/14/2025 19:30,13,82.5,10.1,,
695,4/14/2025 20:00,12,82.5,9.1,,
696,4/14/2025 20:30,11.5,86,9.2,,
697,4/14/2025 21:00,11.5,86,9.2,,
698,4/14/2025 21:30,12,85.5,9.6,,
699,4/14/2025 22:00,11,87,8.9,,
700,4/14/2025 22:30,9.5,87,7.4,,
701,4/14/2025 23:00,9,89,7.3,,
702,4/14/2025 23:30,10,89.5,8.4,,
703,4/15/2025 0:00,10.5,90,8.9,,
704,4/15/2025 0:30,11,89,9.3,,
705,4/15/2025 1:00,12,86,9.7,,
706,4/15/2025 1:30,12,82.5,9.1,,
707,4/15/2025 2:00,12,82.5,9.1,,
708,4/15/2025 2:30,12,82.5,9.1,,
709,4/15/2025 3:00,12,81,8.8,,
710,4/15/2025 3:30,12,82.5,9.1,,
711,4/15/2025 4:00,11.5,83,8.7,,
712,4/15/2025 4:30,10.5,83,7.7,,
713,4/15/2025 5:00,9.5,86,7.3,,
714,4/15/2025 5:30,11,85.5,8.7,,
715,4/15/2025 6:00,11,81.5,8,,
716,4/15/2025 6:30,10,81,6.9,,
717,4/15/2025 7:00,11.5,80,8.2,,
718,4/15/2025 7:30,12,76,7.9,,
719,4/15/2025 8:00,12.5,72.5,7.7,,
720,4/15/2025 8:30,13,74,8.5,,
721,4/15/2025 9:00,13.5,74,9,,
722,4/15/2025 9:30,14,67,8,,
723,4/15/2025 10:00,14.5,66,8.2,,
724,4/15/2025 10:30,15.5,66,9.2,,
725,4/15/2025 11:00,17,62,9.7,,
726,4/15/2025 11:30,16.5,62.5,9.3,,
727,4/15/2025 12:00,17.5,59.5,9.5,,
728,4/15/2025 12:30,18,59,9.9,,
729,4/15/2025 13:00,17.5,59,9.4,,
730,4/15/2025 13:30,18,59.5,10,,
731,4/15/2025 14:00,17.5,59.5,9.5,,
732,4/15/2025 14:30,17.5,58.5,9.3,,
733,4/15/2025 15:00,17.5,58,9.2,,
734,4/15/2025 15:30,17.5,59.5,9.5,,
735,4/15/2025 16:00,17.5,60,9.7,,
736,4/15/2025 16:30,18,58.5,9.7,,
737,4/15/2025 17:00,16.5,64,9.7,,
738,4/15/2025 17:30,18.5,58.5,10.2,,
739,4/15/2025 18:00,17,63,9.9,,
740,4/15/2025 18:30,16.5,64,9.7,,
741,4/15/2025 19:00,16,66.5,9.8,,
742,4/15/2025 19:30,13.5,74,9,,
743,4/15/2025 20:00,12,78.5,8.4,,
744,4/15/2025 20:30,11,81,7.9,,
745,4/15/2025 21:00,9.5,81.5,6.5,,
746,4/15/2025 21:30,9,84,6.4,,
747,4/15/2025 22:00,9,83.5,6.4,,
748,4/15/2025 22:30,8.5,85,6.1,,
749,4/15/2025 23:00,8.5,86.5,6.4,,
750,4/15/2025 23:30,9.5,86,7.3,,
751,4/16/2025 0:00,9.5,85.5,7.2,,
752,4/16/2025 0:30,9,85,6.6,,
753,4/16/2025 1:00,8.5,86,6.3,,
754,4/16/2025 1:30,8,87,6,,
755,4/16/2025 2:00,9,89.5,7.4,,
756,4/16/2025 2:30,9,89.5,7.4,,
757,4/16/2025 3:00,7.5,89.5,5.9,,
758,4/16/2025 3:30,7.5,90.5,6,,
759,4/16/2025 4:00,9.5,92.5,8.3,,
760,4/16/2025 4:30,10,92.5,8.8,,
761,4/16/2025 5:00,10.5,92,9.3,,
762,4/16/2025 5:30,10.5,89,8.8,,
763,4/16/2025 6:00,8,89.5,6.4,,
764,4/16/2025 6:30,9,92,7.8,,
765,4/16/2025 7:00,8,91.5,6.7,,
766,4/16/2025 7:30,9.5,93.5,8.5,,
767,4/16/2025 8:00,12,84,9.4,,
768,4/16/2025 8:30,14.5,76.5,10.4,,
769,4/16/2025 9:00,15.5,75,11.1,,
770,4/16/2025 9:30,16,72.5,11.1,,
771,4/16/2025 10:00,17,69,11.3,,
772,4/16/2025 10:30,18,66,11.6,,
773,4/16/2025 11:00,18.5,66,12,,
774,4/16/2025 11:30,18.5,67,12.3,,
775,4/16/2025 12:00,19,65.5,12.4,,
776,4/16/2025 12:30,19.5,62.5,12.2,,
777,4/16/2025 13:00,19.5,62.5,12.2,,
778,4/16/2025 13:30,19.5,62,12,,
779,4/16/2025 14:00,19.5,59,11.3,,
780,4/16/2025 14:30,20.5,57,11.7,,
781,4/16/2025 15:00,21,57,12.2,,
782,4/16/2025 15:30,19.5,62,12,,
783,4/16/2025 16:00,19,64.5,12.2,,
784,4/16/2025 16:30,19,61,11.3,,
785,4/16/2025 17:00,18,57.5,9.5,,
786,4/16/2025 17:30,17.5,61,9.9,,
787,4/16/2025 18:00,17,63.5,10,,
788,4/16/2025 18:30,16,67.5,10,,
789,4/16/2025 19:00,15,71,9.8,,
790,4/16/2025 19:30,14.5,72,9.5,,
791,4/16/2025 20:00,14,74,9.4,,
792,4/16/2025 20:30,14,76.5,9.9,,
793,4/16/2025 21:00,13.5,78,9.7,,
794,4/16/2025 21:30,13.5,77.5,9.6,,
795,4/16/2025 22:00,13,75,8.7,,
796,4/16/2025 22:30,11,76.5,7,,
797,4/16/2025 23:00,9.5,80,6.2,,
798,4/16/2025 23:30,8.5,82,5.6,,
799,4/17/2025 0:00,8,84,5.5,,
800,4/17/2025 0:30,7.5,85.5,5.2,,
801,4/17/2025 1:00,9,87,7,,
802,4/17/2025 1:30,9.5,87,7.4,,
803,4/17/2025 2:00,9.5,86.5,7.4,,
804,4/17/2025 2:30,10.5,86,8.3,,
805,4/17/2025 3:00,11.5,81.5,8.4,,
806,4/17/2025 3:30,11.5,81,8.4,,
807,4/17/2025 4:00,11,82,8,,
808,4/17/2025 4:30,11,83,8.2,,
809,4/17/2025 5:00,11.5,83,8.7,,
810,4/17/2025 5:30,11,83,8.2,,
811,4/17/2025 6:00,11,85.5,8.7,,
812,4/17/2025 6:30,12,87,9.9,,
813,4/17/2025 7:00,12,87.5,10,,
814,4/17/2025 7:30,12.5,87.5,10.5,,
815,4/17/2025 8:00,13,86,10.7,,
816,4/17/2025 8:30,14,81.5,10.9,,
817,4/17/2025 9:00,15.5,77.5,11.6,,
818,4/17/2025 9:30,18,67.5,11.9,,
819,4/17/2025 10:00,18.5,69.5,12.8,,
820,4/17/2025 10:30,18.5,68.5,12.6,,
821,4/17/2025 11:00,19.5,65.5,12.9,,
822,4/17/2025 11:30,20.5,63,13.2,,
823,4/17/2025 12:00,19,66,12.5,,
824,4/17/2025 12:30,18.5,67.5,12.4,,
825,4/17/2025 13:00,19,66.5,12.6,,
826,4/17/2025 13:30,18.5,68,12.5,,
827,4/17/2025 14:00,18.5,68.5,12.6,,
828,4/17/2025 14:30,19,67.5,12.9,,
829,4/17/2025 15:00,19,67,12.7,,
830,4/17/2025 15:30,19,67.5,12.9,,
831,4/17/2025 16:00,18.5,66.5,12.1,,
832,4/17/2025 16:30,19,67,12.7,,
833,4/17/2025 17:00,18,69.5,12.3,,
834,4/17/2025 17:30,17.5,70,12,,
835,4/17/2025 18:00,17,72,11.9,,
836,4/17/2025 18:30,16,73.5,11.3,,
837,4/17/2025 19:00,15.5,76.5,11.4,,
838,4/17/2025 19:30,14,77,10,,
839,4/17/2025 20:00,13,80,9.6,,
840,4/17/2025 20:30,13,85.5,10.6,,
841,4/17/2025 21:00,12.5,88,10.6,,
842,4/17/2025 21:30,12.5,90.5,11,,
843,4/17/2025 22:00,12.5,89,10.7,,
844,4/17/2025 22:30,12.5,88.5,10.7,,
845,4/17/2025 23:00,12.5,87.5,10.5,,
846,4/17/2025 23:30,12.5,86.5,10.3,,
847,4/18/2025 0:00,13,84,10.4,,
848,4/18/2025 0:30,12.5,82.5,9.6,,
849,4/18/2025 1:00,12.5,84,9.9,,
850,4/18/2025 1:30,12,82.5,9.1,,
851,4/18/2025 2:00,12,80.5,8.8,,
852,4/18/2025 2:30,12,82,9,,
853,4/18/2025 3:00,12,79.5,8.6,,
854,4/18/2025 3:30,12,80.5,8.8,,
855,4/18/2025 4:00,12,80,8.7,,
856,4/18/2025 4:30,12,79,8.5,,
857,4/18/2025 5:00,12,77.5,8.2,,
858,4/18/2025 5:30,12,78,8.3,,
859,4/18/2025 6:00,12,77,8.1,,
860,4/18/2025 6:30,12,75,7.7,,
861,4/18/2025 7:00,12,73,7.3,,
862,4/18/2025 7:30,12,73,7.3,,
863,4/18/2025 8:00,12.5,75,8.2,,
864,4/18/2025 8:30,12.5,77,8.6,,
865,4/18/2025 9:00,13.5,77,9.6,,
866,4/18/2025 9:30,14,77,10,,
867,4/18/2025 10:00,14,75,9.6,,
868,4/18/2025 10:30,15.5,71,10.3,,
869,4/18/2025 11:00,18,64.5,11.2,,
870,4/18/2025 11:30,17.5,63.5,10.5,,
871,4/18/2025 12:00,17,64.5,10.3,,
872,4/18/2025 12:30,17.5,64.5,10.7,,
873,4/18/2025 13:00,17.5,64,10.6,,
874,4/18/2025 13:30,18,64.5,11.2,,
875,4/18/2025 14:00,17.5,63,10.4,,
876,4/18/2025 14:30,17.5,61,9.9,,
877,4/18/2025 15:00,17.5,63.5,10.5,,
878,4/18/2025 15:30,17.5,64,10.6,,
879,4/18/2025 16:00,17.5,63.5,10.5,,
880,4/18/2025 16:30,17,65.5,10.5,,
881,4/18/2025 17:00,17,63.5,10,,
882,4/18/2025 17:30,16,65.5,9.5,,
883,4/18/2025 18:00,15.5,68,9.6,,
884,4/18/2025 18:30,15,70.5,9.7,,
885,4/18/2025 19:00,13.5,76.5,9.5,,
886,4/18/2025 19:30,12.5,79.5,9.1,,
887,4/18/2025 20:00,12.5,81,9.3,,
888,4/18/2025 20:30,12.5,82,9.5,,
889,4/18/2025 21:00,12.5,79,9,,
890,4/18/2025 21:30,13,82.5,10.1,,
891,4/18/2025 22:00,13,80.5,9.7,,
892,4/18/2025 22:30,13,81,9.8,,
893,4/18/2025 23:00,12.5,81.5,9.4,,
894,4/18/2025 23:30,12.5,83.5,9.8,,
895,4/19/2025 0:00,12.5,82,9.5,,
896,4/19/2025 0:30,12.5,82,9.5,,
897,4/19/2025 1:00,12.5,82.5,9.6,,
898,4/19/2025 1:30,12.5,82.5,9.6,,
899,4/19/2025 2:00,12.5,82.5,9.6,,
900,4/19/2025 2:30,11.5,84,8.9,,
901,4/19/2025 3:00,11,87.5,9,,
902,4/19/2025 3:30,9,88,7.1,,
903,4/19/2025 4:00,8.5,89.5,6.9,,
904,4/19/2025 4:30,8,89.5,6.4,,
905,4/19/2025 5:00,7,90,5.5,,
906,4/19/2025 5:30,7.5,91,6.1,,
907,4/19/2025 6:00,7.5,92,6.3,,
908,4/19/2025 6:30,6,91.5,4.7,,
909,4/19/2025 7:00,7.5,93.5,6.5,,
910,4/19/2025 7:30,10.5,93.5,9.5,,
911,4/19/2025 8:00,14,89.5,12.3,,
912,4/19/2025 8:30,16,74.5,11.5,,
913,4/19/2025 9:00,18,64.5,11.2,,
914,4/19/2025 9:30,17.5,68.5,11.6,,
915,4/19/2025 10:00,17.5,65.5,11,,
916,4/19/2025 10:30,17.5,66.5,11.2,,
917,4/19/2025 11:00,18.5,68,12.5,,
918,4/19/2025 11:30,19.5,62,12,,
919,4/19/2025 12:00,19.5,63,12.3,,
920,4/19/2025 12:30,20,61.5,12.4,,
921,4/19/2025 13:00,20,60,12,,
922,4/19/2025 13:30,20,60.5,12.1,,
923,4/19/2025 14:00,20,59,11.7,,
924,4/19/2025 14:30,19.5,62,12,,
925,4/19/2025 15:00,19.5,62,12,,
926,4/19/2025 15:30,18.5,63.5,11.4,,
927,4/19/2025 16:00,18.5,64,11.6,,
928,4/19/2025 16:30,17.5,65.5,11,,
929,4/19/2025 17:00,17,68.5,11.2,,
930,4/19/2025 17:30,16.5,68.5,10.7,,
931,4/19/2025 18:00,16,71.5,10.9,,
932,4/19/2025 18:30,15.5,73.5,10.8,,
933,4/19/2025 19:00,14.5,77,10.5,,
934,4/19/2025 19:30,13.5,79.5,10,,
935,4/19/2025 20:00,13,81.5,9.9,,
936,4/19/2025 20:30,13.5,78.5,9.8,,
937,4/19/2025 21:00,13.5,77.5,9.6,,
938,4/19/2025 21:30,13.5,78.5,9.8,,
939,4/19/2025 22:00,13,78.5,9.4,,
940,4/19/2025 22:30,12.5,78,8.8,,
941,4/19/2025 23:00,12,81,8.8,,
942,4/19/2025 23:30,12,82,9,,
943,4/20/2025 0:00,12.5,81,9.3,,
944,4/20/2025 0:30,12.5,81,9.3,,
945,4/20/2025 1:00,12,80.5,8.8,,
946,4/20/2025 1:30,12.5,76.5,8.5,,
947,4/20/2025 2:00,11,86,8.8,,
948,4/20/2025 2:30,11.5,78,7.8,,
949,4/20/2025 3:00,10,84,7.4,,
950,4/20/2025 3:30,11,82.5,8.1,,
951,4/20/2025 4:00,12.5,71,7.4,,
952,4/20/2025 4:30,12.5,69,7,,
953,4/20/2025 5:00,11,76,6.9,,
954,4/20/2025 5:30,10.5,79.5,7.1,,
955,4/20/2025 6:00,10.5,79.5,7.1,,
956,4/20/2025 6:30,10.5,82,7.6,,
957,4/20/2025 7:00,10,82,7.1,,
958,4/20/2025 7:30,12.5,80,9.1,,
959,4/20/2025 8:00,16.5,70,11,,
960,4/20/2025 8:30,16.5,66,10.1,,
961,4/20/2025 9:00,17,68,11.1,,
962,4/20/2025 9:30,16.5,71,11.2,,
963,4/20/2025 10:00,16,73,11.2,,
964,4/20/2025 10:30,16,73.5,11.3,,
965,4/20/2025 11:00,16.5,74.5,12,,
966,4/20/2025 11:30,17.5,71,12.2,,
967,4/20/2025 12:00,18.5,68,12.5,,
968,4/20/2025 12:30,19.5,65,12.7,,
969,4/20/2025 13:00,19.5,63,12.3,,
970,4/20/2025 13:30,19,63.5,11.9,,
971,4/20/2025 14:00,19.5,61.5,11.9,,
972,4/20/2025 14:30,19,62.5,11.7,,
973,4/20/2025 15:00,18.5,62,11.1,,
974,4/20/2025 15:30,18,63.5,11,,
975,4/20/2025 16:00,17,67,10.8,,
976,4/20/2025 16:30,16.5,68,10.6,,
977,4/20/2025 17:00,16,69,10.3,,
978,4/20/2025 17:30,15.5,72.5,10.6,,
979,4/20/2025 18:00,15.5,73,10.7,,
980,4/20/2025 18:30,14.5,75.5,10.2,,
981,4/20/2025 19:00,13.5,79,9.9,,
982,4/20/2025 19:30,13.5,80.5,10.2,,
983,4/20/2025 20:00,12.5,84,9.9,,
984,4/20/2025 20:30,12,87.5,10,,
985,4/20/2025 21:00,12,88,10.1,,
986,4/20/2025 21:30,11.5,89.5,9.8,,
987,4/20/2025 22:00,12.5,83.5,9.8,,
988,4/20/2025 22:30,13,79.5,9.5,,
989,4/20/2025 23:00,12.5,79.5,9.1,,
990,4/20/2025 23:30,12.5,80,9.1,,
991,4/21/2025 0:00,11.5,83,8.7,,
992,4/21/2025 0:30,11,83,8.2,,
993,4/21/2025 1:00,11,87,8.9,,
994,4/21/2025 1:30,11,84,8.4,,
995,4/21/2025 2:00,10.5,86.5,8.3,,
996,4/21/2025 2:30,11,85.5,8.7,,
997,4/21/2025 3:00,11,86,8.8,,
998,4/21/2025 3:30,10.5,88.5,8.7,,
999,4/21/2025 4:00,10.5,88.5,8.7,,
1000,4/21/2025 4:30,10,90.5,8.5,,
1001,4/21/2025 5:00,10,90,8.4,,
1002,4/21/2025 5:30,10,91,8.6,,
1003,4/21/2025 6:00,10,92.5,8.8,,
1004,4/21/2025 6:30,9.5,92.5,8.3,,
1005,4/21/2025 7:00,9.5,93,8.4,,
1006,4/21/2025 7:30,11,89.5,9.3,,
1007,4/21/2025 8:00,12.5,84,9.9,,
1008,4/21/2025 8:30,14.5,78.5,10.8,,
1009,4/21/2025 9:00,16,71,10.7,,
1010,4/21/2025 9:30,16.5,69.5,10.9,,
1011,4/21/2025 10:00,17,68.5,11.2,,
1012,4/21/2025 10:30,15.5,73.5,10.8,,
1013,4/21/2025 11:00,16.5,72.5,11.5,,
1014,4/21/2025 11:30,16.5,69,10.8,,
1015,4/21/2025 12:00,17,69,11.3,,
1016,4/21/2025 12:30,18.5,65.5,11.9,,
1017,4/21/2025 13:00,18.5,64.5,11.7,,
1018,4/21/2025 13:30,18,64.5,11.2,,
1019,4/21/2025 14:00,18,64.5,11.2,,
1020,4/21/2025 14:30,18.5,63,11.3,,
1021,4/21/2025 15:00,18,64,11.1,,
1022,4/21/2025 15:30,18,63.5,11,,
1023,4/21/2025 16:00,18,64.5,11.2,,
1024,4/21/2025 16:30,17.5,65,10.9,,
1025,4/21/2025 17:00,17,66.5,10.7,,
1026,4/21/2025 17:30,16.5,68.5,10.7,,
1027,4/21/2025 18:00,16,70.5,10.6,,
1028,4/21/2025 18:30,15,74,10.4,,
1029,4/21/2025 19:00,14,76.5,9.9,,
1030,4/21/2025 19:30,13,81,9.8,,
1031,4/21/2025 20:00,11.5,87,9.4,,
1032,4/21/2025 20:30,11.5,89.5,9.8,,
1033,4/21/2025 21:00,11,90.5,9.5,,
1034,4/21/2025 21:30,11,91,9.6,,
1035,4/21/2025 22:00,11,91.5,9.7,,
1036,4/21/2025 22:30,11.5,91.5,10.2,,
1037,4/21/2025 23:00,11,91,9.6,,
1038,4/21/2025 23:30,10,90,8.4,,
1039,4/22/2025 0:00,9.5,90,7.9,,
1040,4/22/2025 0:30,8,89.5,6.4,,
1041,4/22/2025 1:00,9,92,7.8,,
1042,4/22/2025 1:30,9,92,7.8,,
1043,4/22/2025 2:00,9,93,7.9,,
1044,4/22/2025 2:30,8.5,93,7.4,,
1045,4/22/2025 3:00,8.5,93.5,7.5,,
1046,4/22/2025 3:30,8.5,93.5,7.5,,
1047,4/22/2025 4:00,9.5,94.5,8.7,,
1048,4/22/2025 4:30,10,95,9.2,,
1049,4/22/2025 5:00,10,95,9.2,,
1050,4/22/2025 5:30,10,95,9.2,,
1051,4/22/2025 6:00,10.5,95.5,9.8,,
1052,4/22/2025 6:30,10.5,95.5,9.8,,
1053,4/22/2025 7:00,10.5,96,9.9,,
1054,4/22/2025 7:30,11,96,10.4,,
1055,4/22/2025 8:00,11.5,96,10.9,,
1056,4/22/2025 8:30,11.5,96,10.9,,
1057,4/22/2025 9:00,12,94.5,11.1,,
1058,4/22/2025 9:30,12,94.5,11.1,,
1059,4/22/2025 10:00,12.5,95,11.7,,
1060,4/22/2025 10:30,13,93,11.9,,
1061,4/22/2025 11:00,13.5,88.5,11.6,,
1062,4/22/2025 11:30,14,87.5,12,,
1063,4/22/2025 12:00,15,81.5,11.9,,
1064,4/22/2025 12:30,16,77.5,12.1,,
1065,4/22/2025 13:00,15.5,78,11.7,,
1066,4/22/2025 13:30,15,78,11.2,,
1067,4/22/2025 14:00,15.5,77,11.5,,
1068,4/22/2025 14:30,15.5,75,11.1,,
1069,4/22/2025 15:00,15.5,76,11.3,,
1070,4/22/2025 15:30,15,76,10.8,,
1071,4/22/2025 16:00,15,77.5,11.1,,
1072,4/22/2025 16:30,15.5,76,11.3,,
1073,4/22/2025 17:00,15,77.5,11.1,,
1074,4/22/2025 17:30,14.5,76.5,10.4,,
1075,4/22/2025 18:00,14,77.5,10.1,,
1076,4/22/2025 18:30,14.5,75,10.1,,
1077,4/22/2025 19:00,14.5,75,10.1,,
1078,4/22/2025 19:30,12.5,80,9.1,,
1079,4/22/2025 20:00,11.5,84.5,9,,
1080,4/22/2025 20:30,11.5,86,9.2,,
1081,4/22/2025 21:00,11,87,8.9,,
1082,4/22/2025 21:30,10,87.5,8,,
1083,4/22/2025 22:00,9.5,89.5,7.9,,
1084,4/22/2025 22:30,10,90,8.4,,
1085,4/22/2025 23:00,10,91.5,8.7,,
1086,4/22/2025 23:30,9.5,91,8.1,,
1087,4/23/2025 0:00,9,91.5,7.7,,
1088,4/23/2025 0:30,9,92,7.8,,
1089,4/23/2025 1:00,9.5,93,8.4,,
1090,4/23/2025 1:30,10.5,91.5,9.2,,
1091,4/23/2025 2:00,10.5,90.5,9,,
1092,4/23/2025 2:30,10.5,90.5,9,,
1093,4/23/2025 3:00,10.5,90,8.9,,
1094,4/23/2025 3:30,11,89,9.3,,
1095,4/23/2025 4:00,11,88.5,9.2,,
1096,4/23/2025 4:30,11,88,9.1,,
1097,4/23/2025 5:00,10.5,87,8.4,,
1098,4/23/2025 5:30,10.5,86,8.3,,
1099,4/23/2025 6:00,10.5,86,8.3,,
1100,4/23/2025 6:30,10.5,85.5,8.2,,
1101,4/23/2025 7:00,10.5,85.5,8.2,,
1102,4/23/2025 7:30,11,84.5,8.5,,
1103,4/23/2025 8:00,11.5,82.5,8.6,,
1104,4/23/2025 8:30,12,81,8.8,,
1105,4/23/2025 9:00,12.5,78,8.8,,
1106,4/23/2025 9:30,13,76,8.9,,
1107,4/23/2025 10:00,14.5,73.5,9.8,,
1108,4/23/2025 10:30,15.5,71,10.3,,
1109,4/23/2025 11:00,15,71.5,9.9,,
1110,4/23/2025 11:30,15.5,69,9.8,,
1111,4/23/2025 12:00,17.5,61,9.9,,
1112,4/23/2025 12:30,17.5,61,9.9,,
1113,4/23/2025 13:00,17.5,60.5,9.8,,
1114,4/23/2025 13:30,17.5,60.5,9.8,,
1115,4/23/2025 14:00,17,60,9.2,,
1116,4/23/2025 14:30,17.5,61,9.9,,
1117,4/23/2025 15:00,17.5,61.5,10,,
1118,4/23/2025 15:30,17,61.5,9.6,,
1119,4/23/2025 16:00,17,61,9.4,,
1120,4/23/2025 16:30,17,61.5,9.6,,
1121,4/23/2025 17:00,16.5,63.5,9.6,,
1122,4/23/2025 17:30,16,64.5,9.3,,
1123,4/23/2025 18:00,15.5,65,9,,
1124,4/23/2025 18:30,14.5,67,8.5,,
1125,4/23/2025 19:00,13.5,72.5,8.7,,
1126,4/23/2025 19:30,12.5,75.5,8.3,,
1127,4/23/2025 20:00,12,79.5,8.6,,
1128,4/23/2025 20:30,11.5,80.5,8.3,,
1129,4/23/2025 21:00,11.5,78.5,7.9,,
1130,4/23/2025 21:30,11.5,80,8.2,,
1131,4/23/2025 22:00,11.5,80,8.2,,
1132,4/23/2025 22:30,11,79.5,7.6,,
1133,4/23/2025 23:00,11,79.5,7.6,,
1134,4/23/2025 23:30,11,78.5,7.4,,
1135,4/24/2025 0:00,11.5,80,8.2,,
1136,4/24/2025 0:30,11.5,77.5,7.7,,
1137,4/24/2025 1:00,11.5,79,8,,
1138,4/24/2025 1:30,11.5,78.5,7.9,,
1139,4/24/2025 2:00,11.5,78,7.8,,
1140,4/24/2025 2:30,11.5,77.5,7.7,,
1141,4/24/2025 3:00,11.5,78,7.8,,
1142,4/24/2025 3:30,11.5,78,7.8,,
1143,4/24/2025 4:00,11.5,78.5,7.9,,
1144,4/24/2025 4:30,11.5,78.5,7.9,,
1145,4/24/2025 5:00,11.5,79,8,,
1146,4/24/2025 5:30,11.5,77.5,7.7,,
1147,4/24/2025 6:00,11,78,7.3,,
1148,4/24/2025 6:30,11.5,79,8,,
1149,4/24/2025 7:00,11.5,80.5,8.3,,
1150,4/24/2025 7:30,11.5,80,8.2,,
1151,4/24/2025 8:00,12,77.5,8.2,,
1152,4/24/2025 8:30,13,72,8.1,,
1153,4/24/2025 9:00,13.5,71,8.4,,
1154,4/24/2025 9:30,16,64.5,9.3,,
1155,4/24/2025 10:00,15.5,66.5,9.3,,
1156,4/24/2025 10:30,17.5,57.5,9,,
1157,4/24/2025 11:00,17.5,57.5,9,,
1158,4/24/2025 11:30,18,59.5,10,,
1159,4/24/2025 12:00,18,57.5,9.5,,
1160,4/24/2025 12:30,19,53.5,9.4,,
1161,4/24/2025 13:00,16.5,60,8.7,,
1162,4/24/2025 13:30,17.5,56,8.6,,
1163,4/24/2025 14:00,17.5,57,8.9,,
1164,4/24/2025 14:30,17,59.5,9.1,,
1165,4/24/2025 15:00,16.5,62,9.2,,
1166,4/24/2025 15:30,17,60.5,9.3,,
1167,4/24/2025 16:00,16.5,61,9,,
1168,4/24/2025 16:30,16,63,9,,
1169,4/24/2025 17:00,15.5,66,9.2,,
1170,4/24/2025 17:30,14.5,69,8.9,,
1171,4/24/2025 18:00,14,70.5,8.7,,
1172,4/24/2025 18:30,13.5,72,8.6,,
1173,4/24/2025 19:00,12.5,73,7.8,,
1174,4/24/2025 19:30,12.5,75.5,8.3,,
1175,4/24/2025 20:00,12,78.5,8.4,,
1176,4/24/2025 20:30,11.5,76,7.4,,
1177,4/24/2025 21:00,11.5,77.5,7.7,,
1178,4/24/2025 21:30,11.5,81.5,8.4,,
1179,4/24/2025 22:00,11.5,80,8.2,,
1180,4/24/2025 22:30,11,76.5,7,,
1181,4/24/2025 23:00,10,77.5,6.3,,
1182,4/24/2025 23:30,10,80,6.7,,
1183,4/25/2025 0:00,10.5,79.5,7.1,,
1184,4/25/2025 0:30,10,80,6.7,,
1185,4/25/2025 1:00,10,82,7.1,,
1186,4/25/2025 1:30,10.5,80.5,7.3,,
1187,4/25/2025 2:00,10.5,78,6.8,,
1188,4/25/2025 2:30,11,77.5,7.2,,
1189,4/25/2025 3:00,11,76.5,7,,
1190,4/25/2025 3:30,11,74,6.6,,
1191,4/25/2025 4:00,11,72,6.2,,
1192,4/25/2025 4:30,11,70.5,5.9,,
1193,4/25/2025 5:00,11,71.5,6.1,,
1194,4/25/2025 5:30,11,71.5,6.1,,
1195,4/25/2025 6:00,11,71,6,,
1196,4/25/2025 6:30,11,69,5.5,,
1197,4/25/2025 7:00,11,67,5.1,,
1198,4/25/2025 7:30,12.5,64.5,6,,
1199,4/25/2025 8:00,15,55,6,,
1200,4/25/2025 8:30,16,54.5,6.8,,
1201,4/25/2025 9:00,15,61,7.5,,
1202,4/25/2025 9:30,14.5,64.5,7.9,,
1203,4/25/2025 10:00,15,61.5,7.7,,
1204,4/25/2025 10:30,17,55.5,8,,
1205,4/25/2025 11:00,17,57.5,8.6,,
1206,4/25/2025 11:30,17,57.5,8.6,,
1207,4/25/2025 12:00,19,50.5,8.5,,
1208,4/25/2025 12:30,19,53,9.2,,
1209,4/25/2025 13:00,19,50.5,8.5,,
1210,4/25/2025 13:30,18,52,8,,
1211,4/25/2025 14:00,17.5,56,8.6,,
1212,4/25/2025 14:30,18.5,54.5,9.2,,
1213,4/25/2025 15:00,17.5,60,9.7,,
1214,4/25/2025 15:30,18,58,9.6,,
1215,4/25/2025 16:00,20,50,9.3,,
1216,4/25/2025 16:30,18,56,9.1,,
1217,4/25/2025 17:00,18.5,57.5,10,,
1218,4/25/2025 17:30,18,59,9.9,,
1219,4/25/2025 18:00,15.5,66,9.2,,
1220,4/25/2025 18:30,14.5,69,8.9,,
1221,4/25/2025 19:00,13.5,73,8.8,,
1222,4/25/2025 19:30,13,76,8.9,,
1223,4/25/2025 20:00,12.5,76.5,8.5,,
1224,4/25/2025 20:30,11.5,79,8,,
1225,4/25/2025 21:00,11.5,81.5,8.4,,
1226,4/25/2025 21:30,10.5,82.5,7.7,,
1227,4/25/2025 22:00,8.5,84,6,,
1228,4/25/2025 22:30,8,83.5,5.4,,
1229,4/25/2025 23:00,7,84.5,4.6,,
1230,4/25/2025 23:30,6.5,85.5,4.2,,
1231,4/26/2025 0:00,6.5,86,4.3,,
1232,4/26/2025 0:30,6.5,87,4.5,,
1233,4/26/2025 1:00,6.5,87.5,4.6,,
1234,4/26/2025 1:30,7.5,89.5,5.9,,
1235,4/26/2025 2:00,7.5,88,5.6,,
1236,4/26/2025 2:30,7.5,89,5.8,,
1237,4/26/2025 3:00,8.5,89,6.8,,
1238,4/26/2025 3:30,9,89,7.3,,
1239,4/26/2025 4:00,9.5,89,7.8,,
1240,4/26/2025 4:30,9.5,90.5,8,,
1241,4/26/2025 5:00,9.5,91,8.1,,
1242,4/26/2025 5:30,9,92,7.8,,
1243,4/26/2025 6:00,9.5,94,8.6,,
1244,4/26/2025 6:30,10.5,94.5,9.7,,
1245,4/26/2025 7:00,10.5,94,9.6,,
1246,4/26/2025 7:30,11,91.5,9.7,,
1247,4/26/2025 8:00,11.5,91.5,10.2,,
1248,4/26/2025 8:30,14,85.5,11.6,,
1249,4/26/2025 9:00,15.5,75.5,11.2,,
1250,4/26/2025 9:30,16.5,70,11,,
1251,4/26/2025 10:00,17.5,64,10.6,,
1252,4/26/2025 10:30,15,67,8.9,,
1253,4/26/2025 11:00,12.5,76.5,8.5,,
1254,4/26/2025 11:30,14,76.5,9.9,,
1255,4/26/2025 12:00,15,72,10,,
1256,4/26/2025 12:30,16,69.5,10.4,,
1257,4/26/2025 13:00,16.5,68.5,10.7,,
1258,4/26/2025 13:30,15.5,73,10.7,,
1259,4/26/2025 14:00,18,67.5,11.9,,
1260,4/26/2025 14:30,18,61.5,10.5,,
1261,4/26/2025 15:00,17.5,66,11.1,,
1262,4/26/2025 15:30,17,65.5,10.5,,
1263,4/26/2025 16:00,16.5,64.5,9.8,,
1264,4/26/2025 16:30,16,64.5,9.3,,
1265,4/26/2025 17:00,15.5,66,9.2,,
1266,4/26/2025 17:30,15.5,66,9.2,,
1267,4/26/2025 18:00,15.5,66,9.2,,
1268,4/26/2025 18:30,15,67,8.9,,
1269,4/26/2025 19:00,14,69,8.4,,
1270,4/26/2025 19:30,12.5,75.5,8.3,,
1271,4/26/2025 20:00,12,78,8.3,,
1272,4/26/2025 20:30,11.5,80,8.2,,
1273,4/26/2025 21:00,11.5,81.5,8.4,,
1274,4/26/2025 21:30,10.5,83,7.7,,
1275,4/26/2025 22:00,10,83,7.3,,
1276,4/26/2025 22:30,10.5,83.5,7.8,,
1277,4/26/2025 23:00,9,85.5,6.7,,
1278,4/26/2025 23:30,8,88,6.1,,
1279,4/27/2025 0:00,8,87.5,6.1,,
1280,4/27/2025 0:30,7.5,88.5,5.7,,
1281,4/27/2025 1:00,7.5,89,5.8,,
1282,4/27/2025 1:30,6.5,89,4.8,,
1283,4/27/2025 2:00,7.5,91,6.1,,
1284,4/27/2025 2:30,7.5,91,6.1,,
1285,4/27/2025 3:00,8.5,91,7.1,,
1286,4/27/2025 3:30,8,90,6.5,,
1287,4/27/2025 4:00,8.5,90.5,7,,
1288,4/27/2025 4:30,10,92,8.8,,
1289,4/27/2025 5:00,10,91,8.6,,
1290,4/27/2025 5:30,10,92,8.8,,
1291,4/27/2025 6:00,10,92,8.8,,
1292,4/27/2025 6:30,9.5,92.5,8.3,,
1293,4/27/2025 7:00,10,93.5,9,,
1294,4/27/2025 7:30,10.5,94,9.6,,
1295,4/27/2025 8:00,11,94,10.1,,
1296,4/27/2025 8:30,14,88.5,12.1,,
1297,4/27/2025 9:00,15.5,80.5,12.2,,
1298,4/27/2025 9:30,17,75,12.5,,
1299,4/27/2025 10:00,17,72.5,12,,
1300,4/27/2025 10:30,18.5,69.5,12.8,,
1301,4/27/2025 11:00,16,76,11.8,,
1302,4/27/2025 11:30,18.5,66,12,,
1303,4/27/2025 12:00,17.5,67.5,11.4,,
1304,4/27/2025 12:30,18,68,12,,
1305,4/27/2025 13:00,18,68,12,,
1306,4/27/2025 13:30,17.5,68.5,11.6,,
1307,4/27/2025 14:00,17.5,68,11.5,,
1308,4/27/2025 14:30,18,66.5,11.7,,
1309,4/27/2025 15:00,18,66.5,11.7,,
1310,4/27/2025 15:30,17.5,66.5,11.2,,
1311,4/27/2025 16:00,17.5,66,11.1,,
1312,4/27/2025 16:30,18,63,10.9,,
1313,4/27/2025 17:00,16,69.5,10.4,,
1314,4/27/2025 17:30,15,71.5,9.9,,
1315,4/27/2025 18:00,14.5,73,9.7,,
1316,4/27/2025 18:30,14.5,72,9.5,,
1317,4/27/2025 19:00,14,76.5,9.9,,
1318,4/27/2025 19:30,13,76.5,9,,
1319,4/27/2025 20:00,12.5,76,8.4,,
1320,4/27/2025 20:30,12,79.5,8.6,,
1321,4/27/2025 21:00,11.5,80.5,8.3,,
1322,4/27/2025 21:30,11,82,8,,
1323,4/27/2025 22:00,11,81,7.9,,
1324,4/27/2025 22:30,11,82,8,,
1325,4/27/2025 23:00,11,82,8,,
1326,4/27/2025 23:30,11.5,82.5,8.6,,
1327,4/28/2025 0:00,11,82,8,,
1328,4/28/2025 0:30,11,82,8,,
1329,4/28/2025 1:00,11.5,81.5,8.4,,
1330,4/28/2025 1:30,11,81.5,8,,
1331,4/28/2025 2:00,11,83,8.2,,
1332,4/28/2025 2:30,11,82.5,8.1,,
1333,4/28/2025 3:00,11,84.5,8.5,,
1334,4/28/2025 3:30,11,85.5,8.7,,
1335,4/28/2025 4:00,11,84.5,8.5,,
1336,4/28/2025 4:30,11,85,8.6,,
1337,4/28/2025 5:00,10.5,85.5,8.2,,
1338,4/28/2025 5:30,10.5,87,8.4,,
1339,4/28/2025 6:00,10.5,87.5,8.5,,
1340,4/28/2025 6:30,10.5,87.5,8.5,,
1341,4/28/2025 7:00,11,88,9.1,,
1342,4/28/2025 7:30,12,84.5,9.5,,
1343,4/28/2025 8:00,13,80,9.6,,
1344,4/28/2025 8:30,14,75.5,9.7,,
1345,4/28/2025 9:00,15,73,10.2,,
1346,4/28/2025 9:30,16,69,10.3,,
1347,4/28/2025 10:00,17,66.5,10.7,,
1348,4/28/2025 10:30,17,66,10.6,,
1349,4/28/2025 11:00,17.5,64,10.6,,
1350,4/28/2025 11:30,17.5,62,10.1,,
1351,4/28/2025 12:00,17.5,63,10.4,,
1352,4/28/2025 12:30,18,61,10.4,,
1353,4/28/2025 13:00,17,67,10.8,,
1354,4/28/2025 13:30,17.5,64.5,10.7,,
1355,4/28/2025 14:00,18,63.5,11,,
1356,4/28/2025 14:30,17.5,65,10.9,,
1357,4/28/2025 15:00,17.5,65.5,11,,
1358,4/28/2025 15:30,17.5,65,10.9,,
1359,4/28/2025 16:00,17,66.5,10.7,,
1360,4/28/2025 16:30,17,66.5,10.7,,
1361,4/28/2025 17:00,17.5,67,11.3,,
1362,4/28/2025 17:30,17,67,10.8,,
1363,4/28/2025 18:00,16,69.5,10.4,,
1364,4/28/2025 18:30,15.5,70.5,10.2,,
1365,4/28/2025 19:00,14.5,74,9.9,,
1366,4/28/2025 19:30,13.5,80.5,10.2,,
1367,4/28/2025 20:00,12.5,83.5,9.8,,
1368,4/28/2025 20:30,12,85.5,9.6,,
1369,4/28/2025 21:00,12,87,9.9,,
1370,4/28/2025 21:30,12,86,9.7,,
1371,4/28/2025 22:00,12,87,9.9,,
1372,4/28/2025 22:30,11.5,87.5,9.5,,
1373,4/28/2025 23:00,11,90,9.4,,
1374,4/28/2025 23:30,11.5,89.5,9.8,,
1375,4/29/2025 0:00,11,90,9.4,,
1376,4/29/2025 0:30,11,90.5,9.5,,
1377,4/29/2025 1:00,11,91,9.6,,
1378,4/29/2025 1:30,10.5,92,9.3,,
1379,4/29/2025 2:00,10,91.5,8.7,,
1380,4/29/2025 2:30,10,92,8.8,,
1381,4/29/2025 3:00,8,91.5,6.7,,
1382,4/29/2025 3:30,9.5,93.5,8.5,,
1383,4/29/2025 4:00,10,92.5,8.8,,
1384,4/29/2025 4:30,10,91.5,8.7,,
1385,4/29/2025 5:00,10,92,8.8,,
1386,4/29/2025 5:30,8,91.5,6.7,,
1387,4/29/2025 6:00,9.5,94,8.6,,
1388,4/29/2025 6:30,10,92,8.8,,
1389,4/29/2025 7:00,9.5,92.5,8.3,,
1390,4/29/2025 7:30,12,91.5,10.7,,
1391,4/29/2025 8:00,13.5,87,11.4,,
1392,4/29/2025 8:30,14.5,82.5,11.6,,
1393,4/29/2025 9:00,16,75.5,11.7,,
1394,4/29/2025 9:30,15,78.5,11.3,,
1395,4/29/2025 10:00,16,74.5,11.5,,
1396,4/29/2025 10:30,15.5,76,11.3,,
1397,4/29/2025 11:00,16.5,72,11.4,,
1398,4/29/2025 11:30,17.5,70.5,12.1,,
1399,4/29/2025 12:00,17.5,69.5,11.9,,
1400,4/29/2025 12:30,18,68.5,12.1,,
1401,4/29/2025 13:00,18,68,12,,
1402,4/29/2025 13:30,17.5,70,12,,
1403,4/29/2025 14:00,17.5,70,12,,
1404,4/29/2025 14:30,17.5,70.5,12.1,,
1405,4/29/2025 15:00,17,72,11.9,,
1406,4/29/2025 15:30,16.5,72,11.4,,
1407,4/29/2025 16:00,16,74.5,11.5,,
1408,4/29/2025 16:30,16,74,11.4,,
1409,4/29/2025 17:00,16,75.5,11.7,,
1410,4/29/2025 17:30,15.5,76,11.3,,
1411,4/29/2025 18:00,15,78.5,11.3,,
1412,4/29/2025 18:30,14.5,81,11.3,,
1413,4/29/2025 19:00,14,82,11,,
1414,4/29/2025 19:30,13,85,10.5,,
1415,4/29/2025 20:00,12,88,10.1,,
1416,4/29/2025 20:30,11.5,91,10.1,,
1417,4/29/2025 21:00,11.5,92,10.2,,
1418,4/29/2025 21:30,11.5,93,10.4,,
1419,4/29/2025 22:00,11,93.5,10,,
1420,4/29/2025 22:30,11,93.5,10,,
1421,4/29/2025 23:00,11,94,10.1,,
1422,4/29/2025 23:30,11,94.5,10.2,,
1423,4/30/2025 0:00,11,93.5,10,,
1424,4/30/2025 0:30,11,94.5,10.2,,
1425,4/30/2025 1:00,11,95,10.2,,
1426,4/30/2025 1:30,10.5,95,9.7,,
1427,4/30/2025 2:00,9.5,94.5,8.7,,
1428,4/30/2025 2:30,9,95,8.2,,
1429,4/30/2025 3:00,10,96,9.4,,
1430,4/30/2025 3:30,10.5,95.5,9.8,,
1431,4/30/2025 4:00,11,95.5,10.3,,
1432,4/30/2025 4:30,11.5,95.5,10.8,,
1433,4/30/2025 5:00,11.5,95.5,10.8,,
1434,4/30/2025 5:30,11.5,96,10.9,,
1435,4/30/2025 6:00,11.5,96.5,11,,
1436,4/30/2025 6:30,11.5,97,11,,
1437,4/30/2025 7:00,11.5,97,11,,
1438,4/30/2025 7:30,11.5,97,11,,
1439,4/30/2025 8:00,12,96.5,11.5,,
1440,4/30/2025 8:30,12,96.5,11.5,,
1441,4/30/2025 9:00,12.5,96,11.9,,
1442,4/30/2025 9:30,12.5,95,11.7,,
1443,4/30/2025 10:00,13,94,12.1,,
1444,4/30/2025 10:30,13,92.5,11.8,,
1445,4/30/2025 11:00,13.5,92,12.2,,
1446,4/30/2025 11:30,13.5,90.5,12,,
1447,4/30/2025 12:00,14.5,90,12.9,,
1448,4/30/2025 12:30,14.5,86.5,12.3,,
1449,4/30/2025 13:00,15,85,12.5,,
1450,4/30/2025 13:30,15,83,12.1,,
1451,4/30/2025 14:00,16,79.5,12.5,,
1452,4/30/2025 14:30,16.5,79.5,12.9,,
1453,4/30/2025 15:00,16,79,12.4,,
1454,4/30/2025 15:30,16,79,12.4,,
1455,4/30/2025 16:00,15,80.5,11.7,,
1456,4/30/2025 16:30,15,80.5,11.7,,
1457,4/30/2025 17:00,15,81,11.8,,
1458,4/30/2025 17:30,15,81.5,11.9,,
1459,4/30/2025 18:00,14.5,82.5,11.6,,
1460,4/30/2025 18:30,14,85.5,11.6,,
1461,4/30/2025 19:00,13.5,89,11.7,,
1462,4/30/2025 19:30,13,89.5,11.3,,
1463,4/30/2025 20:00,13,89.5,11.3,,
1464,4/30/2025 20:30,12.5,89.5,10.8,,
1465,4/30/2025 21:00,12.5,90,10.9,,
1466,4/30/2025 21:30,12.5,90.5,11,,
1467,4/30/2025 22:00,12.5,90,10.9,,
1468,4/30/2025 22:30,12.5,90,10.9,,
1469,4/30/2025 23:00,12.5,89.5,10.8,,
1470,4/30/2025 23:30,12.5,90,10.9,,
1471,5/1/2025 0:00,12.5,90,10.9,,
1472,5/1/2025 0:30,12.5,90.5,11,,
1473,5/1/2025 1:00,12,90.5,10.5,,
1474,5/1/2025 1:30,12,90.5,10.5,,
1475,5/1/2025 2:00,12,90,10.4,,
1476,5/1/2025 2:30,12,89.5,10.3,,
1477,5/1/2025 3:00,12,89.5,10.3,,
1478,5/1/2025 3:30,12,90,10.4,,
1479,5/1/2025 4:00,12,90.5,10.5,,
1480,5/1/2025 4:30,12,90.5,10.5,,
1481,5/1/2025 5:00,12,89.5,10.3,,
1482,5/1/2025 5:30,12,89.5,10.3,,
1483,5/1/2025 6:00,12,89.5,10.3,,
1484,5/1/2025 6:30,12,89.5,10.3,,
1485,5/1/2025 7:00,11.5,91,10.1,,
1486,5/1/2025 7:30,11.5,91.5,10.2,,
1487,5/1/2025 8:00,11.5,92,10.2,,
1488,5/1/2025 8:30,12,92.5,10.8,,
1489,5/1/2025 9:00,12.5,92,11.2,,
1490,5/1/2025 9:30,13,90,11.4,,
1491,5/1/2025 10:00,14,87,11.9,,
1492,5/1/2025 10:30,14.5,85.5,12.1,,
1493,5/1/2025 11:00,15.5,82,12.4,,
1494,5/1/2025 11:30,16,79,12.4,,
1495,5/1/2025 12:00,16.5,76.5,12.4,,
1496,5/1/2025 12:30,16.5,76,12.3,,
1497,5/1/2025 13:00,17,75.5,12.6,,
1498,5/1/2025 13:30,17,74,12.3,,
1499,5/1/2025 14:00,17.5,72,12.4,,
1500,5/1/2025 14:30,17,73.5,12.2,,
1501,5/1/2025 15:00,17,73.5,12.2,,
1502,5/1/2025 15:30,16.5,75,12.1,,
1503,5/1/2025 16:00,16,76.5,11.9,,
1504,5/1/2025 16:30,15.5,78.5,11.8,,
1505,5/1/2025 17:00,15.5,78.5,11.8,,
1506,5/1/2025 17:30,15.5,79,11.9,,
1507,5/1/2025 18:00,16,77.5,12.1,,
1508,5/1/2025 18:30,15,80,11.6,,
1509,5/1/2025 19:00,14.5,82,11.5,,
1510,5/1/2025 19:30,14.5,81,11.3,,
1511,5/1/2025 20:00,13,84.5,10.5,,
1512,5/1/2025 20:30,12.5,88,10.6,,
1513,5/1/2025 21:00,12,90,10.4,,
1514,5/1/2025 21:30,12,90.5,10.5,,
1515,5/1/2025 22:00,11.5,91.5,10.2,,
1516,5/1/2025 22:30,11.5,92,10.2,,
1517,5/1/2025 23:00,11.5,92.5,10.3,,
1518,5/1/2025 23:30,11.5,92.5,10.3,,
1519,5/2/2025 0:00,11.5,93,10.4,,
1520,5/2/2025 0:30,11,93.5,10,,
1521,5/2/2025 1:00,11,94,10.1,,
1522,5/2/2025 1:30,11,94,10.1,,
1523,5/2/2025 2:00,11.5,93.5,10.5,,
1524,5/2/2025 2:30,12,92.5,10.8,,
1525,5/2/2025 3:00,12,92,10.7,,
1526,5/2/2025 3:30,12,92,10.7,,
1527,5/2/2025 4:00,12,91,10.6,,
1528,5/2/2025 4:30,12,91,10.6,,
1529,5/2/2025 5:00,12,90.5,10.5,,
1530,5/2/2025 5:30,12,90.5,10.5,,
1531,5/2/2025 6:00,11.5,91,10.1,,
1532,5/2/2025 6:30,11.5,92,10.2,,
1533,5/2/2025 7:00,11.5,92,10.2,,
1534,5/2/2025 7:30,12,89.5,10.3,,
1535,5/2/2025 8:00,12.5,88.5,10.7,,
1536,5/2/2025 8:30,13.5,85,11,,
1537,5/2/2025 9:00,14,84,11.3,,
1538,5/2/2025 9:30,14,82,11,,
1539,5/2/2025 10:00,15,81.5,11.9,,
1540,5/2/2025 10:30,15.5,77,11.5,,
1541,5/2/2025 11:00,16,76,11.8,,
1542,5/2/2025 11:30,17.5,70.5,12.1,,
1543,5/2/2025 12:00,18.5,67,12.3,,
1544,5/2/2025 12:30,18,67,11.8,,
1545,5/2/2025 13:00,18.5,66,12,,
1546,5/2/2025 13:30,18,65,11.3,,
1547,5/2/2025 14:00,18,65,11.3,,
1548,5/2/2025 14:30,18,65,11.3,,
1549,5/2/2025 15:00,18.5,64.5,11.7,,
1550,5/2/2025 15:30,18.5,62.5,11.2,,
1551,5/2/2025 16:00,18,66.5,11.7,,
1552,5/2/2025 16:30,17,68,11.1,,
1553,5/2/2025 17:00,16.5,69,10.8,,
1554,5/2/2025 17:30,16.5,69.5,10.9,,
1555,5/2/2025 18:00,16,71,10.7,,
1556,5/2/2025 18:30,16,73,11.2,,
1557,5/2/2025 19:00,15,75,10.6,,
1558,5/2/2025 19:30,14.5,77.5,10.6,,
1559,5/2/2025 20:00,13.5,81.5,10.4,,
1560,5/2/2025 20:30,13,82.5,10.1,,
1561,5/2/2025 21:00,13,83,10.2,,
1562,5/2/2025 21:30,13,83,10.2,,
1563,5/2/2025 22:00,13,84,10.4,,
1564,5/2/2025 22:30,12.5,84.5,10,,
1565,5/2/2025 23:00,12.5,84,9.9,,
1566,5/2/2025 23:30,12.5,84.5,10,,
1567,5/3/2025 0:00,12.5,85.5,10.1,,
1568,5/3/2025 0:30,13,85,10.5,,
1569,5/3/2025 1:00,12,85,9.6,,
1570,5/3/2025 1:30,11,88,9.1,,
1571,5/3/2025 2:00,11.5,87.5,9.5,,
1572,5/3/2025 2:30,11,89,9.3,,
1573,5/3/2025 3:00,12,90.5,10.5,,
1574,5/3/2025 3:30,11.5,91,10.1,,
1575,5/3/2025 4:00,12,89.5,10.3,,
1576,5/3/2025 4:30,12.5,89,10.7,,
1577,5/3/2025 5:00,12.5,88.5,10.7,,
1578,5/3/2025 5:30,12.5,89,10.7,,
1579,5/3/2025 6:00,12.5,87.5,10.5,,
1580,5/3/2025 6:30,12.5,88,10.6,,
1581,5/3/2025 7:00,12.5,88,10.6,,
1582,5/3/2025 7:30,13,87,10.9,,
1583,5/3/2025 8:00,13,87.5,11,,
1584,5/3/2025 8:30,13,90.5,11.5,,
1585,5/3/2025 9:00,13.5,86.5,11.3,,
1586,5/3/2025 9:30,14.5,82.5,11.6,,
1587,5/3/2025 10:00,14.5,84,11.8,,
1588,5/3/2025 10:30,14.5,81,11.3,,
1589,5/3/2025 11:00,14,85,11.5,,
1590,5/3/2025 11:30,14,82.5,11.1,,
1591,5/3/2025 12:00,14,83.5,11.3,,
1592,5/3/2025 12:30,15.5,79.5,12,,
1593,5/3/2025 13:00,17,71.5,11.8,,
1594,5/3/2025 13:30,17.5,69.5,11.9,,
1595,5/3/2025 14:00,17.5,69,11.8,,
1596,5/3/2025 14:30,16.5,70.5,11.1,,
1597,5/3/2025 15:00,16,70.5,10.6,,
1598,5/3/2025 15:30,15.5,74,10.9,,
1599,5/3/2025 16:00,15,73,10.2,,
1600,5/3/2025 16:30,14.5,74.5,10,,
1601,5/3/2025 17:00,14,77,10,,
1602,5/3/2025 17:30,15,70.5,9.7,,
1603,5/3/2025 18:00,13.5,76,9.4,,
1604,5/3/2025 18:30,13.5,75.5,9.3,,
1605,5/3/2025 19:00,13,78,9.3,,
1606,5/3/2025 19:30,12.5,77,8.6,,
1607,5/3/2025 20:00,12.5,78.5,8.9,,
1608,5/3/2025 20:30,12,76.5,8,,
1609,5/3/2025 21:00,11.5,78,7.8,,
1610,5/3/2025 21:30,11.5,79,8,,
1611,5/3/2025 22:00,11.5,77.5,7.7,,
1612,5/3/2025 22:30,11.5,80,8.2,,
1613,5/3/2025 23:00,11.5,80.5,8.3,,
1614,5/3/2025 23:30,11.5,81,8.4,,
1615,5/4/2025 0:00,11,80.5,7.8,,
1616,5/4/2025 0:30,11,80.5,7.8,,
1617,5/4/2025 1:00,11,81,7.9,,
1618,5/4/2025 1:30,11,80.5,7.8,,
1619,5/4/2025 2:00,11,79.5,7.6,,
1620,5/4/2025 2:30,11,79,7.5,,
1621,5/4/2025 3:00,11,81,7.9,,
1622,5/4/2025 3:30,11,80,7.7,,
1623,5/4/2025 4:00,11,80.5,7.8,,
1624,5/4/2025 4:30,11,80,7.7,,
1625,5/4/2025 5:00,11,80.5,7.8,,
1626,5/4/2025 5:30,11,81,7.9,,
1627,5/4/2025 6:00,11,81,7.9,,
1628,5/4/2025 6:30,11,82,8,,
1629,5/4/2025 7:00,11,80,7.7,,
1630,5/4/2025 7:30,11.5,79,8,,
1631,5/4/2025 8:00,12.5,77,8.6,,
1632,5/4/2025 8:30,14,74,9.4,,
1633,5/4/2025 9:00,13.5,72,8.6,,
1634,5/4/2025 9:30,14,69.5,8.5,,
1635,5/4/2025 10:00,14.5,66.5,8.3,,
1636,5/4/2025 10:30,15.5,65,9,,
1637,5/4/2025 11:00,17,62.5,9.8,,
1638,5/4/2025 11:30,16.5,60.5,8.8,,
1639,5/4/2025 12:00,16.5,62.5,9.3,,
1640,5/4/2025 12:30,15.5,66.5,9.3,,
1641,5/4/2025 13:00,14,71.5,8.9,,
1642,5/4/2025 13:30,16,67.5,10,,
1643,5/4/2025 14:00,15,70,9.6,,
1644,5/4/2025 14:30,15,72,10,,
1645,5/4/2025 15:00,14.5,72.5,9.6,,
1646,5/4/2025 15:30,15,71.5,9.9,,
1647,5/4/2025 16:00,16,67,9.9,,
1648,5/4/2025 16:30,16,67,9.9,,
1649,5/4/2025 17:00,15.5,67.5,9.5,,
1650,5/4/2025 17:30,15,68.5,9.3,,
1651,5/4/2025 18:00,14.5,69,8.9,,
1652,5/4/2025 18:30,14,71.5,8.9,,
1653,5/4/2025 19:00,13.5,73,8.8,,
1654,5/4/2025 19:30,12.5,77,8.6,,
1655,5/4/2025 20:00,11.5,79,8,,
1656,5/4/2025 20:30,11.5,80.5,8.3,,
1657,5/4/2025 21:00,11.5,81,8.4,,
1658,5/4/2025 21:30,11,81,7.9,,
1659,5/4/2025 22:00,11,82,8,,
1660,5/4/2025 22:30,10,83,7.3,,
1661,5/4/2025 23:00,9.5,83.5,6.8,,
1662,5/4/2025 23:30,8,84.5,5.6,,
1663,5/5/2025 0:00,9,87,7,,
1664,5/5/2025 0:30,9,87.5,7,,
1665,5/5/2025 1:00,9,88.5,7.2,,
1666,5/5/2025 1:30,9.5,88,7.6,,
1667,5/5/2025 2:00,9.5,89,7.8,,
1668,5/5/2025 2:30,10.5,88.5,8.7,,
1669,5/5/2025 3:00,10,89,8.3,,
1670,5/5/2025 3:30,9.5,89.5,7.9,,
1671,5/5/2025 4:00,7.5,88.5,5.7,,
1672,5/5/2025 4:30,9,92,7.8,,
1673,5/5/2025 5:00,9.5,91,8.1,,
1674,5/5/2025 5:30,9.5,92,8.3,,
1675,5/5/2025 6:00,9.5,91.5,8.2,,
1676,5/5/2025 6:30,9.5,93.5,8.5,,
1677,5/5/2025 7:00,10,93,8.9,,
1678,5/5/2025 7:30,12,90.5,10.5,,
1679,5/5/2025 8:00,14,84,11.3,,
1680,5/5/2025 8:30,15.5,77,11.5,,
1681,5/5/2025 9:00,16,73,11.2,,
1682,5/5/2025 9:30,16.5,72.5,11.5,,
1683,5/5/2025 10:00,16.5,71.5,11.3,,
1684,5/5/2025 10:30,16.5,72.5,11.5,,
1685,5/5/2025 11:00,18.5,67.5,12.4,,
1686,5/5/2025 11:30,18,68,12,,
1687,5/5/2025 12:00,18.5,68,12.5,,
1688,5/5/2025 12:30,18.5,69.5,12.8,,
1689,5/5/2025 13:00,18.5,68,12.5,,
1690,5/5/2025 13:30,19,66,12.5,,
1691,5/5/2025 14:00,19,65.5,12.4,,
1692,5/5/2025 14:30,18.5,66,12,,
1693,5/5/2025 15:00,19,65,12.3,,
1694,5/5/2025 15:30,18.5,65,11.8,,
1695,5/5/2025 16:00,19.5,63.5,12.4,,
1696,5/5/2025 16:30,20,61.5,12.4,,
1697,5/5/2025 17:00,19.5,62,12,,
1698,5/5/2025 17:30,18.5,65,11.8,,
1699,5/5/2025 18:00,18.5,64.5,11.7,,
1700,5/5/2025 18:30,18,66.5,11.7,,
1701,5/5/2025 19:00,17,70,11.5,,
1702,5/5/2025 19:30,15.5,73.5,10.8,,
1703,5/5/2025 20:00,14,77.5,10.1,,
1704,5/5/2025 20:30,12.5,82.5,9.6,,
1705,5/5/2025 21:00,11,82.5,8.1,,
1706,5/5/2025 21:30,10,85,7.6,,
1707,5/5/2025 22:00,10,87,7.9,,
1708,5/5/2025 22:30,10,88,8.1,,
1709,5/5/2025 23:00,9,88.5,7.2,,
1710,5/5/2025 23:30,9.5,90,7.9,,
1711,5/6/2025 0:00,9.5,90,7.9,,
1712,5/6/2025 0:30,10.5,91.5,9.2,,
1713,5/6/2025 1:00,12,92,10.7,,
1714,5/6/2025 1:30,12.5,92.5,11.3,,
1715,5/6/2025 2:00,12.5,92.5,11.3,,
1716,5/6/2025 2:30,12.5,92,11.2,,
1717,5/6/2025 3:00,12.5,92,11.2,,
1718,5/6/2025 3:30,12.5,92,11.2,,
1719,5/6/2025 4:00,13,91.5,11.6,,
1720,5/6/2025 4:30,13,90.5,11.5,,
1721,5/6/2025 5:00,13,89.5,11.3,,
1722,5/6/2025 5:30,13,90,11.4,,
1723,5/6/2025 6:00,13,90.5,11.5,,
1724,5/6/2025 6:30,13,90.5,11.5,,
1725,5/6/2025 7:00,13,90,11.4,,
1726,5/6/2025 7:30,13.5,89.5,11.8,,
1727,5/6/2025 8:00,13.5,88.5,11.6,,
1728,5/6/2025 8:30,14,87,11.9,,
1729,5/6/2025 9:00,14.5,84.5,11.9,,
1730,5/6/2025 9:30,15.5,81,12.3,,
1731,5/6/2025 10:00,16.5,78,12.7,,
1732,5/6/2025 10:30,17.5,74.5,12.9,,
1733,5/6/2025 11:00,19.5,70.5,14,,
1734,5/6/2025 11:30,20.5,66,13.9,,
1735,5/6/2025 12:00,19,66.5,12.6,,
1736,5/6/2025 12:30,19,68,13,,
1737,5/6/2025 13:00,19.5,65,12.7,,
1738,5/6/2025 13:30,19,67,12.7,,
1739,5/6/2025 14:00,19,66,12.5,,
1740,5/6/2025 14:30,20,62.5,12.6,,
1741,5/6/2025 15:00,19.5,65,12.7,,
1742,5/6/2025 15:30,19.5,62.5,12.2,,
1743,5/6/2025 16:00,19.5,61.5,11.9,,
1744,5/6/2025 16:30,19,64.5,12.2,,
1745,5/6/2025 17:00,19,64.5,12.2,,
1746,5/6/2025 17:30,19.5,63.5,12.4,,
1747,5/6/2025 18:00,19.5,63.5,12.4,,
1748,5/6/2025 18:30,19,63,11.8,,
1749,5/6/2025 19:00,18.5,64.5,11.7,,
1750,5/6/2025 19:30,17,68.5,11.2,,
1751,5/6/2025 20:00,14.5,74.5,10,,
1752,5/6/2025 20:30,12.5,76.5,8.5,,
1753,5/6/2025 21:00,11.5,80.5,8.3,,
1754,5/6/2025 21:30,10.5,81,7.4,,
1755,5/6/2025 22:00,9.5,83,6.8,,
1756,5/6/2025 22:30,9.5,85,7.1,,
1757,5/6/2025 23:00,8.5,85.5,6.2,,
1758,5/6/2025 23:30,8,86.5,5.9,,
1759,5/7/2025 0:00,7.5,87.5,5.6,,
1760,5/7/2025 0:30,8,89,6.3,,
1761,5/7/2025 1:00,9,90,7.5,,
1762,5/7/2025 1:30,10,90.5,8.5,,
1763,5/7/2025 2:00,9.5,90.5,8,,
1764,5/7/2025 2:30,8,90.5,6.5,,
1765,5/7/2025 3:00,8,91.5,6.7,,
1766,5/7/2025 3:30,7,91,5.6,,
1767,5/7/2025 4:00,6.5,92.5,5.4,,
1768,5/7/2025 4:30,7.5,93,6.4,,
1769,5/7/2025 5:00,9,94,8.1,,
1770,5/7/2025 5:30,10,93.5,9,,
1771,5/7/2025 6:00,11,94,10.1,,
1772,5/7/2025 6:30,11,94,10.1,,
1773,5/7/2025 7:00,11.5,94,10.6,,
1774,5/7/2025 7:30,12.5,94.5,11.6,,
1775,5/7/2025 8:00,13,93.5,12,,
1776,5/7/2025 8:30,14,91.5,12.6,,
1777,5/7/2025 9:00,14.5,88.5,12.6,,
1778,5/7/2025 9:30,15,83,12.1,,
1779,5/7/2025 10:00,16,77.5,12.1,,
1780,5/7/2025 10:30,16,76.5,11.9,,
1781,5/7/2025 11:00,16.5,73.5,11.8,,
1782,5/7/2025 11:30,17,72,11.9,,
1783,5/7/2025 12:00,18,71.5,12.8,,
1784,5/7/2025 12:30,19.5,65,12.7,,
1785,5/7/2025 13:00,20,64,13,,
1786,5/7/2025 13:30,20.5,60.5,12.6,,
1787,5/7/2025 14:00,19.5,62,12,,
1788,5/7/2025 14:30,19.5,63,12.3,,
1789,5/7/2025 15:00,20,61,12.3,,
1790,5/7/2025 15:30,19,64,12,,
1791,5/7/2025 16:00,18.5,65,11.8,,
1792,5/7/2025 16:30,18.5,66,12,,
1793,5/7/2025 17:00,18,66.5,11.7,,
1794,5/7/2025 17:30,18,68.5,12.1,,
1795,5/7/2025 18:00,17,70.5,11.6,,
1796,5/7/2025 18:30,16.5,73.5,11.8,,
1797,5/7/2025 19:00,16,75.5,11.7,,
1798,5/7/2025 19:30,15,80.5,11.7,,
1799,5/7/2025 20:00,14,84,11.3,,
1800,5/7/2025 20:30,13.5,86,11.2,,
1801,5/7/2025 21:00,14,85,11.5,,
1802,5/7/2025 21:30,13.5,84.5,10.9,,
1803,5/7/2025 22:00,13.5,82,10.5,,
1804,5/7/2025 22:30,13.5,81,10.3,,
1805,5/7/2025 23:00,13,83,10.2,,
1806,5/7/2025 23:30,13.5,80,10.1,,
1807,5/8/2025 0:00,13.5,78.5,9.8,,
1808,5/8/2025 0:30,13.5,79.5,10,,
1809,5/8/2025 1:00,12.5,80.5,9.2,,
1810,5/8/2025 1:30,11,81,7.9,,
1811,5/8/2025 2:00,11,86,8.8,,
1812,5/8/2025 2:30,11,88,9.1,,
1813,5/8/2025 3:00,10.5,88,8.6,,
1814,5/8/2025 3:30,9,88,7.1,,
1815,5/8/2025 4:00,7.5,88.5,5.7,,
1816,5/8/2025 4:30,7,90,5.5,,
1817,5/8/2025 5:00,8,91.5,6.7,,
1818,5/8/2025 5:30,7.5,93.5,6.5,,
1819,5/8/2025 6:00,10,95,9.2,,
1820,5/8/2025 6:30,10,94,9.1,,
1821,5/8/2025 7:00,11.5,93.5,10.5,,
1822,5/8/2025 7:30,14,89.5,12.3,,
1823,5/8/2025 8:00,15,84.5,12.4,,
1824,5/8/2025 8:30,17,76,12.7,,
1825,5/8/2025 9:00,17.5,74,12.8,,
1826,5/8/2025 9:30,18,72,12.9,,
1827,5/8/2025 10:00,18,71,12.7,,
1828,5/8/2025 10:30,18,71.5,12.8,,
1829,5/8/2025 11:00,18,70.5,12.6,,
1830,5/8/2025 11:30,18,70.5,12.6,,
1831,5/8/2025 12:00,18,69.5,12.3,,
1832,5/8/2025 12:30,18,69,12.2,,
1833,5/8/2025 13:00,18.5,66.5,12.1,,
1834,5/8/2025 13:30,18.5,67.5,12.4,,
1835,5/8/2025 14:00,18.5,66.5,12.1,,
1836,5/8/2025 14:30,18.5,67.5,12.4,,
1837,5/8/2025 15:00,18.5,67,12.3,,
1838,5/8/2025 15:30,18.5,68,12.5,,
1839,5/8/2025 16:00,19,67,12.7,,
1840,5/8/2025 16:30,18.5,68,12.5,,
1841,5/8/2025 17:00,18.5,68,12.5,,
1842,5/8/2025 17:30,17.5,71.5,12.3,,
1843,5/8/2025 18:00,17,73,12.1,,
1844,5/8/2025 18:30,15.5,77,11.5,,
1845,5/8/2025 19:00,15,80,11.6,,
1846,5/8/2025 19:30,14,84.5,11.4,,
1847,5/8/2025 20:00,13,88,11.1,,
1848,5/8/2025 20:30,12.5,90.5,11,,
1849,5/8/2025 21:00,12.5,91,11.1,,
1850,5/8/2025 21:30,12.5,91.5,11.2,,
1851,5/8/2025 22:00,12,92,10.7,,
1852,5/8/2025 22:30,12,93,10.9,,
1853,5/8/2025 23:00,12,93.5,11,,
1854,5/8/2025 23:30,12,93.5,11,,
1855,5/9/2025 0:00,12,93.5,11,,
1856,5/9/2025 0:30,12,93.5,11,,
1857,5/9/2025 1:00,12,94.5,11.1,,
1858,5/9/2025 1:30,11.5,95,10.7,,
1859,5/9/2025 2:00,12,95,11.2,,
1860,5/9/2025 2:30,11.5,95,10.7,,
1861,5/9/2025 3:00,10.5,95,9.7,,
1862,5/9/2025 3:30,12,96,11.4,,
1863,5/9/2025 4:00,13,96.5,12.5,,
1864,5/9/2025 4:30,12.5,97,12,,
1865,5/9/2025 5:00,11.5,96,10.9,,
1866,5/9/2025 5:30,11,96.5,10.5,,
1867,5/9/2025 6:00,10.5,97,10,,
1868,5/9/2025 6:30,10.5,96.5,10,,
1869,5/9/2025 7:00,10,97,9.5,,
1870,5/9/2025 7:30,14,97.5,13.6,,
1871,5/9/2025 8:00,17,94,16,,
1872,5/9/2025 8:30,18,86.5,15.7,,
1873,5/9/2025 9:00,16,87.5,13.9,,
1874,5/9/2025 9:30,15.5,90,13.9,,
1875,5/9/2025 10:00,18,86.5,15.7,,
1876,5/9/2025 10:30,18,78.5,14.2,,
1877,5/9/2025 11:00,18.5,76,14.2,,
1878,5/9/2025 11:30,19,73,14.1,,
1879,5/9/2025 12:00,22,63,14.6,,
1880,5/9/2025 12:30,20.5,66.5,14,,
1881,5/9/2025 13:00,21.5,64,14.4,,
1882,5/9/2025 13:30,21,64.5,14.1,,
1883,5/9/2025 14:00,21.5,64.5,14.5,,
1884,5/9/2025 14:30,22,63,14.6,,
1885,5/9/2025 15:00,22.5,61,14.6,,
1886,5/9/2025 15:30,23.5,57.5,14.6,,
1887,5/9/2025 16:00,22.5,60.5,14.5,,
1888,5/9/2025 16:30,22,60,13.9,,
1889,5/9/2025 17:00,22,60.5,14,,
1890,5/9/2025 17:30,21.5,62,13.9,,
1891,5/9/2025 18:00,21,63,13.7,,
1892,5/9/2025 18:30,21,63,13.7,,
1893,5/9/2025 19:00,21,61.5,13.3,,
1894,5/9/2025 19:30,19.5,64.5,12.6,,
1895,5/9/2025 20:00,18,69.5,12.3,,
1896,5/9/2025 20:30,16,76,11.8,,
1897,5/9/2025 21:00,15.5,78.5,11.8,,
1898,5/9/2025 21:30,15,79.5,11.5,,
1899,5/9/2025 22:00,15,79,11.4,,
1900,5/9/2025 22:30,16,76,11.8,,
1901,5/9/2025 23:00,15.5,77,11.5,,
1902,5/9/2025 23:30,16,75,11.6,,
1903,5/10/2025 0:00,15.5,77,11.5,,
1904,5/10/2025 0:30,15,83.5,12.2,,
1905,5/10/2025 1:00,14.5,86.5,12.3,,
1906,5/10/2025 1:30,14.5,87,12.4,,
1907,5/10/2025 2:00,14.5,87,12.4,,
1908,5/10/2025 2:30,14.5,86.5,12.3,,
1909,5/10/2025 3:00,14,87.5,12,,
1910,5/10/2025 3:30,14,89,12.2,,
1911,5/10/2025 4:00,13.5,88,11.6,,
1912,5/10/2025 4:30,13,89,11.2,,
1913,5/10/2025 5:00,12,90.5,10.5,,
1914,5/10/2025 5:30,12.5,93.5,11.5,,
1915,5/10/2025 6:00,11.5,92,10.2,,
1916,5/10/2025 6:30,12.5,94.5,11.6,,
1917,5/10/2025 7:00,14.5,94,13.5,,
1918,5/10/2025 7:30,16.5,85.5,14.1,,
1919,5/10/2025 8:00,18,79.5,14.4,,
1920,5/10/2025 8:30,21,68,14.9,,
1921,5/10/2025 9:00,21,67,14.6,,
1922,5/10/2025 9:30,23,63,15.6,,
1923,5/10/2025 10:00,24.5,56,15.1,,
1924,5/10/2025 10:30,22,64.5,15,,
1925,5/10/2025 11:00,22,66.5,15.5,,
1926,5/10/2025 11:30,22,62,14.4,,
1927,5/10/2025 12:00,23,62.5,15.5,,
1928,5/10/2025 12:30,23,61,15.1,,
1929,5/10/2025 13:00,23,60,14.8,,
1930,5/10/2025 13:30,22.5,63,15.1,,
1931,5/10/2025 14:00,23,61,15.1,,
1932,5/10/2025 14:30,23.5,57.5,14.6,,
1933,5/10/2025 15:00,22.5,60.5,14.5,,
1934,5/10/2025 15:30,23,58.5,14.4,,
1935,5/10/2025 16:00,23,58.5,14.4,,
1936,5/10/2025 16:30,23,56.5,13.9,,
1937,5/10/2025 17:00,22.5,59,14.1,,
1938,5/10/2025 17:30,21,63,13.7,,
1939,5/10/2025 18:00,19.5,66,13,,
1940,5/10/2025 18:30,19,68,13,,
1941,5/10/2025 19:00,18.5,67.5,12.4,,
1942,5/10/2025 19:30,17.5,71.5,12.3,,
1943,5/10/2025 20:00,17,72,11.9,,
1944,5/10/2025 20:30,16.5,72.5,11.5,,
1945,5/10/2025 21:00,15.5,74.5,11,,
1946,5/10/2025 21:30,15.5,75,11.1,,
1947,5/10/2025 22:00,15,74.5,10.5,,
1948,5/10/2025 22:30,15,75,10.6,,
1949,5/10/2025 23:00,15,76,10.8,,
1950,5/10/2025 23:30,14.5,78,10.7,,
1951,5/11/2025 0:00,14.5,77.5,10.6,,
1952,5/11/2025 0:30,14.5,76.5,10.4,,
1953,5/11/2025 1:00,14.5,74.5,10,,
1954,5/11/2025 1:30,14.5,75.5,10.2,,
1955,5/11/2025 2:00,14,75,9.6,,
1956,5/11/2025 2:30,14,77.5,10.1,,
1957,5/11/2025 3:00,14,77,10,,
1958,5/11/2025 3:30,13.5,78,9.7,,
1959,5/11/2025 4:00,14,76,9.8,,
1960,5/11/2025 4:30,13.5,77,9.6,,
1961,5/11/2025 5:00,14,77,10,,
1962,5/11/2025 5:30,13.5,79,9.9,,
1963,5/11/2025 6:00,14,78,10.2,,
1964,5/11/2025 6:30,17.5,51,7.3,,
1965,5/11/2025 7:00,20,44.5,7.6,,
1966,5/11/2025 7:30,19.5,55.5,10.4,,
1967,5/11/2025 8:00,22,41.5,8.3,,
1968,5/11/2025 8:30,21,52,10.8,,
1969,5/11/2025 9:00,20,59.5,11.9,,
1970,5/11/2025 9:30,21,55,11.6,,
1971,5/11/2025 10:00,20.5,56,11.4,,
1972,5/11/2025 10:30,20.5,60,12.5,,
1973,5/11/2025 11:00,20.5,61.5,12.8,,
1974,5/11/2025 11:30,20,61.5,12.4,,
1975,5/11/2025 12:00,20,60,12,,
1976,5/11/2025 12:30,20,60.5,12.1,,
1977,5/11/2025 13:00,19.5,61.5,11.9,,
1978,5/11/2025 13:30,20,60,12,,
1979,5/11/2025 14:00,20,59,11.7,,
1980,5/11/2025 14:30,20,59,11.7,,
1981,5/11/2025 15:00,19,62,11.6,,
1982,5/11/2025 15:30,19,62,11.6,,
1983,5/11/2025 16:00,19.5,61.5,11.9,,
1984,5/11/2025 16:30,20,56,11,,
1985,5/11/2025 17:00,21,52,10.8,,
1986,5/11/2025 17:30,21.5,49,10.3,,
1987,5/11/2025 18:00,21,49.5,10,,
1988,5/11/2025 18:30,21,44.5,8.5,,
1989,5/11/2025 19:00,20,47,8.4,,
1990,5/11/2025 19:30,18.5,48.5,7.4,,
1991,5/11/2025 20:00,17.5,49.5,6.8,,
1992,5/11/2025 20:30,15.5,56.5,6.9,,
1993,5/11/2025 21:00,16.5,43.5,4.1,,
1994,5/11/2025 21:30,16,48,5,,
1995,5/11/2025 22:00,15.5,49.5,5,,
1996,5/11/2025 22:30,15,52.5,5.4,,
1997,5/11/2025 23:00,15,50.5,4.8,,
1998,5/11/2025 23:30,14.5,55.5,5.7,,
1999,5/12/2025 0:00,14.5,51.5,4.6,,
2000,5/12/2025 0:30,14,58,5.9,,
2001,5/12/2025 1:00,13.5,62.5,6.5,,
2002,5/12/2025 1:30,13,60.5,5.5,,
2003,5/12/2025 2:00,13.5,64.5,6.9,,
2004,5/12/2025 2:30,13,60,5.4,,
2005,5/12/2025 3:00,13,61,5.7,,
2006,5/12/2025 3:30,12.5,64.5,6,,
2007,5/12/2025 4:00,12.5,62.5,5.5,,
2008,5/12/2025 4:30,12.5,60,5,,
2009,5/12/2025 5:00,12.5,58.5,4.6,,
2010,5/12/2025 5:30,12,64.5,5.5,,
2011,5/12/2025 6:00,12,71,6.9,,
2012,5/12/2025 6:30,12,74.5,7.6,,
2013,5/12/2025 7:00,12,75.5,7.8,,
2014,5/12/2025 7:30,13.5,72,8.6,,
2015,5/12/2025 8:00,14,72.5,9.1,,
2016,5/12/2025 8:30,15,70,9.6,,
2017,5/12/2025 9:00,16.5,65,9.9,,
2018,5/12/2025 9:30,17,61.5,9.6,,
2019,5/12/2025 10:00,17,64.5,10.3,,
2020,5/12/2025 10:30,17.5,63,10.4,,
2021,5/12/2025 11:00,18.5,57.5,10,,
2022,5/12/2025 11:30,19.5,53.5,9.8,,
2023,5/12/2025 12:00,18,64,11.1,,
2024,5/12/2025 12:30,18.5,62.5,11.2,,
2025,5/12/2025 13:00,17.5,65.5,11,,
2026,5/12/2025 13:30,17.5,67.5,11.4,,
2027,5/12/2025 14:00,18.5,64.5,11.7,,
2028,5/12/2025 14:30,18,67.5,11.9,,
2029,5/12/2025 15:00,18.5,68,12.5,,
2030,5/12/2025 15:30,19,66.5,12.6,,
2031,5/12/2025 16:00,18.5,68,12.5,,
2032,5/12/2025 16:30,18.5,68,12.5,,
2033,5/12/2025 17:00,17.5,70.5,12.1,,
2034,5/12/2025 17:30,17,71,11.7,,
2035,5/12/2025 18:00,17,73.5,12.2,,
2036,5/12/2025 18:30,16.5,73,11.6,,
2037,5/12/2025 19:00,14.5,76,10.3,,
2038,5/12/2025 19:30,14,79.5,10.5,,
2039,5/12/2025 20:00,14,81,10.8,,
2040,5/12/2025 20:30,13,81.5,9.9,,
2041,5/12/2025 21:00,12.5,82,9.5,,
2042,5/12/2025 21:30,12.5,83.5,9.8,,
2043,5/12/2025 22:00,12,83.5,9.3,,
2044,5/12/2025 22:30,12,83,9.2,,
2045,5/12/2025 23:00,12,83,9.2,,
2046,5/12/2025 23:30,12,82.5,9.1,,
2047,5/13/2025 0:00,12,81.5,8.9,,
2048,5/13/2025 0:30,12,83,9.2,,
2049,5/13/2025 1:00,12.5,81.5,9.4,,
2050,5/13/2025 1:30,12.5,83.5,9.8,,
2051,5/13/2025 2:00,12.5,84,9.9,,
2052,5/13/2025 2:30,12.5,84.5,10,,
2053,5/13/2025 3:00,12.5,83.5,9.8,,
2054,5/13/2025 3:30,12,84,9.4,,
2055,5/13/2025 4:00,12,84,9.4,,
2056,5/13/2025 4:30,12,84.5,9.5,,
2057,5/13/2025 5:00,12,86.5,9.8,,
2058,5/13/2025 5:30,12,85.5,9.6,,
2059,5/13/2025 6:00,12,84,9.4,,
2060,5/13/2025 6:30,12,81,8.8,,
2061,5/13/2025 7:00,12.5,80,9.1,,
2062,5/13/2025 7:30,14,75.5,9.7,,
2063,5/13/2025 8:00,14,73.5,9.3,,
2064,5/13/2025 8:30,15,72,10,,
2065,5/13/2025 9:00,15.5,68.5,9.7,,
2066,5/13/2025 9:30,16.5,63.5,9.6,,
2067,5/13/2025 10:00,15.5,69.5,10,,
2068,5/13/2025 10:30,17.5,61,9.9,,
2069,5/13/2025 11:00,18,61.5,10.5,,
2070,5/13/2025 11:30,18,60.5,10.3,,
2071,5/13/2025 12:00,18.5,57.5,10,,
