LeBuhn3,Time,Celsius(°C),Humidity(%rh),Dew Point(°C),Comments,Serial Number
1,3/10/2025 13:30,21,44.5,8.5,,65057165
2,3/10/2025 14:00,21,44.5,8.5,,
3,3/10/2025 14:30,21.5,44,8.7,,
4,3/10/2025 15:00,21,49,9.9,,
5,3/10/2025 15:30,21.5,42.5,8.2,,
6,3/10/2025 16:00,21.5,43,8.4,,
7,3/10/2025 16:30,21,43.5,8.1,,
8,3/10/2025 17:00,21,43,8,,
9,3/10/2025 17:30,21,43.5,8.1,,
10,3/10/2025 18:00,21,43,8,,
11,3/10/2025 18:30,21,43,8,,
12,3/10/2025 19:00,16,48,5,,
13,3/10/2025 19:30,14,54,4.9,,
14,3/10/2025 20:00,12,57.5,3.9,,
15,3/10/2025 20:30,12,58.5,4.1,,
16,3/10/2025 21:00,11,69,5.5,,
17,3/10/2025 21:30,10.5,73.5,6,,
18,3/10/2025 22:00,10,74.5,5.7,,
19,3/10/2025 22:30,9.5,73,4.9,,
20,3/10/2025 23:00,10.5,61,3.3,,
21,3/10/2025 23:30,10.5,66,4.4,,
22,3/11/2025 0:00,10.5,66,4.4,,
23,3/11/2025 0:30,11.5,76,7.4,,
24,3/11/2025 1:00,11.5,81.5,8.4,,
25,3/11/2025 1:30,11.5,69,6,,
26,3/11/2025 2:00,12,61.5,4.8,,
27,3/11/2025 2:30,11.5,64.5,5,,
28,3/11/2025 3:00,11.5,68,5.8,,
29,3/11/2025 3:30,12,65.5,5.7,,
30,3/11/2025 4:00,11.5,71,6.4,,
31,3/11/2025 4:30,11,78,7.3,,
32,3/11/2025 5:00,11,76,6.9,,
33,3/11/2025 5:30,11,73,6.4,,
34,3/11/2025 6:00,11.5,64,4.9,,
35,3/11/2025 6:30,11,73,6.4,,
36,3/11/2025 7:00,10.5,79,7,,
37,3/11/2025 7:30,10.5,79.5,7.1,,
38,3/11/2025 8:00,9.5,88,7.6,,
39,3/11/2025 8:30,9.5,90,7.9,,
40,3/11/2025 9:00,9.5,90.5,8,,
41,3/11/2025 9:30,10,86,7.8,,
42,3/11/2025 10:00,11,82.5,8.1,,
43,3/11/2025 10:30,11,81.5,8,,
44,3/11/2025 11:00,12,78.5,8.4,,
45,3/11/2025 11:30,13.5,70.5,8.2,,
46,3/11/2025 12:00,13.5,70,8.1,,
47,3/11/2025 12:30,15,71,9.8,,
48,3/11/2025 13:00,14.5,72,9.5,,
49,3/11/2025 13:30,15,73,10.2,,
50,3/11/2025 14:00,15.5,70,10.1,,
51,3/11/2025 14:30,15.5,67,9.4,,
52,3/11/2025 15:00,15.5,66.5,9.3,,
53,3/11/2025 15:30,16.5,63.5,9.6,,
54,3/11/2025 16:00,17,65,10.4,,
55,3/11/2025 16:30,17,63.5,10,,
56,3/11/2025 17:00,16.5,64,9.7,,
57,3/11/2025 17:30,16.5,64,9.7,,
58,3/11/2025 18:00,16,65,9.4,,
59,3/11/2025 18:30,15,65,8.5,,
60,3/11/2025 19:00,14.5,68.5,8.8,,
61,3/11/2025 19:30,12.5,73.5,7.9,,
62,3/11/2025 20:00,11.5,77.5,7.7,,
63,3/11/2025 20:30,11,80,7.7,,
64,3/11/2025 21:00,10.5,80.5,7.3,,
65,3/11/2025 21:30,9.5,82.5,6.7,,
66,3/11/2025 22:00,10,82,7.1,,
67,3/11/2025 22:30,11,80.5,7.8,,
68,3/11/2025 23:00,11,78,7.3,,
69,3/11/2025 23:30,10.5,79.5,7.1,,
70,3/12/2025 0:00,10.5,80.5,7.3,,
71,3/12/2025 0:30,10,81,6.9,,
72,3/12/2025 1:00,10,80.5,6.8,,
73,3/12/2025 1:30,9.5,81,6.4,,
74,3/12/2025 2:00,9.5,82,6.6,,
75,3/12/2025 2:30,8.5,84,6,,
76,3/12/2025 3:00,9,83.5,6.4,,
77,3/12/2025 3:30,8,87.5,6.1,,
78,3/12/2025 4:00,7,92,5.8,,
79,3/12/2025 4:30,10,86.5,7.9,,
80,3/12/2025 5:00,10,88,8.1,,
81,3/12/2025 5:30,10,90.5,8.5,,
82,3/12/2025 6:00,10.5,90,8.9,,
83,3/12/2025 6:30,10.5,89,8.8,,
84,3/12/2025 7:00,9.5,91,8.1,,
85,3/12/2025 7:30,10,90.5,8.5,,
86,3/12/2025 8:00,10.5,90.5,9,,
87,3/12/2025 8:30,11.5,92.5,10.3,,
88,3/12/2025 9:00,11.5,92.5,10.3,,
89,3/12/2025 9:30,12,90,10.4,,
90,3/12/2025 10:00,12.5,91,11.1,,
91,3/12/2025 10:30,13,92,11.7,,
92,3/12/2025 11:00,14,85.5,11.6,,
93,3/12/2025 11:30,14.5,85.5,12.1,,
94,3/12/2025 12:00,17,75.5,12.6,,
95,3/12/2025 12:30,14.5,82.5,11.6,,
96,3/12/2025 13:00,14.5,80,11.1,,
97,3/12/2025 13:30,16.5,74,11.9,,
98,3/12/2025 14:00,17,73.5,12.2,,
99,3/12/2025 14:30,18,70.5,12.6,,
100,3/12/2025 15:00,16.5,75,12.1,,
101,3/12/2025 15:30,16,77.5,12.1,,
102,3/12/2025 16:00,15,80.5,11.7,,
103,3/12/2025 16:30,14,85.5,11.6,,
104,3/12/2025 17:00,14,81,10.8,,
105,3/12/2025 17:30,13.5,82,10.5,,
106,3/12/2025 18:00,13,84.5,10.5,,
107,3/12/2025 18:30,12.5,87.5,10.5,,
108,3/12/2025 19:00,12.5,89,10.7,,
109,3/12/2025 19:30,12,93.5,11,,
110,3/12/2025 20:00,12,94,11.1,,
111,3/12/2025 20:30,12.5,92,11.2,,
112,3/12/2025 21:00,11,92.5,9.8,,
113,3/12/2025 21:30,10,93.5,9,,
114,3/12/2025 22:00,9.5,94.5,8.7,,
115,3/12/2025 22:30,9.5,92.5,8.3,,
116,3/12/2025 23:00,10,92,8.8,,
117,3/12/2025 23:30,9.5,93.5,8.5,,
118,3/13/2025 0:00,9.5,94,8.6,,
119,3/13/2025 0:30,9.5,94.5,8.7,,
120,3/13/2025 1:00,8.5,95,7.7,,
121,3/13/2025 1:30,8.5,95.5,7.8,,
122,3/13/2025 2:00,8.5,96.5,8,,
123,3/13/2025 2:30,9,94.5,8.2,,
124,3/13/2025 3:00,8.5,94.5,7.7,,
125,3/13/2025 3:30,7.5,95,6.8,,
126,3/13/2025 4:00,7.5,96.5,7,,
127,3/13/2025 4:30,7,96.5,6.5,,
128,3/13/2025 5:00,7.5,97,7.1,,
129,3/13/2025 5:30,7,96,6.4,,
130,3/13/2025 6:00,7.5,100,7.5,,
131,3/13/2025 6:30,9,88.5,7.2,,
132,3/13/2025 7:00,9.5,85,7.1,,
133,3/13/2025 7:30,8,88.5,6.2,,
134,3/13/2025 8:00,9,88.5,7.2,,
135,3/13/2025 8:30,10,82.5,7.2,,
136,3/13/2025 9:00,10.5,73.5,6,,
137,3/13/2025 9:30,11.5,74,7,,
138,3/13/2025 10:00,12,72,7.1,,
139,3/13/2025 10:30,12.5,72,7.6,,
140,3/13/2025 11:00,11.5,74.5,7.1,,
141,3/13/2025 11:30,12.5,72,7.6,,
142,3/13/2025 12:00,11.5,76,7.4,,
143,3/13/2025 12:30,14,67.5,8.1,,
144,3/13/2025 13:00,13,67,7,,
145,3/13/2025 13:30,13.5,68.5,7.8,,
146,3/13/2025 14:00,12.5,71.5,7.5,,
147,3/13/2025 14:30,13.5,64,6.8,,
148,3/13/2025 15:00,13.5,66,7.3,,
149,3/13/2025 15:30,13,66.5,6.9,,
150,3/13/2025 16:00,14,64.5,7.4,,
151,3/13/2025 16:30,12,73.5,7.4,,
152,3/13/2025 17:00,13.5,64,6.8,,
153,3/13/2025 17:30,13.5,63,6.6,,
154,3/13/2025 18:00,13,63.5,6.2,,
155,3/13/2025 18:30,12,63.5,5.3,,
156,3/13/2025 19:00,11.5,67.5,5.7,,
157,3/13/2025 19:30,10.5,71,5.5,,
158,3/13/2025 20:00,10,73.5,5.5,,
159,3/13/2025 20:30,10,74.5,5.7,,
160,3/13/2025 21:00,9.5,76.5,5.6,,
161,3/13/2025 21:30,9.5,78.5,6,,
162,3/13/2025 22:00,9,81,5.9,,
163,3/13/2025 22:30,9,78.5,5.5,,
164,3/13/2025 23:00,8.5,79,5.1,,
165,3/13/2025 23:30,8.5,81,5.4,,
166,3/14/2025 0:00,7,82.5,4.2,,
167,3/14/2025 0:30,7,85.5,4.7,,
168,3/14/2025 1:00,8,88,6.1,,
169,3/14/2025 1:30,8.5,82,5.6,,
170,3/14/2025 2:00,7,85,4.7,,
171,3/14/2025 2:30,6.5,87,4.5,,
172,3/14/2025 3:00,6,87.5,4.1,,
173,3/14/2025 3:30,5.5,89.5,3.9,,
174,3/14/2025 4:00,5.5,91,4.2,,
175,3/14/2025 4:30,6,91,4.6,,
176,3/14/2025 5:00,7,92.5,5.9,,
177,3/14/2025 5:30,7.5,90,6,,
178,3/14/2025 6:00,7.5,91.5,6.2,,
179,3/14/2025 6:30,7.5,93,6.4,,
180,3/14/2025 7:00,7.5,94.5,6.7,,
181,3/14/2025 7:30,7.5,93.5,6.5,,
182,3/14/2025 8:00,7.5,95,6.8,,
183,3/14/2025 8:30,7.5,97,7.1,,
184,3/14/2025 9:00,8,98,7.7,,
185,3/14/2025 9:30,8,97.5,7.6,,
186,3/14/2025 10:00,8.5,97.5,8.1,,
187,3/14/2025 10:30,8.5,97.5,8.1,,
188,3/14/2025 11:00,9,97,8.5,,
189,3/14/2025 11:30,9,97.5,8.6,,
190,3/14/2025 12:00,9.5,96,8.9,,
191,3/14/2025 12:30,10.5,93.5,9.5,,
192,3/14/2025 13:00,10,94.5,9.2,,
193,3/14/2025 13:30,10.5,95,9.7,,
194,3/14/2025 14:00,11.5,93,10.4,,
195,3/14/2025 14:30,12.5,88,10.6,,
196,3/14/2025 15:00,11.5,91.5,10.2,,
197,3/14/2025 15:30,13.5,84.5,10.9,,
198,3/14/2025 16:00,12.5,87.5,10.5,,
199,3/14/2025 16:30,13.5,82,10.5,,
200,3/14/2025 17:00,14,77.5,10.1,,
201,3/14/2025 17:30,12,83,9.2,,
202,3/14/2025 18:00,11.5,83.5,8.8,,
203,3/14/2025 18:30,11,85.5,8.7,,
204,3/14/2025 19:00,10.5,89,8.8,,
205,3/14/2025 19:30,10.5,90,8.9,,
206,3/14/2025 20:00,10,92,8.8,,
207,3/14/2025 20:30,9.5,95,8.7,,
208,3/14/2025 21:00,10,94,9.1,,
209,3/14/2025 21:30,10.5,93.5,9.5,,
210,3/14/2025 22:00,11,88,9.1,,
211,3/14/2025 22:30,11,86,8.8,,
212,3/14/2025 23:00,11.5,87.5,9.5,,
213,3/14/2025 23:30,11,85.5,8.7,,
214,3/15/2025 0:00,10.5,86,8.3,,
215,3/15/2025 0:30,10.5,86,8.3,,
216,3/15/2025 1:00,11,86.5,8.8,,
217,3/15/2025 1:30,11,85.5,8.7,,
218,3/15/2025 2:00,11,85,8.6,,
219,3/15/2025 2:30,11,85,8.6,,
220,3/15/2025 3:00,10.5,86.5,8.3,,
221,3/15/2025 3:30,10.5,86,8.3,,
222,3/15/2025 4:00,10.5,86,8.3,,
223,3/15/2025 4:30,10,87.5,8,,
224,3/15/2025 5:00,10,87.5,8,,
225,3/15/2025 5:30,10,86,7.8,,
226,3/15/2025 6:00,10,86.5,7.9,,
227,3/15/2025 6:30,10,87,7.9,,
228,3/15/2025 7:00,9.5,86,7.3,,
229,3/15/2025 7:30,9,84.5,6.5,,
230,3/15/2025 8:00,9,84,6.4,,
231,3/15/2025 8:30,10.5,76,6.5,,
232,3/15/2025 9:00,11.5,72,6.6,,
233,3/15/2025 9:30,12.5,68.5,6.9,,
234,3/15/2025 10:00,13,67,7,,
235,3/15/2025 10:30,14,67.5,8.1,,
236,3/15/2025 11:00,15,64.5,8.4,,
237,3/15/2025 11:30,15.5,61.5,8.1,,
238,3/15/2025 12:00,15.5,62,8.3,,
239,3/15/2025 12:30,16,63.5,9.1,,
240,3/15/2025 13:00,15.5,63.5,8.6,,
241,3/15/2025 13:30,16,62,8.7,,
242,3/15/2025 14:00,15.5,61.5,8.1,,
243,3/15/2025 14:30,16,62.5,8.8,,
244,3/15/2025 15:00,15.5,63,8.5,,
245,3/15/2025 15:30,15.5,67.5,9.5,,
246,3/15/2025 16:00,15.5,68.5,9.7,,
247,3/15/2025 16:30,15.5,69,9.8,,
248,3/15/2025 17:00,15,69.5,9.5,,
249,3/15/2025 17:30,15,65.5,8.6,,
250,3/15/2025 18:00,14.5,65.5,8.1,,
251,3/15/2025 18:30,14,67.5,8.1,,
252,3/15/2025 19:00,13,69.5,7.6,,
253,3/15/2025 19:30,12,74,7.5,,
254,3/15/2025 20:00,11.5,75,7.2,,
255,3/15/2025 20:30,11.5,79.5,8.1,,
256,3/15/2025 21:00,11,81,7.9,,
257,3/15/2025 21:30,11,83.5,8.3,,
258,3/15/2025 22:00,11,84,8.4,,
259,3/15/2025 22:30,11,84.5,8.5,,
260,3/15/2025 23:00,11,85.5,8.7,,
261,3/15/2025 23:30,11,83.5,8.3,,
262,3/16/2025 0:00,10.5,82.5,7.7,,
263,3/16/2025 0:30,9.5,83.5,6.8,,
264,3/16/2025 1:00,10,83,7.3,,
265,3/16/2025 1:30,10.5,81.5,7.5,,
266,3/16/2025 2:00,10.5,80,7.2,,
267,3/16/2025 2:30,9,84.5,6.5,,
268,3/16/2025 3:00,9.5,85,7.1,,
269,3/16/2025 3:30,8.5,84.5,6,,
270,3/16/2025 4:00,8,87,6,,
271,3/16/2025 4:30,8.5,88,6.6,,
272,3/16/2025 5:00,9,85,6.6,,
273,3/16/2025 5:30,8.5,87.5,6.5,,
274,3/16/2025 6:00,8.5,89,6.8,,
275,3/16/2025 6:30,6,88.5,4.2,,
276,3/16/2025 7:00,5,92.5,3.9,,
277,3/16/2025 7:30,4.5,93.5,3.5,,
278,3/16/2025 8:00,4,93.5,3,,
279,3/16/2025 8:30,6.5,95.5,5.8,,
280,3/16/2025 9:00,10.5,88.5,8.7,,
281,3/16/2025 9:30,15,68,9.1,,
282,3/16/2025 10:00,14.5,69.5,9,,
283,3/16/2025 10:30,15.5,66.5,9.3,,
284,3/16/2025 11:00,16.5,62.5,9.3,,
285,3/16/2025 11:30,16.5,63.5,9.6,,
286,3/16/2025 12:00,16,65,9.4,,
287,3/16/2025 12:30,17.5,63,10.4,,
288,3/16/2025 13:00,16,64.5,9.3,,
289,3/16/2025 13:30,18,60.5,10.3,,
290,3/16/2025 14:00,19,59,10.8,,
291,3/16/2025 14:30,18,62.5,10.7,,
292,3/16/2025 15:00,17.5,63.5,10.5,,
293,3/16/2025 15:30,18,65.5,11.4,,
294,3/16/2025 16:00,16.5,68.5,10.7,,
295,3/16/2025 16:30,18,64.5,11.2,,
296,3/16/2025 17:00,15.5,72,10.5,,
297,3/16/2025 17:30,15,76.5,10.9,,
298,3/16/2025 18:00,13.5,78.5,9.8,,
299,3/16/2025 18:30,13,83,10.2,,
300,3/16/2025 19:00,12.5,86,10.2,,
301,3/16/2025 19:30,12,84.5,9.5,,
302,3/16/2025 20:00,12,86.5,9.8,,
303,3/16/2025 20:30,11.5,85.5,9.2,,
304,3/16/2025 21:00,11,88,9.1,,
305,3/16/2025 21:30,10.5,92,9.3,,
306,3/16/2025 22:00,10.5,87,8.4,,
307,3/16/2025 22:30,9.5,86,7.3,,
308,3/16/2025 23:00,8,85,5.6,,
309,3/16/2025 23:30,8,87.5,6.1,,
310,3/17/2025 0:00,8.5,86,6.3,,
311,3/17/2025 0:30,9,83,6.3,,
312,3/17/2025 1:00,8.5,84.5,6,,
313,3/17/2025 1:30,7,87.5,5.1,,
314,3/17/2025 2:00,7,90,5.5,,
315,3/17/2025 2:30,6,90,4.5,,
316,3/17/2025 3:00,6.5,92,5.3,,
317,3/17/2025 3:30,7,93,5.9,,
318,3/17/2025 4:00,6,92.5,4.9,,
319,3/17/2025 4:30,6.5,94,5.6,,
320,3/17/2025 5:00,6.5,94.5,5.7,,
321,3/17/2025 5:30,7.5,95,6.8,,
322,3/17/2025 6:00,8,95.5,7.3,,
323,3/17/2025 6:30,9.5,95.5,8.8,,
324,3/17/2025 7:00,10,94.5,9.2,,
325,3/17/2025 7:30,10.5,91,9.1,,
326,3/17/2025 8:00,10.5,91,9.1,,
327,3/17/2025 8:30,11.5,88,9.6,,
328,3/17/2025 9:00,12,88,10.1,,
329,3/17/2025 9:30,12,92,10.7,,
330,3/17/2025 10:00,12,94.5,11.1,,
331,3/17/2025 10:30,12.5,95,11.7,,
332,3/17/2025 11:00,12.5,95.5,11.8,,
333,3/17/2025 11:30,13.5,94,12.6,,
334,3/17/2025 12:00,13,93,11.9,,
335,3/17/2025 12:30,14,90.5,12.5,,
336,3/17/2025 13:00,13.5,89.5,11.8,,
337,3/17/2025 13:30,14.5,86.5,12.3,,
338,3/17/2025 14:00,15,86,12.7,,
339,3/17/2025 14:30,16,82.5,13,,
340,3/17/2025 15:00,16.5,79.5,12.9,,
341,3/17/2025 15:30,16.5,77,12.5,,
342,3/17/2025 16:00,17,77,12.9,,
343,3/17/2025 16:30,16.5,71,11.2,,
344,3/17/2025 17:00,15.5,70.5,10.2,,
345,3/17/2025 17:30,15.5,68,9.6,,
346,3/17/2025 18:00,14.5,70,9.1,,
347,3/17/2025 18:30,14,71.5,8.9,,
348,3/17/2025 19:00,13,75,8.7,,
349,3/17/2025 19:30,12,81,8.8,,
350,3/17/2025 20:00,11.5,81.5,8.4,,
351,3/17/2025 20:30,11,81.5,8,,
352,3/17/2025 21:00,11,79,7.5,,
353,3/17/2025 21:30,11,82,8,,
354,3/17/2025 22:00,11,82.5,8.1,,
355,3/17/2025 22:30,10.5,82,7.6,,
356,3/17/2025 23:00,10.5,83,7.7,,
357,3/17/2025 23:30,10.5,80.5,7.3,,
358,3/18/2025 0:00,10,88.5,8.2,,
359,3/18/2025 0:30,10.5,86,8.3,,
360,3/18/2025 1:00,10.5,77,6.6,,
361,3/18/2025 1:30,10.5,77.5,6.7,,
362,3/18/2025 2:00,10.5,76.5,6.6,,
363,3/18/2025 2:30,10.5,76.5,6.6,,
364,3/18/2025 3:00,10.5,78,6.8,,
365,3/18/2025 3:30,11,76,6.9,,
366,3/18/2025 4:00,11,75.5,6.8,,
367,3/18/2025 4:30,10.5,77.5,6.7,,
368,3/18/2025 5:00,10.5,77,6.6,,
369,3/18/2025 5:30,10,79,6.5,,
370,3/18/2025 6:00,10,81.5,7,,
371,3/18/2025 6:30,10,82,7.1,,
372,3/18/2025 7:00,10,82.5,7.2,,
373,3/18/2025 7:30,10,83.5,7.3,,
374,3/18/2025 8:00,10,81.5,7,,
375,3/18/2025 8:30,11,76,6.9,,
376,3/18/2025 9:00,11.5,72.5,6.7,,
377,3/18/2025 9:30,12.5,70,7.2,,
378,3/18/2025 10:00,13,66,6.8,,
379,3/18/2025 10:30,14,62,6.8,,
380,3/18/2025 11:00,15.5,61.5,8.1,,
381,3/18/2025 11:30,16,57,7.5,,
382,3/18/2025 12:00,16,58.5,7.9,,
383,3/18/2025 12:30,16,59.5,8.1,,
384,3/18/2025 13:00,15,61.5,7.7,,
385,3/18/2025 13:30,15.5,62.5,8.4,,
386,3/18/2025 14:00,15.5,62.5,8.4,,
387,3/18/2025 14:30,15.5,65.5,9.1,,
388,3/18/2025 15:00,15.5,65.5,9.1,,
389,3/18/2025 15:30,15.5,66,9.2,,
390,3/18/2025 16:00,15.5,64.5,8.8,,
391,3/18/2025 16:30,15.5,65,9,,
392,3/18/2025 17:00,15.5,62.5,8.4,,
393,3/18/2025 17:30,15.5,61.5,8.1,,
394,3/18/2025 18:00,14.5,63,7.5,,
395,3/18/2025 18:30,14,64,7.3,,
396,3/18/2025 19:00,13,65,6.6,,
397,3/18/2025 19:30,12,68.5,6.4,,
398,3/18/2025 20:00,11,71,6,,
399,3/18/2025 20:30,11,74,6.6,,
400,3/18/2025 21:00,11,72,6.2,,
401,3/18/2025 21:30,11,68.5,5.4,,
402,3/18/2025 22:00,11,68.5,5.4,,
403,3/18/2025 22:30,11,75,6.7,,
404,3/18/2025 23:00,11,73.5,6.5,,
405,3/18/2025 23:30,11.5,70,6.2,,
406,3/19/2025 0:00,11.5,75,7.2,,
407,3/19/2025 0:30,11,77.5,7.2,,
408,3/19/2025 1:00,11.5,68,5.8,,
409,3/19/2025 1:30,11,68,5.3,,
410,3/19/2025 2:00,12,58.5,4.1,,
411,3/19/2025 2:30,11.5,60,4,,
412,3/19/2025 3:00,12.5,52,2.9,,
413,3/19/2025 3:30,11.5,55.5,2.9,,
414,3/19/2025 4:00,12,52,2.5,,
415,3/19/2025 4:30,11,52,1.5,,
416,3/19/2025 5:00,11,51,1.3,,
417,3/19/2025 5:30,10.5,54,1.6,,
418,3/19/2025 6:00,10.5,48,0,,
419,3/19/2025 6:30,9.5,52,0.1,,
420,3/19/2025 7:00,9,52.5,-0.2,,
421,3/19/2025 7:30,9,54.5,0.3,,
422,3/19/2025 8:00,7.5,59,0,,
423,3/19/2025 8:30,13,49,2.5,,
424,3/19/2025 9:00,14.5,48,3.6,,
425,3/19/2025 9:30,15,57.5,6.7,,
426,3/19/2025 10:00,15.5,48.5,4.7,,
427,3/19/2025 10:30,17.5,42.5,4.6,,
428,3/19/2025 11:00,17.5,41.5,4.3,,
429,3/19/2025 11:30,20,33.5,3.5,,
430,3/19/2025 12:00,20,33,3.3,,
431,3/19/2025 12:30,18.5,46,6.7,,
432,3/19/2025 13:00,18,54,8.6,,
433,3/19/2025 13:30,18,53,8.3,,
434,3/19/2025 14:00,18.5,55,9.3,,
435,3/19/2025 14:30,18,62,10.6,,
436,3/19/2025 15:00,19,56,10,,
437,3/19/2025 15:30,19,56,10,,
438,3/19/2025 16:00,18,58.5,9.7,,
439,3/19/2025 16:30,16.5,58.5,8.3,,
440,3/19/2025 17:00,17.5,55.5,8.5,,
441,3/19/2025 17:30,17,56,8.2,,
442,3/19/2025 18:00,16,58,7.7,,
443,3/19/2025 18:30,15.5,59.5,7.7,,
444,3/19/2025 19:00,15,53,5.5,,
445,3/19/2025 19:30,14.5,46.5,3.2,,
446,3/19/2025 20:00,13,45,1.4,,
447,3/19/2025 20:30,12.5,43.5,0.4,,
448,3/19/2025 21:00,12,42,-0.5,,
449,3/19/2025 21:30,12,49.5,1.8,,
450,3/19/2025 22:00,11,55,2.3,,
451,3/19/2025 22:30,11,56.5,2.7,,
452,3/19/2025 23:00,11,54.5,2.2,,
453,3/19/2025 23:30,11,63,4.2,,
454,3/20/2025 0:00,10.5,65,4.2,,
455,3/20/2025 0:30,10.5,63,3.8,,
456,3/20/2025 1:00,11,57.5,2.9,,
457,3/20/2025 1:30,10.5,57,2.4,,
458,3/20/2025 2:00,11,56,2.6,,
459,3/20/2025 2:30,10.5,54.5,1.7,,
460,3/20/2025 3:00,10.5,51,0.8,,
461,3/20/2025 3:30,10.5,48,0,,
462,3/20/2025 4:00,11,45,-0.5,,
463,3/20/2025 4:30,10.5,54,1.6,,
464,3/20/2025 5:00,10,54.5,1.3,,
465,3/20/2025 5:30,10,61,2.8,,
466,3/20/2025 6:00,9.5,58.5,1.8,,
467,3/20/2025 6:30,8.5,63,1.9,,
468,3/20/2025 7:00,10,62.5,3.2,,
469,3/20/2025 7:30,9.5,64,3,,
470,3/20/2025 8:00,10.5,67.5,4.7,,
471,3/20/2025 8:30,12,61,4.7,,
472,3/20/2025 9:00,13,61,5.7,,
473,3/20/2025 9:30,13.5,61,6.1,,
474,3/20/2025 10:00,14,60,6.4,,
475,3/20/2025 10:30,15.5,61.5,8.1,,
476,3/20/2025 11:00,16,60.5,8.4,,
477,3/20/2025 11:30,16,62.5,8.8,,
478,3/20/2025 12:00,16,65,9.4,,
479,3/20/2025 12:30,16.5,59.5,8.6,,
480,3/20/2025 13:00,16.5,61,9,,
481,3/20/2025 13:30,16.5,61.5,9.1,,
482,3/20/2025 14:00,16,64,9.2,,
483,3/20/2025 14:30,16,65.5,9.5,,
484,3/20/2025 15:00,16,66,9.7,,
485,3/20/2025 15:30,15.5,67,9.4,,
486,3/20/2025 16:00,15.5,66,9.2,,
487,3/20/2025 16:30,16,65.5,9.5,,
488,3/20/2025 17:00,16.5,61.5,9.1,,
489,3/20/2025 17:30,16.5,61.5,9.1,,
490,3/20/2025 18:00,16,61.5,8.6,,
491,3/20/2025 18:30,15,61,7.5,,
492,3/20/2025 19:00,14,62.5,7,,
493,3/20/2025 19:30,13,67.5,7.1,,
494,3/20/2025 20:00,12.5,68,6.8,,
495,3/20/2025 20:30,12,69.5,6.6,,
496,3/20/2025 21:00,11.5,73.5,6.9,,
497,3/20/2025 21:30,11.5,77,7.6,,
498,3/20/2025 22:00,11.5,78,7.8,,
499,3/20/2025 22:30,12,74,7.5,,
500,3/20/2025 23:00,12,72.5,7.2,,
501,3/20/2025 23:30,11.5,77,7.6,,
502,3/21/2025 0:00,12,76,7.9,,
503,3/21/2025 0:30,12.5,67,6.5,,
504,3/21/2025 1:00,14.5,56,5.8,,
505,3/21/2025 1:30,14.5,52,4.8,,
506,3/21/2025 2:00,12.5,57,4.2,,
507,3/21/2025 2:30,13.5,53,4.1,,
508,3/21/2025 3:00,14,52,4.3,,
509,3/21/2025 3:30,13.5,55,4.6,,
510,3/21/2025 4:00,12.5,56,4,,
511,3/21/2025 4:30,14,53,4.6,,
512,3/21/2025 5:00,14,54.5,5,,
513,3/21/2025 5:30,13,61.5,5.8,,
514,3/21/2025 6:00,13.5,59.5,5.8,,
515,3/21/2025 6:30,14,55.5,5.2,,
516,3/21/2025 7:00,13,61,5.7,,
517,3/21/2025 7:30,12,64,5.4,,
518,3/21/2025 8:00,11.5,67.5,5.7,,
519,3/21/2025 8:30,14,63.5,7.2,,
520,3/21/2025 9:00,16.5,52,6.6,,
521,3/21/2025 9:30,17.5,52.5,7.7,,
522,3/21/2025 10:00,19,47.5,7.6,,
523,3/21/2025 10:30,18,52,8,,
524,3/21/2025 11:00,18,53.5,8.4,,
525,3/21/2025 11:30,18.5,53.5,8.9,,
526,3/21/2025 12:00,18,54.5,8.7,,
527,3/21/2025 12:30,18.5,55,9.3,,
528,3/21/2025 13:00,18.5,55.5,9.4,,
529,3/21/2025 13:30,18,56,9.1,,
530,3/21/2025 14:00,19,53,9.2,,
531,3/21/2025 14:30,17,60,9.2,,
532,3/21/2025 15:00,17.5,56,8.6,,
533,3/21/2025 15:30,17,57.5,8.6,,
534,3/21/2025 16:00,18,52,8,,
535,3/21/2025 16:30,18,49,7.1,,
536,3/21/2025 17:00,17.5,48.5,6.5,,
537,3/21/2025 17:30,16.5,54.5,7.3,,
538,3/21/2025 18:00,16,58,7.7,,
539,3/21/2025 18:30,15.5,60,7.8,,
540,3/21/2025 19:00,14,62.5,7,,
541,3/21/2025 19:30,13.5,60.5,6,,
542,3/21/2025 20:00,12.5,68,6.8,,
543,3/21/2025 20:30,13,66.5,6.9,,
544,3/21/2025 21:00,13.5,63,6.6,,
545,3/21/2025 21:30,13,65.5,6.7,,
546,3/21/2025 22:00,12,75,7.7,,
547,3/21/2025 22:30,12,75,7.7,,
548,3/21/2025 23:00,11.5,80,8.2,,
549,3/21/2025 23:30,11.5,80.5,8.3,,
550,3/22/2025 0:00,11,81.5,8,,
551,3/22/2025 0:30,12,78,8.3,,
552,3/22/2025 1:00,12,74,7.5,,
553,3/22/2025 1:30,12,74,7.5,,
554,3/22/2025 2:00,11.5,78.5,7.9,,
555,3/22/2025 2:30,11.5,76,7.4,,
556,3/22/2025 3:00,12,71.5,7,,
557,3/22/2025 3:30,12.5,68,6.8,,
558,3/22/2025 4:00,12,72,7.1,,
559,3/22/2025 4:30,13,60,5.4,,
560,3/22/2025 5:00,11.5,72,6.6,,
561,3/22/2025 5:30,11.5,76.5,7.5,,
562,3/22/2025 6:00,11.5,73,6.8,,
563,3/22/2025 6:30,11.5,74,7,,
564,3/22/2025 7:00,12,73.5,7.4,,
565,3/22/2025 7:30,12,73,7.3,,
566,3/22/2025 8:00,12,73.5,7.4,,
567,3/22/2025 8:30,13.5,70.5,8.2,,
568,3/22/2025 9:00,14.5,64.5,7.9,,
569,3/22/2025 9:30,15,63,8,,
570,3/22/2025 10:00,16.5,59,8.5,,
571,3/22/2025 10:30,17,60,9.2,,
572,3/22/2025 11:00,18,57,9.4,,
573,3/22/2025 11:30,17.5,57.5,9,,
574,3/22/2025 12:00,16.5,61,9,,
575,3/22/2025 12:30,17,62,9.7,,
576,3/22/2025 13:00,17.5,59,9.4,,
577,3/22/2025 13:30,18.5,56.5,9.7,,
578,3/22/2025 14:00,17,60,9.2,,
579,3/22/2025 14:30,16.5,63.5,9.6,,
580,3/22/2025 15:00,16.5,61,9,,
581,3/22/2025 15:30,18.5,53,8.7,,
582,3/22/2025 16:00,18,54,8.6,,
583,3/22/2025 16:30,18.5,56,9.6,,
584,3/22/2025 17:00,17.5,58,9.2,,
585,3/22/2025 17:30,16.5,62,9.2,,
586,3/22/2025 18:00,16.5,64.5,9.8,,
587,3/22/2025 18:30,15.5,67.5,9.5,,
588,3/22/2025 19:00,15,66,8.7,,
589,3/22/2025 19:30,13.5,71.5,8.5,,
590,3/22/2025 20:00,13,74.5,8.6,,
591,3/22/2025 20:30,13,75.5,8.8,,
592,3/22/2025 21:00,12.5,79,9,,
593,3/22/2025 21:30,12,81,8.8,,
594,3/22/2025 22:00,11.5,84,8.9,,
595,3/22/2025 22:30,11.5,85.5,9.2,,
596,3/22/2025 23:00,11.5,85.5,9.2,,
597,3/22/2025 23:30,11.5,87.5,9.5,,
598,3/23/2025 0:00,12,84.5,9.5,,
599,3/23/2025 0:30,12,84,9.4,,
600,3/23/2025 1:00,12.5,81,9.3,,
601,3/23/2025 1:30,11.5,85.5,9.2,,
602,3/23/2025 2:00,11.5,85,9.1,,
603,3/23/2025 2:30,12,83.5,9.3,,
604,3/23/2025 3:00,12,84,9.4,,
605,3/23/2025 3:30,11.5,85.5,9.2,,
606,3/23/2025 4:00,12,84,9.4,,
607,3/23/2025 4:30,11.5,85.5,9.2,,
608,3/23/2025 5:00,11.5,84.5,9,,
609,3/23/2025 5:30,11.5,84.5,9,,
610,3/23/2025 6:00,11,87,8.9,,
611,3/23/2025 6:30,12,82,9,,
612,3/23/2025 7:00,11.5,83.5,8.8,,
613,3/23/2025 7:30,11.5,81,8.4,,
614,3/23/2025 8:00,12.5,80,9.1,,
615,3/23/2025 8:30,14,75.5,9.7,,
616,3/23/2025 9:00,16.5,63.5,9.6,,
617,3/23/2025 9:30,19,55.5,9.9,,
618,3/23/2025 10:00,21,51.5,10.6,,
619,3/23/2025 10:30,21,50.5,10.3,,
620,3/23/2025 11:00,17.5,60,9.7,,
621,3/23/2025 11:30,20,55,10.7,,
622,3/23/2025 12:00,21.5,49,10.3,,
623,3/23/2025 12:30,22.5,47,10.6,,
624,3/23/2025 13:00,21.5,49,10.3,,
625,3/23/2025 13:30,21.5,53,11.5,,
626,3/23/2025 14:00,20,56.5,11.1,,
627,3/23/2025 14:30,21,52.5,10.9,,
628,3/23/2025 15:00,21,54,11.3,,
629,3/23/2025 15:30,21,52.5,10.9,,
630,3/23/2025 16:00,20,55,10.7,,
631,3/23/2025 16:30,20,55.5,10.8,,
632,3/23/2025 17:00,19,58.5,10.7,,
633,3/23/2025 17:30,20,56.5,11.1,,
634,3/23/2025 18:00,22.5,48,10.9,,
635,3/23/2025 18:30,19.5,55,10.2,,
636,3/23/2025 19:00,17,61,9.4,,
637,3/23/2025 19:30,15.5,64.5,8.8,,
638,3/23/2025 20:00,14.5,70,9.1,,
639,3/23/2025 20:30,14,71.5,8.9,,
640,3/23/2025 21:00,13,75,8.7,,
641,3/23/2025 21:30,14,75.5,9.7,,
642,3/23/2025 22:00,14,76.5,9.9,,
643,3/23/2025 22:30,13,85.5,10.6,,
644,3/23/2025 23:00,13,87,10.9,,
645,3/23/2025 23:30,11.5,88.5,9.7,,
646,3/24/2025 0:00,12,90,10.4,,
647,3/24/2025 0:30,11.5,91.5,10.2,,
648,3/24/2025 1:00,11.5,91,10.1,,
649,3/24/2025 1:30,11.5,93,10.4,,
650,3/24/2025 2:00,12,94.5,11.1,,
651,3/24/2025 2:30,12.5,93,11.4,,
652,3/24/2025 3:00,12.5,90,10.9,,
653,3/24/2025 3:30,12.5,93.5,11.5,,
654,3/24/2025 4:00,12,95.5,11.3,,
655,3/24/2025 4:30,12.5,93.5,11.5,,
656,3/24/2025 5:00,12.5,93.5,11.5,,
657,3/24/2025 5:30,12.5,92,11.2,,
658,3/24/2025 6:00,12,91.5,10.7,,
659,3/24/2025 6:30,10.5,91.5,9.2,,
660,3/24/2025 7:00,10,93.5,9,,
661,3/24/2025 7:30,11,95.5,10.3,,
662,3/24/2025 8:00,11.5,96.5,11,,
663,3/24/2025 8:30,12,97.5,11.6,,
664,3/24/2025 9:00,12,98,11.7,,
665,3/24/2025 9:30,14,95.5,13.3,,
666,3/24/2025 10:00,16.5,82,13.4,,
667,3/24/2025 10:30,18.5,72,13.4,,
668,3/24/2025 11:00,19.5,65.5,12.9,,
669,3/24/2025 11:30,19.5,63.5,12.4,,
670,3/24/2025 12:00,20,62.5,12.6,,
671,3/24/2025 12:30,21.5,60,13.4,,
672,3/24/2025 13:00,21,60,12.9,,
673,3/24/2025 13:30,21,57.5,12.3,,
674,3/24/2025 14:00,20,63.5,12.9,,
675,3/24/2025 14:30,20,64,13,,
676,3/24/2025 15:00,20,65.5,13.3,,
677,3/24/2025 15:30,19.5,65,12.7,,
678,3/24/2025 16:00,21,59,12.7,,
679,3/24/2025 16:30,20,64,13,,
680,3/24/2025 17:00,19.5,64,12.5,,
681,3/24/2025 17:30,19.5,64.5,12.6,,
682,3/24/2025 18:00,18.5,66.5,12.1,,
683,3/24/2025 18:30,17.5,69.5,11.9,,
684,3/24/2025 19:00,16,71.5,10.9,,
685,3/24/2025 19:30,14.5,78,10.7,,
686,3/24/2025 20:00,13,82.5,10.1,,
687,3/24/2025 20:30,12,83.5,9.3,,
688,3/24/2025 21:00,11.5,86,9.2,,
689,3/24/2025 21:30,10.5,87.5,8.5,,
690,3/24/2025 22:00,11,88.5,9.2,,
691,3/24/2025 22:30,13.5,87,11.4,,
692,3/24/2025 23:00,13.5,88.5,11.6,,
693,3/24/2025 23:30,13,91,11.6,,
694,3/25/2025 0:00,12.5,91.5,11.2,,
695,3/25/2025 0:30,12.5,92.5,11.3,,
696,3/25/2025 1:00,12.5,95,11.7,,
697,3/25/2025 1:30,13,94.5,12.1,,
698,3/25/2025 2:00,13,94,12.1,,
699,3/25/2025 2:30,12.5,96.5,12,,
700,3/25/2025 3:00,13,97,12.5,,
701,3/25/2025 3:30,12,97.5,11.6,,
702,3/25/2025 4:00,12,98,11.7,,
703,3/25/2025 4:30,11.5,98.5,11.3,,
704,3/25/2025 5:00,11.5,98.5,11.3,,
705,3/25/2025 5:30,11.5,99,11.3,,
706,3/25/2025 6:00,11.5,99,11.3,,
707,3/25/2025 6:30,12,99,11.8,,
708,3/25/2025 7:00,12,99,11.8,,
709,3/25/2025 7:30,11.5,99,11.3,,
710,3/25/2025 8:00,12,99,11.8,,
711,3/25/2025 8:30,12,99.5,11.9,,
712,3/25/2025 9:00,12,99,11.8,,
713,3/25/2025 9:30,12.5,99,12.3,,
714,3/25/2025 10:00,12.5,98,12.2,,
715,3/25/2025 10:30,12.5,98,12.2,,
716,3/25/2025 11:00,13,96.5,12.5,,
717,3/25/2025 11:30,14,92,12.7,,
718,3/25/2025 12:00,14,90,12.4,,
719,3/25/2025 12:30,14.5,86,12.2,,
720,3/25/2025 13:00,15,86,12.7,,
721,3/25/2025 13:30,14.5,84,11.8,,
722,3/25/2025 14:00,16,80,12.6,,
723,3/25/2025 14:30,15.5,81.5,12.3,,
724,3/25/2025 15:00,15,82,12,,
725,3/25/2025 15:30,17,75,12.5,,
726,3/25/2025 16:00,18,71.5,12.8,,
727,3/25/2025 16:30,15,80,11.6,,
728,3/25/2025 17:00,14.5,82,11.5,,
729,3/25/2025 17:30,14,84,11.3,,
730,3/25/2025 18:00,13.5,86.5,11.3,,
731,3/25/2025 18:30,13,87.5,11,,
732,3/25/2025 19:00,13,89,11.2,,
733,3/25/2025 19:30,12.5,90,10.9,,
734,3/25/2025 20:00,12.5,91,11.1,,
735,3/25/2025 20:30,12.5,91.5,11.2,,
736,3/25/2025 21:00,12,92.5,10.8,,
737,3/25/2025 21:30,12,93,10.9,,
738,3/25/2025 22:00,12,93,10.9,,
739,3/25/2025 22:30,12,92.5,10.8,,
740,3/25/2025 23:00,12,93,10.9,,
741,3/25/2025 23:30,12,92.5,10.8,,
742,3/26/2025 0:00,12,92,10.7,,
743,3/26/2025 0:30,12,91.5,10.7,,
744,3/26/2025 1:00,12,90.5,10.5,,
745,3/26/2025 1:30,12,91,10.6,,
746,3/26/2025 2:00,12.5,91,11.1,,
747,3/26/2025 2:30,12.5,90,10.9,,
748,3/26/2025 3:00,12.5,89.5,10.8,,
749,3/26/2025 3:30,12.5,89,10.7,,
750,3/26/2025 4:00,12.5,89,10.7,,
751,3/26/2025 4:30,12.5,88.5,10.7,,
752,3/26/2025 5:00,12.5,91,11.1,,
753,3/26/2025 5:30,12,93.5,11,,
754,3/26/2025 6:00,12,94,11.1,,
755,3/26/2025 6:30,12,94,11.1,,
756,3/26/2025 7:00,12,94.5,11.1,,
757,3/26/2025 7:30,12,91.5,10.7,,
758,3/26/2025 8:00,12.5,88.5,10.7,,
759,3/26/2025 8:30,13,91,11.6,,
760,3/26/2025 9:00,13,90.5,11.5,,
761,3/26/2025 9:30,13.5,86.5,11.3,,
762,3/26/2025 10:00,13.5,89,11.7,,
763,3/26/2025 10:30,14,86,11.7,,
764,3/26/2025 11:00,15,78.5,11.3,,
765,3/26/2025 11:30,15,82.5,12,,
766,3/26/2025 12:00,15.5,81.5,12.3,,
767,3/26/2025 12:30,16.5,80.5,13.1,,
768,3/26/2025 13:00,17.5,75.5,13.1,,
769,3/26/2025 13:30,17,75.5,12.6,,
770,3/26/2025 14:00,18,72,12.9,,
771,3/26/2025 14:30,18.5,69,12.7,,
772,3/26/2025 15:00,17.5,70.5,12.1,,
773,3/26/2025 15:30,18,69.5,12.3,,
774,3/26/2025 16:00,18,68,12,,
775,3/26/2025 16:30,16.5,76,12.3,,
776,3/26/2025 17:00,16,74,11.4,,
777,3/26/2025 17:30,15.5,76.5,11.4,,
778,3/26/2025 18:00,15.5,74,10.9,,
779,3/26/2025 18:30,14.5,80,11.1,,
780,3/26/2025 19:00,14,82.5,11.1,,
781,3/26/2025 19:30,13.5,85,11,,
782,3/26/2025 20:00,13,83.5,10.3,,
783,3/26/2025 20:30,13,86,10.7,,
784,3/26/2025 21:00,13,86.5,10.8,,
785,3/26/2025 21:30,13,87,10.9,,
786,3/26/2025 22:00,13,87.5,11,,
787,3/26/2025 22:30,12,88.5,10.2,,
788,3/26/2025 23:00,12,90.5,10.5,,
789,3/26/2025 23:30,12,91,10.6,,
790,3/27/2025 0:00,11.5,91.5,10.2,,
791,3/27/2025 0:30,10.5,91.5,9.2,,
792,3/27/2025 1:00,9,92,7.8,,
793,3/27/2025 1:30,9.5,94,8.6,,
794,3/27/2025 2:00,10.5,95.5,9.8,,
795,3/27/2025 2:30,11.5,94.5,10.6,,
796,3/27/2025 3:00,11,94.5,10.2,,
797,3/27/2025 3:30,9.5,93.5,8.5,,
798,3/27/2025 4:00,9.5,95,8.7,,
799,3/27/2025 4:30,9,95,8.2,,
800,3/27/2025 5:00,10.5,94,9.6,,
801,3/27/2025 5:30,10.5,96,9.9,,
802,3/27/2025 6:00,11.5,95,10.7,,
803,3/27/2025 6:30,11.5,94,10.6,,
804,3/27/2025 7:00,11,94.5,10.2,,
805,3/27/2025 7:30,10.5,94.5,9.7,,
806,3/27/2025 8:00,11.5,95.5,10.8,,
807,3/27/2025 8:30,13.5,94.5,12.6,,
808,3/27/2025 9:00,14,88.5,12.1,,
809,3/27/2025 9:30,14,88,12,,
810,3/27/2025 10:00,14.5,89,12.7,,
811,3/27/2025 10:30,16.5,82.5,13.5,,
812,3/27/2025 11:00,17.5,78.5,13.7,,
813,3/27/2025 11:30,18.5,74,13.8,,
814,3/27/2025 12:00,19,72,13.8,,
815,3/27/2025 12:30,19.5,71.5,14.2,,
816,3/27/2025 13:00,20,70.5,14.5,,
817,3/27/2025 13:30,19.5,70,13.9,,
818,3/27/2025 14:00,18.5,71.5,13.3,,
819,3/27/2025 14:30,17.5,76,13.2,,
820,3/27/2025 15:00,17,77,12.9,,
821,3/27/2025 15:30,17.5,76.5,13.3,,
822,3/27/2025 16:00,17.5,75,13,,
823,3/27/2025 16:30,17.5,74,12.8,,
824,3/27/2025 17:00,15,84,12.3,,
825,3/27/2025 17:30,15.5,81,12.3,,
826,3/27/2025 18:00,14,86,11.7,,
827,3/27/2025 18:30,14.5,84,11.8,,
828,3/27/2025 19:00,14,86.5,11.8,,
829,3/27/2025 19:30,13,90.5,11.5,,
830,3/27/2025 20:00,13,89.5,11.3,,
831,3/27/2025 20:30,13.5,88,11.6,,
832,3/27/2025 21:00,13.5,89.5,11.8,,
833,3/27/2025 21:30,13.5,91,12.1,,
834,3/27/2025 22:00,13,92,11.7,,
835,3/27/2025 22:30,13.5,89,11.7,,
836,3/27/2025 23:00,13.5,88,11.6,,
837,3/27/2025 23:30,13.5,90.5,12,,
838,3/28/2025 0:00,13,93,11.9,,
839,3/28/2025 0:30,12.5,95,11.7,,
840,3/28/2025 1:00,12.5,95,11.7,,
841,3/28/2025 1:30,13,92.5,11.8,,
842,3/28/2025 2:00,13,87.5,11,,
843,3/28/2025 2:30,13,85.5,10.6,,
844,3/28/2025 3:00,12.5,86,10.2,,
845,3/28/2025 3:30,12.5,88,10.6,,
846,3/28/2025 4:00,12.5,89,10.7,,
847,3/28/2025 4:30,12,90.5,10.5,,
848,3/28/2025 5:00,12,90.5,10.5,,
849,3/28/2025 5:30,12,90.5,10.5,,
850,3/28/2025 6:00,12,90,10.4,,
851,3/28/2025 6:30,12,89.5,10.3,,
852,3/28/2025 7:00,12,89.5,10.3,,
853,3/28/2025 7:30,12,89,10.2,,
854,3/28/2025 8:00,12,87.5,10,,
855,3/28/2025 8:30,13.5,83.5,10.8,,
856,3/28/2025 9:00,15,77,11,,
857,3/28/2025 9:30,16,75,11.6,,
858,3/28/2025 10:00,16.5,72,11.4,,
859,3/28/2025 10:30,17,68,11.1,,
860,3/28/2025 11:00,17.5,67,11.3,,
861,3/28/2025 11:30,18,64.5,11.2,,
862,3/28/2025 12:00,17.5,71,12.2,,
863,3/28/2025 12:30,17,73,12.1,,
864,3/28/2025 13:00,17.5,70.5,12.1,,
865,3/28/2025 13:30,17.5,72,12.4,,
866,3/28/2025 14:00,17.5,72,12.4,,
867,3/28/2025 14:30,17.5,69.5,11.9,,
868,3/28/2025 15:00,17.5,69,11.8,,
869,3/28/2025 15:30,17,72,11.9,,
870,3/28/2025 16:00,17.5,69,11.8,,
871,3/28/2025 16:30,17.5,66,11.1,,
872,3/28/2025 17:00,16.5,65.5,10,,
873,3/28/2025 17:30,16,71,10.7,,
874,3/28/2025 18:00,14.5,77,10.5,,
875,3/28/2025 18:30,15,73.5,10.3,,
876,3/28/2025 19:00,14,68,8.2,,
877,3/28/2025 19:30,13,73.5,8.4,,
878,3/28/2025 20:00,12.5,78,8.8,,
879,3/28/2025 20:30,12,78,8.3,,
880,3/28/2025 21:00,12,78,8.3,,
881,3/28/2025 21:30,12,82.5,9.1,,
882,3/28/2025 22:00,12,81,8.8,,
883,3/28/2025 22:30,11.5,81,8.4,,
884,3/28/2025 23:00,11.5,82,8.5,,
885,3/28/2025 23:30,11.5,81.5,8.4,,
886,3/29/2025 0:00,11.5,80,8.2,,
887,3/29/2025 0:30,11.5,82,8.5,,
888,3/29/2025 1:00,11.5,82.5,8.6,,
889,3/29/2025 1:30,11.5,83.5,8.8,,
890,3/29/2025 2:00,11,83.5,8.3,,
891,3/29/2025 2:30,11,83,8.2,,
892,3/29/2025 3:00,11,82,8,,
893,3/29/2025 3:30,11,84,8.4,,
894,3/29/2025 4:00,11,84,8.4,,
895,3/29/2025 4:30,10.5,84,7.9,,
896,3/29/2025 5:00,10.5,86,8.3,,
897,3/29/2025 5:30,10.5,81,7.4,,
898,3/29/2025 6:00,10.5,79.5,7.1,,
899,3/29/2025 6:30,10.5,83.5,7.8,,
900,3/29/2025 7:00,10,83,7.3,,
901,3/29/2025 7:30,10,82,7.1,,
902,3/29/2025 8:00,10.5,79.5,7.1,,
903,3/29/2025 8:30,12,74.5,7.6,,
904,3/29/2025 9:00,13,68.5,7.3,,
905,3/29/2025 9:30,14,64,7.3,,
906,3/29/2025 10:00,13.5,64.5,6.9,,
907,3/29/2025 10:30,16,60,8.2,,
908,3/29/2025 11:00,16,59.5,8.1,,
909,3/29/2025 11:30,15.5,61,8,,
910,3/29/2025 12:00,16.5,56.5,7.8,,
911,3/29/2025 12:30,17,58.5,8.8,,
912,3/29/2025 13:00,16,60.5,8.4,,
913,3/29/2025 13:30,16,59.5,8.1,,
914,3/29/2025 14:00,16,57,7.5,,
915,3/29/2025 14:30,16.5,59,8.5,,
916,3/29/2025 15:00,16.5,60,8.7,,
917,3/29/2025 15:30,17,59.5,9.1,,
918,3/29/2025 16:00,14.5,68,8.7,,
919,3/29/2025 16:30,14.5,70.5,9.2,,
920,3/29/2025 17:00,14,71,8.8,,
921,3/29/2025 17:30,13.5,72.5,8.7,,
922,3/29/2025 18:00,14,70.5,8.7,,
923,3/29/2025 18:30,13,72.5,8.2,,
924,3/29/2025 19:00,12.5,73.5,7.9,,
925,3/29/2025 19:30,13,77.5,9.2,,
926,3/29/2025 20:00,12.5,74.5,8.1,,
927,3/29/2025 20:30,17,76,12.7,,
928,3/29/2025 21:00,18,73,13.1,,
929,3/29/2025 21:30,18,72.5,13,,
930,3/29/2025 22:00,17.5,72,12.4,,
931,3/29/2025 22:30,17,71.5,11.8,,
932,3/29/2025 23:00,16.5,71,11.2,,
933,3/29/2025 23:30,16,71,10.7,,
934,3/30/2025 0:00,16,70.5,10.6,,
935,3/30/2025 0:30,15.5,70.5,10.2,,
936,3/30/2025 1:00,15.5,70,10.1,,
937,3/30/2025 1:30,15,70,9.6,,
938,3/30/2025 2:00,15,70,9.6,,
939,3/30/2025 2:30,15,69.5,9.5,,
940,3/30/2025 3:00,14.5,69.5,9,,
941,3/30/2025 3:30,14.5,69.5,9,,
942,3/30/2025 4:00,14.5,69.5,9,,
943,3/30/2025 4:30,14,69.5,8.5,,
944,3/30/2025 5:00,14,69.5,8.5,,
945,3/30/2025 5:30,14,69.5,8.5,,
946,3/30/2025 6:00,14,69.5,8.5,,
947,3/30/2025 6:30,13.5,69.5,8,,
948,3/30/2025 7:00,13.5,69.5,8,,
949,3/30/2025 7:30,13.5,69.5,8,,
950,3/30/2025 8:00,13.5,69.5,8,,
951,3/30/2025 8:30,13.5,69.5,8,,
952,3/30/2025 9:00,13.5,69.5,8,,
953,3/30/2025 9:30,13.5,69.5,8,,
954,3/30/2025 10:00,13.5,70,8.1,,
955,3/30/2025 10:30,13.5,70,8.1,,
956,3/30/2025 11:00,14,70,8.6,,
957,3/30/2025 11:30,14,70,8.6,,
958,3/30/2025 12:00,14,70,8.6,,
959,3/30/2025 12:30,14.5,70,9.1,,
960,3/30/2025 13:00,15,70,9.6,,
961,3/30/2025 13:30,15,70,9.6,,
962,3/30/2025 14:00,15.5,70,10.1,,
